2023-08-28 15:17:19.860 WARN  main com.alibaba.cloud.nacos.client.NacosPropertySourceBuilder TID:  - Ignore the empty nacos configuration and get it based on dataId[template-dev.yaml] & group[dev]
2023-08-28 15:17:19.904 WARN  main com.alibaba.cloud.nacos.client.NacosPropertySourceBuilder TID:  - Ignore the empty nacos configuration and get it based on dataId[template] & group[DEFAULT_GROUP]
2023-08-28 15:17:19.913 WARN  main com.alibaba.cloud.nacos.client.NacosPropertySourceBuilder TID:  - Ignore the empty nacos configuration and get it based on dataId[template.yaml] & group[DEFAULT_GROUP]
2023-08-28 15:17:21.613 WARN  main org.springframework.boot.actuate.endpoint.EndpointId - Endpoint ID 'service-registry' contains invalid characters, please migrate to a valid format.
2023-08-28 15:17:24.503 WARN  main com.netflix.config.sources.URLConfigurationSource TID:  - No URLs will be polled as dynamic configuration sources.
2023-08-28 15:17:24.515 WARN  main com.netflix.config.sources.URLConfigurationSource TID:  - No URLs will be polled as dynamic configuration sources.
2023-08-28 15:17:29.070 WARN  main org.springframework.cloud.loadbalancer.config.BlockingLoadBalancerClientAutoConfiguration$BlockingLoadBalancerClientRibbonWarnLogger - You already have RibbonLoadBalancerClient on your classpath. It will be used by default. As Spring Cloud Ribbon is in maintenance mode. We recommend switching to BlockingLoadBalancerClient instead. In order to use it, set the value of `spring.cloud.loadbalancer.ribbon.enabled` to `false` or remove spring-cloud-starter-netflix-ribbon from your project.
2023-08-28 15:17:29.721 ERROR catalogWatchTaskScheduler-1 org.springframework.cloud.consul.discovery.ConsulDiscoveryClient - Error watching Consul CatalogServices
com.ecwid.consul.transport.TransportException: org.apache.http.conn.HttpHostConnectException: Connect to 127.0.0.1:8500 [/127.0.0.1] failed: Connection refused (Connection refused)
	at com.ecwid.consul.transport.AbstractHttpTransport.executeRequest(AbstractHttpTransport.java:83) ~[consul-api-1.4.5.jar:?]
	at com.ecwid.consul.transport.AbstractHttpTransport.makeGetRequest(AbstractHttpTransport.java:36) ~[consul-api-1.4.5.jar:?]
	at com.ecwid.consul.v1.ConsulRawClient.makeGetRequest(ConsulRawClient.java:139) ~[consul-api-1.4.5.jar:?]
	at com.ecwid.consul.v1.catalog.CatalogConsulClient.getCatalogServices(CatalogConsulClient.java:143) ~[consul-api-1.4.5.jar:?]
	at com.ecwid.consul.v1.ConsulClient.getCatalogServices(ConsulClient.java:400) ~[consul-api-1.4.5.jar:?]
	at org.springframework.cloud.consul.discovery.ConsulCatalogWatch.catalogServicesWatch(ConsulCatalogWatch.java:135) ~[spring-cloud-consul-discovery-2.2.6.RELEASE.jar:2.2.6.RELEASE]
	at org.springframework.scheduling.support.DelegatingErrorHandlingRunnable.run(DelegatingErrorHandlingRunnable.java:54) [spring-context-5.2.15.RELEASE.jar:5.2.15.RELEASE]
	at java.util.concurrent.Executors$RunnableAdapter.call(Executors.java:511) [?:1.8.0_241]
	at java.util.concurrent.FutureTask.runAndReset(FutureTask.java:308) [?:1.8.0_241]
	at java.util.concurrent.ScheduledThreadPoolExecutor$ScheduledFutureTask.access$301(ScheduledThreadPoolExecutor.java:180) [?:1.8.0_241]
	at java.util.concurrent.ScheduledThreadPoolExecutor$ScheduledFutureTask.run(ScheduledThreadPoolExecutor.java:294) [?:1.8.0_241]
	at java.util.concurrent.ThreadPoolExecutor.runWorker(ThreadPoolExecutor.java:1149) [?:1.8.0_241]
	at java.util.concurrent.ThreadPoolExecutor$Worker.run(ThreadPoolExecutor.java:624) [?:1.8.0_241]
	at java.lang.Thread.run(Thread.java:748) [?:1.8.0_241]
Caused by: org.apache.http.conn.HttpHostConnectException: Connect to 127.0.0.1:8500 [/127.0.0.1] failed: Connection refused (Connection refused)
	at org.apache.http.impl.conn.DefaultHttpClientConnectionOperator.connect(DefaultHttpClientConnectionOperator.java:156) ~[httpclient-4.5.13.jar:4.5.13]
	at org.apache.http.impl.conn.PoolingHttpClientConnectionManager.connect(PoolingHttpClientConnectionManager.java:376) ~[httpclient-4.5.13.jar:4.5.13]
	at org.apache.http.impl.execchain.MainClientExec.establishRoute(MainClientExec.java:393) ~[httpclient-4.5.13.jar:4.5.13]
	at org.apache.http.impl.execchain.MainClientExec.execute(MainClientExec.java:236) ~[httpclient-4.5.13.jar:4.5.13]
	at org.apache.http.impl.execchain.ProtocolExec.execute(ProtocolExec.java:186) ~[httpclient-4.5.13.jar:4.5.13]
	at org.apache.http.impl.execchain.RetryExec.execute(RetryExec.java:89) ~[httpclient-4.5.13.jar:4.5.13]
	at org.apache.http.impl.execchain.RedirectExec.execute(RedirectExec.java:110) ~[httpclient-4.5.13.jar:4.5.13]
	at org.apache.http.impl.client.InternalHttpClient.doExecute(InternalHttpClient.java:185) ~[httpclient-4.5.13.jar:4.5.13]
	at org.apache.http.impl.client.CloseableHttpClient.execute(CloseableHttpClient.java:72) ~[httpclient-4.5.13.jar:4.5.13]
	at org.apache.http.impl.client.CloseableHttpClient.execute(CloseableHttpClient.java:221) ~[httpclient-4.5.13.jar:4.5.13]
	at org.apache.http.impl.client.CloseableHttpClient.execute(CloseableHttpClient.java:165) ~[httpclient-4.5.13.jar:4.5.13]
	at org.apache.http.impl.client.CloseableHttpClient.execute(CloseableHttpClient.java:140) ~[httpclient-4.5.13.jar:4.5.13]
	at com.ecwid.consul.transport.AbstractHttpTransport.executeRequest(AbstractHttpTransport.java:70) ~[consul-api-1.4.5.jar:?]
	... 13 more
Caused by: java.net.ConnectException: Connection refused (Connection refused)
	at java.net.PlainSocketImpl.socketConnect(Native Method) ~[?:1.8.0_241]
	at java.net.AbstractPlainSocketImpl.doConnect(AbstractPlainSocketImpl.java:350) ~[?:1.8.0_241]
	at java.net.AbstractPlainSocketImpl.connectToAddress(AbstractPlainSocketImpl.java:206) ~[?:1.8.0_241]
	at java.net.AbstractPlainSocketImpl.connect(AbstractPlainSocketImpl.java:188) ~[?:1.8.0_241]
	at java.net.SocksSocketImpl.connect(SocksSocketImpl.java:392) ~[?:1.8.0_241]
	at java.net.Socket.connect(Socket.java:606) ~[?:1.8.0_241]
	at org.apache.http.conn.socket.PlainConnectionSocketFactory.connectSocket(PlainConnectionSocketFactory.java:75) ~[httpclient-4.5.13.jar:4.5.13]
	at org.apache.http.impl.conn.DefaultHttpClientConnectionOperator.connect(DefaultHttpClientConnectionOperator.java:142) ~[httpclient-4.5.13.jar:4.5.13]
	at org.apache.http.impl.conn.PoolingHttpClientConnectionManager.connect(PoolingHttpClientConnectionManager.java:376) ~[httpclient-4.5.13.jar:4.5.13]
	at org.apache.http.impl.execchain.MainClientExec.establishRoute(MainClientExec.java:393) ~[httpclient-4.5.13.jar:4.5.13]
	at org.apache.http.impl.execchain.MainClientExec.execute(MainClientExec.java:236) ~[httpclient-4.5.13.jar:4.5.13]
	at org.apache.http.impl.execchain.ProtocolExec.execute(ProtocolExec.java:186) ~[httpclient-4.5.13.jar:4.5.13]
	at org.apache.http.impl.execchain.RetryExec.execute(RetryExec.java:89) ~[httpclient-4.5.13.jar:4.5.13]
	at org.apache.http.impl.execchain.RedirectExec.execute(RedirectExec.java:110) ~[httpclient-4.5.13.jar:4.5.13]
	at org.apache.http.impl.client.InternalHttpClient.doExecute(InternalHttpClient.java:185) ~[httpclient-4.5.13.jar:4.5.13]
	at org.apache.http.impl.client.CloseableHttpClient.execute(CloseableHttpClient.java:72) ~[httpclient-4.5.13.jar:4.5.13]
	at org.apache.http.impl.client.CloseableHttpClient.execute(CloseableHttpClient.java:221) ~[httpclient-4.5.13.jar:4.5.13]
	at org.apache.http.impl.client.CloseableHttpClient.execute(CloseableHttpClient.java:165) ~[httpclient-4.5.13.jar:4.5.13]
	at org.apache.http.impl.client.CloseableHttpClient.execute(CloseableHttpClient.java:140) ~[httpclient-4.5.13.jar:4.5.13]
	at com.ecwid.consul.transport.AbstractHttpTransport.executeRequest(AbstractHttpTransport.java:70) ~[consul-api-1.4.5.jar:?]
	... 13 more
2023-08-28 15:17:30.742 ERROR catalogWatchTaskScheduler-1 org.springframework.cloud.consul.discovery.ConsulDiscoveryClient - Error watching Consul CatalogServices
com.ecwid.consul.transport.TransportException: org.apache.http.conn.HttpHostConnectException: Connect to 127.0.0.1:8500 [/127.0.0.1] failed: Connection refused (Connection refused)
	at com.ecwid.consul.transport.AbstractHttpTransport.executeRequest(AbstractHttpTransport.java:83) ~[consul-api-1.4.5.jar:?]
	at com.ecwid.consul.transport.AbstractHttpTransport.makeGetRequest(AbstractHttpTransport.java:36) ~[consul-api-1.4.5.jar:?]
	at com.ecwid.consul.v1.ConsulRawClient.makeGetRequest(ConsulRawClient.java:139) ~[consul-api-1.4.5.jar:?]
	at com.ecwid.consul.v1.catalog.CatalogConsulClient.getCatalogServices(CatalogConsulClient.java:143) ~[consul-api-1.4.5.jar:?]
	at com.ecwid.consul.v1.ConsulClient.getCatalogServices(ConsulClient.java:400) ~[consul-api-1.4.5.jar:?]
	at org.springframework.cloud.consul.discovery.ConsulCatalogWatch.catalogServicesWatch(ConsulCatalogWatch.java:135) ~[spring-cloud-consul-discovery-2.2.6.RELEASE.jar:2.2.6.RELEASE]
	at org.springframework.scheduling.support.DelegatingErrorHandlingRunnable.run(DelegatingErrorHandlingRunnable.java:54) [spring-context-5.2.15.RELEASE.jar:5.2.15.RELEASE]
	at java.util.concurrent.Executors$RunnableAdapter.call(Executors.java:511) [?:1.8.0_241]
	at java.util.concurrent.FutureTask.runAndReset(FutureTask.java:308) [?:1.8.0_241]
	at java.util.concurrent.ScheduledThreadPoolExecutor$ScheduledFutureTask.access$301(ScheduledThreadPoolExecutor.java:180) [?:1.8.0_241]
	at java.util.concurrent.ScheduledThreadPoolExecutor$ScheduledFutureTask.run(ScheduledThreadPoolExecutor.java:294) [?:1.8.0_241]
	at java.util.concurrent.ThreadPoolExecutor.runWorker(ThreadPoolExecutor.java:1149) [?:1.8.0_241]
	at java.util.concurrent.ThreadPoolExecutor$Worker.run(ThreadPoolExecutor.java:624) [?:1.8.0_241]
	at java.lang.Thread.run(Thread.java:748) [?:1.8.0_241]
Caused by: org.apache.http.conn.HttpHostConnectException: Connect to 127.0.0.1:8500 [/127.0.0.1] failed: Connection refused (Connection refused)
	at org.apache.http.impl.conn.DefaultHttpClientConnectionOperator.connect(DefaultHttpClientConnectionOperator.java:156) ~[httpclient-4.5.13.jar:4.5.13]
	at org.apache.http.impl.conn.PoolingHttpClientConnectionManager.connect(PoolingHttpClientConnectionManager.java:376) ~[httpclient-4.5.13.jar:4.5.13]
	at org.apache.http.impl.execchain.MainClientExec.establishRoute(MainClientExec.java:393) ~[httpclient-4.5.13.jar:4.5.13]
	at org.apache.http.impl.execchain.MainClientExec.execute(MainClientExec.java:236) ~[httpclient-4.5.13.jar:4.5.13]
	at org.apache.http.impl.execchain.ProtocolExec.execute(ProtocolExec.java:186) ~[httpclient-4.5.13.jar:4.5.13]
	at org.apache.http.impl.execchain.RetryExec.execute(RetryExec.java:89) ~[httpclient-4.5.13.jar:4.5.13]
	at org.apache.http.impl.execchain.RedirectExec.execute(RedirectExec.java:110) ~[httpclient-4.5.13.jar:4.5.13]
	at org.apache.http.impl.client.InternalHttpClient.doExecute(InternalHttpClient.java:185) ~[httpclient-4.5.13.jar:4.5.13]
	at org.apache.http.impl.client.CloseableHttpClient.execute(CloseableHttpClient.java:72) ~[httpclient-4.5.13.jar:4.5.13]
	at org.apache.http.impl.client.CloseableHttpClient.execute(CloseableHttpClient.java:221) ~[httpclient-4.5.13.jar:4.5.13]
	at org.apache.http.impl.client.CloseableHttpClient.execute(CloseableHttpClient.java:165) ~[httpclient-4.5.13.jar:4.5.13]
	at org.apache.http.impl.client.CloseableHttpClient.execute(CloseableHttpClient.java:140) ~[httpclient-4.5.13.jar:4.5.13]
	at com.ecwid.consul.transport.AbstractHttpTransport.executeRequest(AbstractHttpTransport.java:70) ~[consul-api-1.4.5.jar:?]
	... 13 more
Caused by: java.net.ConnectException: Connection refused (Connection refused)
	at java.net.PlainSocketImpl.socketConnect(Native Method) ~[?:1.8.0_241]
	at java.net.AbstractPlainSocketImpl.doConnect(AbstractPlainSocketImpl.java:350) ~[?:1.8.0_241]
	at java.net.AbstractPlainSocketImpl.connectToAddress(AbstractPlainSocketImpl.java:206) ~[?:1.8.0_241]
	at java.net.AbstractPlainSocketImpl.connect(AbstractPlainSocketImpl.java:188) ~[?:1.8.0_241]
	at java.net.SocksSocketImpl.connect(SocksSocketImpl.java:392) ~[?:1.8.0_241]
	at java.net.Socket.connect(Socket.java:606) ~[?:1.8.0_241]
	at org.apache.http.conn.socket.PlainConnectionSocketFactory.connectSocket(PlainConnectionSocketFactory.java:75) ~[httpclient-4.5.13.jar:4.5.13]
	at org.apache.http.impl.conn.DefaultHttpClientConnectionOperator.connect(DefaultHttpClientConnectionOperator.java:142) ~[httpclient-4.5.13.jar:4.5.13]
	at org.apache.http.impl.conn.PoolingHttpClientConnectionManager.connect(PoolingHttpClientConnectionManager.java:376) ~[httpclient-4.5.13.jar:4.5.13]
	at org.apache.http.impl.execchain.MainClientExec.establishRoute(MainClientExec.java:393) ~[httpclient-4.5.13.jar:4.5.13]
	at org.apache.http.impl.execchain.MainClientExec.execute(MainClientExec.java:236) ~[httpclient-4.5.13.jar:4.5.13]
	at org.apache.http.impl.execchain.ProtocolExec.execute(ProtocolExec.java:186) ~[httpclient-4.5.13.jar:4.5.13]
	at org.apache.http.impl.execchain.RetryExec.execute(RetryExec.java:89) ~[httpclient-4.5.13.jar:4.5.13]
	at org.apache.http.impl.execchain.RedirectExec.execute(RedirectExec.java:110) ~[httpclient-4.5.13.jar:4.5.13]
	at org.apache.http.impl.client.InternalHttpClient.doExecute(InternalHttpClient.java:185) ~[httpclient-4.5.13.jar:4.5.13]
	at org.apache.http.impl.client.CloseableHttpClient.execute(CloseableHttpClient.java:72) ~[httpclient-4.5.13.jar:4.5.13]
	at org.apache.http.impl.client.CloseableHttpClient.execute(CloseableHttpClient.java:221) ~[httpclient-4.5.13.jar:4.5.13]
	at org.apache.http.impl.client.CloseableHttpClient.execute(CloseableHttpClient.java:165) ~[httpclient-4.5.13.jar:4.5.13]
	at org.apache.http.impl.client.CloseableHttpClient.execute(CloseableHttpClient.java:140) ~[httpclient-4.5.13.jar:4.5.13]
	at com.ecwid.consul.transport.AbstractHttpTransport.executeRequest(AbstractHttpTransport.java:70) ~[consul-api-1.4.5.jar:?]
	... 13 more
2023-08-28 15:17:31.745 ERROR catalogWatchTaskScheduler-1 org.springframework.cloud.consul.discovery.ConsulDiscoveryClient - Error watching Consul CatalogServices
com.ecwid.consul.transport.TransportException: org.apache.http.conn.HttpHostConnectException: Connect to 127.0.0.1:8500 [/127.0.0.1] failed: Connection refused (Connection refused)
	at com.ecwid.consul.transport.AbstractHttpTransport.executeRequest(AbstractHttpTransport.java:83) ~[consul-api-1.4.5.jar:?]
	at com.ecwid.consul.transport.AbstractHttpTransport.makeGetRequest(AbstractHttpTransport.java:36) ~[consul-api-1.4.5.jar:?]
	at com.ecwid.consul.v1.ConsulRawClient.makeGetRequest(ConsulRawClient.java:139) ~[consul-api-1.4.5.jar:?]
	at com.ecwid.consul.v1.catalog.CatalogConsulClient.getCatalogServices(CatalogConsulClient.java:143) ~[consul-api-1.4.5.jar:?]
	at com.ecwid.consul.v1.ConsulClient.getCatalogServices(ConsulClient.java:400) ~[consul-api-1.4.5.jar:?]
	at org.springframework.cloud.consul.discovery.ConsulCatalogWatch.catalogServicesWatch(ConsulCatalogWatch.java:135) ~[spring-cloud-consul-discovery-2.2.6.RELEASE.jar:2.2.6.RELEASE]
	at org.springframework.scheduling.support.DelegatingErrorHandlingRunnable.run(DelegatingErrorHandlingRunnable.java:54) [spring-context-5.2.15.RELEASE.jar:5.2.15.RELEASE]
	at java.util.concurrent.Executors$RunnableAdapter.call(Executors.java:511) [?:1.8.0_241]
	at java.util.concurrent.FutureTask.runAndReset(FutureTask.java:308) [?:1.8.0_241]
	at java.util.concurrent.ScheduledThreadPoolExecutor$ScheduledFutureTask.access$301(ScheduledThreadPoolExecutor.java:180) [?:1.8.0_241]
	at java.util.concurrent.ScheduledThreadPoolExecutor$ScheduledFutureTask.run(ScheduledThreadPoolExecutor.java:294) [?:1.8.0_241]
	at java.util.concurrent.ThreadPoolExecutor.runWorker(ThreadPoolExecutor.java:1149) [?:1.8.0_241]
	at java.util.concurrent.ThreadPoolExecutor$Worker.run(ThreadPoolExecutor.java:624) [?:1.8.0_241]
	at java.lang.Thread.run(Thread.java:748) [?:1.8.0_241]
Caused by: org.apache.http.conn.HttpHostConnectException: Connect to 127.0.0.1:8500 [/127.0.0.1] failed: Connection refused (Connection refused)
	at org.apache.http.impl.conn.DefaultHttpClientConnectionOperator.connect(DefaultHttpClientConnectionOperator.java:156) ~[httpclient-4.5.13.jar:4.5.13]
	at org.apache.http.impl.conn.PoolingHttpClientConnectionManager.connect(PoolingHttpClientConnectionManager.java:376) ~[httpclient-4.5.13.jar:4.5.13]
	at org.apache.http.impl.execchain.MainClientExec.establishRoute(MainClientExec.java:393) ~[httpclient-4.5.13.jar:4.5.13]
	at org.apache.http.impl.execchain.MainClientExec.execute(MainClientExec.java:236) ~[httpclient-4.5.13.jar:4.5.13]
	at org.apache.http.impl.execchain.ProtocolExec.execute(ProtocolExec.java:186) ~[httpclient-4.5.13.jar:4.5.13]
	at org.apache.http.impl.execchain.RetryExec.execute(RetryExec.java:89) ~[httpclient-4.5.13.jar:4.5.13]
	at org.apache.http.impl.execchain.RedirectExec.execute(RedirectExec.java:110) ~[httpclient-4.5.13.jar:4.5.13]
	at org.apache.http.impl.client.InternalHttpClient.doExecute(InternalHttpClient.java:185) ~[httpclient-4.5.13.jar:4.5.13]
	at org.apache.http.impl.client.CloseableHttpClient.execute(CloseableHttpClient.java:72) ~[httpclient-4.5.13.jar:4.5.13]
	at org.apache.http.impl.client.CloseableHttpClient.execute(CloseableHttpClient.java:221) ~[httpclient-4.5.13.jar:4.5.13]
	at org.apache.http.impl.client.CloseableHttpClient.execute(CloseableHttpClient.java:165) ~[httpclient-4.5.13.jar:4.5.13]
	at org.apache.http.impl.client.CloseableHttpClient.execute(CloseableHttpClient.java:140) ~[httpclient-4.5.13.jar:4.5.13]
	at com.ecwid.consul.transport.AbstractHttpTransport.executeRequest(AbstractHttpTransport.java:70) ~[consul-api-1.4.5.jar:?]
	... 13 more
Caused by: java.net.ConnectException: Connection refused (Connection refused)
	at java.net.PlainSocketImpl.socketConnect(Native Method) ~[?:1.8.0_241]
	at java.net.AbstractPlainSocketImpl.doConnect(AbstractPlainSocketImpl.java:350) ~[?:1.8.0_241]
	at java.net.AbstractPlainSocketImpl.connectToAddress(AbstractPlainSocketImpl.java:206) ~[?:1.8.0_241]
	at java.net.AbstractPlainSocketImpl.connect(AbstractPlainSocketImpl.java:188) ~[?:1.8.0_241]
	at java.net.SocksSocketImpl.connect(SocksSocketImpl.java:392) ~[?:1.8.0_241]
	at java.net.Socket.connect(Socket.java:606) ~[?:1.8.0_241]
	at org.apache.http.conn.socket.PlainConnectionSocketFactory.connectSocket(PlainConnectionSocketFactory.java:75) ~[httpclient-4.5.13.jar:4.5.13]
	at org.apache.http.impl.conn.DefaultHttpClientConnectionOperator.connect(DefaultHttpClientConnectionOperator.java:142) ~[httpclient-4.5.13.jar:4.5.13]
	at org.apache.http.impl.conn.PoolingHttpClientConnectionManager.connect(PoolingHttpClientConnectionManager.java:376) ~[httpclient-4.5.13.jar:4.5.13]
	at org.apache.http.impl.execchain.MainClientExec.establishRoute(MainClientExec.java:393) ~[httpclient-4.5.13.jar:4.5.13]
	at org.apache.http.impl.execchain.MainClientExec.execute(MainClientExec.java:236) ~[httpclient-4.5.13.jar:4.5.13]
	at org.apache.http.impl.execchain.ProtocolExec.execute(ProtocolExec.java:186) ~[httpclient-4.5.13.jar:4.5.13]
	at org.apache.http.impl.execchain.RetryExec.execute(RetryExec.java:89) ~[httpclient-4.5.13.jar:4.5.13]
	at org.apache.http.impl.execchain.RedirectExec.execute(RedirectExec.java:110) ~[httpclient-4.5.13.jar:4.5.13]
	at org.apache.http.impl.client.InternalHttpClient.doExecute(InternalHttpClient.java:185) ~[httpclient-4.5.13.jar:4.5.13]
	at org.apache.http.impl.client.CloseableHttpClient.execute(CloseableHttpClient.java:72) ~[httpclient-4.5.13.jar:4.5.13]
	at org.apache.http.impl.client.CloseableHttpClient.execute(CloseableHttpClient.java:221) ~[httpclient-4.5.13.jar:4.5.13]
	at org.apache.http.impl.client.CloseableHttpClient.execute(CloseableHttpClient.java:165) ~[httpclient-4.5.13.jar:4.5.13]
	at org.apache.http.impl.client.CloseableHttpClient.execute(CloseableHttpClient.java:140) ~[httpclient-4.5.13.jar:4.5.13]
	at com.ecwid.consul.transport.AbstractHttpTransport.executeRequest(AbstractHttpTransport.java:70) ~[consul-api-1.4.5.jar:?]
	... 13 more
2023-08-28 15:17:32.585 ERROR Druid-ConnectionPool-Create-2129636512 com.alibaba.druid.pool.DruidDataSource TID:  - create connection SQLException, url: jdbc:mysql://{tidb.host}:{tidb.port}/template?useSSL=false&allowMultiQueries=true, errorCode 0, state 08001
com.mysql.jdbc.exceptions.jdbc4.MySQLNonTransientConnectionException: Cannot load connection class because of underlying exception: 'java.lang.NumberFormatException: For input string: "{tidb.port}"'.
	at sun.reflect.NativeConstructorAccessorImpl.newInstance0(Native Method) ~[?:1.8.0_241]
	at sun.reflect.NativeConstructorAccessorImpl.newInstance(NativeConstructorAccessorImpl.java:62) ~[?:1.8.0_241]
	at sun.reflect.DelegatingConstructorAccessorImpl.newInstance(DelegatingConstructorAccessorImpl.java:45) ~[?:1.8.0_241]
	at java.lang.reflect.Constructor.newInstance(Constructor.java:423) ~[?:1.8.0_241]
	at com.mysql.jdbc.Util.handleNewInstance(Util.java:411) ~[mysql-connector-java-5.1.29.jar:?]
	at com.mysql.jdbc.Util.getInstance(Util.java:386) ~[mysql-connector-java-5.1.29.jar:?]
	at com.mysql.jdbc.SQLError.createSQLException(SQLError.java:1015) ~[mysql-connector-java-5.1.29.jar:?]
	at com.mysql.jdbc.SQLError.createSQLException(SQLError.java:989) ~[mysql-connector-java-5.1.29.jar:?]
	at com.mysql.jdbc.SQLError.createSQLException(SQLError.java:975) ~[mysql-connector-java-5.1.29.jar:?]
	at com.mysql.jdbc.SQLError.createSQLException(SQLError.java:920) ~[mysql-connector-java-5.1.29.jar:?]
	at com.mysql.jdbc.NonRegisteringDriver.connect(NonRegisteringDriver.java:356) ~[mysql-connector-java-5.1.29.jar:?]
	at com.alibaba.druid.filter.FilterChainImpl.connection_connect(FilterChainImpl.java:149) ~[druid-1.1.9.jar:1.1.9]
	at com.alibaba.druid.filter.FilterAdapter.connection_connect(FilterAdapter.java:786) ~[druid-1.1.9.jar:1.1.9]
	at com.alibaba.druid.filter.FilterChainImpl.connection_connect(FilterChainImpl.java:143) ~[druid-1.1.9.jar:1.1.9]
	at com.alibaba.druid.pool.DruidAbstractDataSource.createPhysicalConnection(DruidAbstractDataSource.java:1515) ~[druid-1.1.9.jar:1.1.9]
	at com.alibaba.druid.pool.DruidAbstractDataSource.createPhysicalConnection(DruidAbstractDataSource.java:1578) ~[druid-1.1.9.jar:1.1.9]
	at com.alibaba.druid.pool.DruidDataSource$CreateConnectionThread.run(DruidDataSource.java:2466) ~[druid-1.1.9.jar:1.1.9]
Caused by: java.lang.NumberFormatException: For input string: "{tidb.port}"
	at java.lang.NumberFormatException.forInputString(NumberFormatException.java:65) ~[?:1.8.0_241]
	at java.lang.Integer.parseInt(Integer.java:580) ~[?:1.8.0_241]
	at java.lang.Integer.parseInt(Integer.java:615) ~[?:1.8.0_241]
	at com.mysql.jdbc.NonRegisteringDriver.port(NonRegisteringDriver.java:916) ~[mysql-connector-java-5.1.29.jar:?]
	at com.mysql.jdbc.NonRegisteringDriver.connect(NonRegisteringDriver.java:347) ~[mysql-connector-java-5.1.29.jar:?]
	... 6 more
2023-08-28 15:17:32.585 ERROR Druid-ConnectionPool-Create-2129636512 com.alibaba.druid.pool.DruidDataSource TID:  - create connection SQLException, url: jdbc:mysql://{tidb.host}:{tidb.port}/template?useSSL=false&allowMultiQueries=true, errorCode 0, state 08001
com.mysql.jdbc.exceptions.jdbc4.MySQLNonTransientConnectionException: Cannot load connection class because of underlying exception: 'java.lang.NumberFormatException: For input string: "{tidb.port}"'.
	at sun.reflect.NativeConstructorAccessorImpl.newInstance0(Native Method) ~[?:1.8.0_241]
	at sun.reflect.NativeConstructorAccessorImpl.newInstance(NativeConstructorAccessorImpl.java:62) ~[?:1.8.0_241]
	at sun.reflect.DelegatingConstructorAccessorImpl.newInstance(DelegatingConstructorAccessorImpl.java:45) ~[?:1.8.0_241]
	at java.lang.reflect.Constructor.newInstance(Constructor.java:423) ~[?:1.8.0_241]
	at com.mysql.jdbc.Util.handleNewInstance(Util.java:411) ~[mysql-connector-java-5.1.29.jar:?]
	at com.mysql.jdbc.Util.getInstance(Util.java:386) ~[mysql-connector-java-5.1.29.jar:?]
	at com.mysql.jdbc.SQLError.createSQLException(SQLError.java:1015) ~[mysql-connector-java-5.1.29.jar:?]
	at com.mysql.jdbc.SQLError.createSQLException(SQLError.java:989) ~[mysql-connector-java-5.1.29.jar:?]
	at com.mysql.jdbc.SQLError.createSQLException(SQLError.java:975) ~[mysql-connector-java-5.1.29.jar:?]
	at com.mysql.jdbc.SQLError.createSQLException(SQLError.java:920) ~[mysql-connector-java-5.1.29.jar:?]
	at com.mysql.jdbc.NonRegisteringDriver.connect(NonRegisteringDriver.java:356) ~[mysql-connector-java-5.1.29.jar:?]
	at com.alibaba.druid.filter.FilterChainImpl.connection_connect(FilterChainImpl.java:149) ~[druid-1.1.9.jar:1.1.9]
	at com.alibaba.druid.filter.FilterAdapter.connection_connect(FilterAdapter.java:786) ~[druid-1.1.9.jar:1.1.9]
	at com.alibaba.druid.filter.FilterChainImpl.connection_connect(FilterChainImpl.java:143) ~[druid-1.1.9.jar:1.1.9]
	at com.alibaba.druid.pool.DruidAbstractDataSource.createPhysicalConnection(DruidAbstractDataSource.java:1515) ~[druid-1.1.9.jar:1.1.9]
	at com.alibaba.druid.pool.DruidAbstractDataSource.createPhysicalConnection(DruidAbstractDataSource.java:1578) ~[druid-1.1.9.jar:1.1.9]
	at com.alibaba.druid.pool.DruidDataSource$CreateConnectionThread.run(DruidDataSource.java:2466) ~[druid-1.1.9.jar:1.1.9]
Caused by: java.lang.NumberFormatException: For input string: "{tidb.port}"
	at java.lang.NumberFormatException.forInputString(NumberFormatException.java:65) ~[?:1.8.0_241]
	at java.lang.Integer.parseInt(Integer.java:580) ~[?:1.8.0_241]
	at java.lang.Integer.parseInt(Integer.java:615) ~[?:1.8.0_241]
	at com.mysql.jdbc.NonRegisteringDriver.port(NonRegisteringDriver.java:916) ~[mysql-connector-java-5.1.29.jar:?]
	at com.mysql.jdbc.NonRegisteringDriver.connect(NonRegisteringDriver.java:347) ~[mysql-connector-java-5.1.29.jar:?]
	... 6 more
2023-08-28 15:17:32.750 ERROR catalogWatchTaskScheduler-1 org.springframework.cloud.consul.discovery.ConsulDiscoveryClient - Error watching Consul CatalogServices
com.ecwid.consul.transport.TransportException: org.apache.http.conn.HttpHostConnectException: Connect to 127.0.0.1:8500 [/127.0.0.1] failed: Connection refused (Connection refused)
	at com.ecwid.consul.transport.AbstractHttpTransport.executeRequest(AbstractHttpTransport.java:83) ~[consul-api-1.4.5.jar:?]
	at com.ecwid.consul.transport.AbstractHttpTransport.makeGetRequest(AbstractHttpTransport.java:36) ~[consul-api-1.4.5.jar:?]
	at com.ecwid.consul.v1.ConsulRawClient.makeGetRequest(ConsulRawClient.java:139) ~[consul-api-1.4.5.jar:?]
	at com.ecwid.consul.v1.catalog.CatalogConsulClient.getCatalogServices(CatalogConsulClient.java:143) ~[consul-api-1.4.5.jar:?]
	at com.ecwid.consul.v1.ConsulClient.getCatalogServices(ConsulClient.java:400) ~[consul-api-1.4.5.jar:?]
	at org.springframework.cloud.consul.discovery.ConsulCatalogWatch.catalogServicesWatch(ConsulCatalogWatch.java:135) ~[spring-cloud-consul-discovery-2.2.6.RELEASE.jar:2.2.6.RELEASE]
	at org.springframework.scheduling.support.DelegatingErrorHandlingRunnable.run(DelegatingErrorHandlingRunnable.java:54) [spring-context-5.2.15.RELEASE.jar:5.2.15.RELEASE]
	at java.util.concurrent.Executors$RunnableAdapter.call(Executors.java:511) [?:1.8.0_241]
	at java.util.concurrent.FutureTask.runAndReset(FutureTask.java:308) [?:1.8.0_241]
	at java.util.concurrent.ScheduledThreadPoolExecutor$ScheduledFutureTask.access$301(ScheduledThreadPoolExecutor.java:180) [?:1.8.0_241]
	at java.util.concurrent.ScheduledThreadPoolExecutor$ScheduledFutureTask.run(ScheduledThreadPoolExecutor.java:294) [?:1.8.0_241]
	at java.util.concurrent.ThreadPoolExecutor.runWorker(ThreadPoolExecutor.java:1149) [?:1.8.0_241]
	at java.util.concurrent.ThreadPoolExecutor$Worker.run(ThreadPoolExecutor.java:624) [?:1.8.0_241]
	at java.lang.Thread.run(Thread.java:748) [?:1.8.0_241]
Caused by: org.apache.http.conn.HttpHostConnectException: Connect to 127.0.0.1:8500 [/127.0.0.1] failed: Connection refused (Connection refused)
	at org.apache.http.impl.conn.DefaultHttpClientConnectionOperator.connect(DefaultHttpClientConnectionOperator.java:156) ~[httpclient-4.5.13.jar:4.5.13]
	at org.apache.http.impl.conn.PoolingHttpClientConnectionManager.connect(PoolingHttpClientConnectionManager.java:376) ~[httpclient-4.5.13.jar:4.5.13]
	at org.apache.http.impl.execchain.MainClientExec.establishRoute(MainClientExec.java:393) ~[httpclient-4.5.13.jar:4.5.13]
	at org.apache.http.impl.execchain.MainClientExec.execute(MainClientExec.java:236) ~[httpclient-4.5.13.jar:4.5.13]
	at org.apache.http.impl.execchain.ProtocolExec.execute(ProtocolExec.java:186) ~[httpclient-4.5.13.jar:4.5.13]
	at org.apache.http.impl.execchain.RetryExec.execute(RetryExec.java:89) ~[httpclient-4.5.13.jar:4.5.13]
	at org.apache.http.impl.execchain.RedirectExec.execute(RedirectExec.java:110) ~[httpclient-4.5.13.jar:4.5.13]
	at org.apache.http.impl.client.InternalHttpClient.doExecute(InternalHttpClient.java:185) ~[httpclient-4.5.13.jar:4.5.13]
	at org.apache.http.impl.client.CloseableHttpClient.execute(CloseableHttpClient.java:72) ~[httpclient-4.5.13.jar:4.5.13]
	at org.apache.http.impl.client.CloseableHttpClient.execute(CloseableHttpClient.java:221) ~[httpclient-4.5.13.jar:4.5.13]
	at org.apache.http.impl.client.CloseableHttpClient.execute(CloseableHttpClient.java:165) ~[httpclient-4.5.13.jar:4.5.13]
	at org.apache.http.impl.client.CloseableHttpClient.execute(CloseableHttpClient.java:140) ~[httpclient-4.5.13.jar:4.5.13]
	at com.ecwid.consul.transport.AbstractHttpTransport.executeRequest(AbstractHttpTransport.java:70) ~[consul-api-1.4.5.jar:?]
	... 13 more
Caused by: java.net.ConnectException: Connection refused (Connection refused)
	at java.net.PlainSocketImpl.socketConnect(Native Method) ~[?:1.8.0_241]
	at java.net.AbstractPlainSocketImpl.doConnect(AbstractPlainSocketImpl.java:350) ~[?:1.8.0_241]
	at java.net.AbstractPlainSocketImpl.connectToAddress(AbstractPlainSocketImpl.java:206) ~[?:1.8.0_241]
	at java.net.AbstractPlainSocketImpl.connect(AbstractPlainSocketImpl.java:188) ~[?:1.8.0_241]
	at java.net.SocksSocketImpl.connect(SocksSocketImpl.java:392) ~[?:1.8.0_241]
	at java.net.Socket.connect(Socket.java:606) ~[?:1.8.0_241]
	at org.apache.http.conn.socket.PlainConnectionSocketFactory.connectSocket(PlainConnectionSocketFactory.java:75) ~[httpclient-4.5.13.jar:4.5.13]
	at org.apache.http.impl.conn.DefaultHttpClientConnectionOperator.connect(DefaultHttpClientConnectionOperator.java:142) ~[httpclient-4.5.13.jar:4.5.13]
	at org.apache.http.impl.conn.PoolingHttpClientConnectionManager.connect(PoolingHttpClientConnectionManager.java:376) ~[httpclient-4.5.13.jar:4.5.13]
	at org.apache.http.impl.execchain.MainClientExec.establishRoute(MainClientExec.java:393) ~[httpclient-4.5.13.jar:4.5.13]
	at org.apache.http.impl.execchain.MainClientExec.execute(MainClientExec.java:236) ~[httpclient-4.5.13.jar:4.5.13]
	at org.apache.http.impl.execchain.ProtocolExec.execute(ProtocolExec.java:186) ~[httpclient-4.5.13.jar:4.5.13]
	at org.apache.http.impl.execchain.RetryExec.execute(RetryExec.java:89) ~[httpclient-4.5.13.jar:4.5.13]
	at org.apache.http.impl.execchain.RedirectExec.execute(RedirectExec.java:110) ~[httpclient-4.5.13.jar:4.5.13]
	at org.apache.http.impl.client.InternalHttpClient.doExecute(InternalHttpClient.java:185) ~[httpclient-4.5.13.jar:4.5.13]
	at org.apache.http.impl.client.CloseableHttpClient.execute(CloseableHttpClient.java:72) ~[httpclient-4.5.13.jar:4.5.13]
	at org.apache.http.impl.client.CloseableHttpClient.execute(CloseableHttpClient.java:221) ~[httpclient-4.5.13.jar:4.5.13]
	at org.apache.http.impl.client.CloseableHttpClient.execute(CloseableHttpClient.java:165) ~[httpclient-4.5.13.jar:4.5.13]
	at org.apache.http.impl.client.CloseableHttpClient.execute(CloseableHttpClient.java:140) ~[httpclient-4.5.13.jar:4.5.13]
	at com.ecwid.consul.transport.AbstractHttpTransport.executeRequest(AbstractHttpTransport.java:70) ~[consul-api-1.4.5.jar:?]
	... 13 more
2023-08-28 15:17:33.089 ERROR Druid-ConnectionPool-Create-2129636512 com.alibaba.druid.pool.DruidDataSource TID:  - create connection SQLException, url: jdbc:mysql://{tidb.host}:{tidb.port}/template?useSSL=false&allowMultiQueries=true, errorCode 0, state 08001
com.mysql.jdbc.exceptions.jdbc4.MySQLNonTransientConnectionException: Cannot load connection class because of underlying exception: 'java.lang.NumberFormatException: For input string: "{tidb.port}"'.
	at sun.reflect.NativeConstructorAccessorImpl.newInstance0(Native Method) ~[?:1.8.0_241]
	at sun.reflect.NativeConstructorAccessorImpl.newInstance(NativeConstructorAccessorImpl.java:62) ~[?:1.8.0_241]
	at sun.reflect.DelegatingConstructorAccessorImpl.newInstance(DelegatingConstructorAccessorImpl.java:45) ~[?:1.8.0_241]
	at java.lang.reflect.Constructor.newInstance(Constructor.java:423) ~[?:1.8.0_241]
	at com.mysql.jdbc.Util.handleNewInstance(Util.java:411) ~[mysql-connector-java-5.1.29.jar:?]
	at com.mysql.jdbc.Util.getInstance(Util.java:386) ~[mysql-connector-java-5.1.29.jar:?]
	at com.mysql.jdbc.SQLError.createSQLException(SQLError.java:1015) ~[mysql-connector-java-5.1.29.jar:?]
	at com.mysql.jdbc.SQLError.createSQLException(SQLError.java:989) ~[mysql-connector-java-5.1.29.jar:?]
	at com.mysql.jdbc.SQLError.createSQLException(SQLError.java:975) ~[mysql-connector-java-5.1.29.jar:?]
	at com.mysql.jdbc.SQLError.createSQLException(SQLError.java:920) ~[mysql-connector-java-5.1.29.jar:?]
	at com.mysql.jdbc.NonRegisteringDriver.connect(NonRegisteringDriver.java:356) ~[mysql-connector-java-5.1.29.jar:?]
	at com.alibaba.druid.filter.FilterChainImpl.connection_connect(FilterChainImpl.java:149) ~[druid-1.1.9.jar:1.1.9]
	at com.alibaba.druid.filter.FilterAdapter.connection_connect(FilterAdapter.java:786) ~[druid-1.1.9.jar:1.1.9]
	at com.alibaba.druid.filter.FilterChainImpl.connection_connect(FilterChainImpl.java:143) ~[druid-1.1.9.jar:1.1.9]
	at com.alibaba.druid.pool.DruidAbstractDataSource.createPhysicalConnection(DruidAbstractDataSource.java:1515) ~[druid-1.1.9.jar:1.1.9]
	at com.alibaba.druid.pool.DruidAbstractDataSource.createPhysicalConnection(DruidAbstractDataSource.java:1578) ~[druid-1.1.9.jar:1.1.9]
	at com.alibaba.druid.pool.DruidDataSource$CreateConnectionThread.run(DruidDataSource.java:2466) ~[druid-1.1.9.jar:1.1.9]
Caused by: java.lang.NumberFormatException: For input string: "{tidb.port}"
	at java.lang.NumberFormatException.forInputString(NumberFormatException.java:65) ~[?:1.8.0_241]
	at java.lang.Integer.parseInt(Integer.java:580) ~[?:1.8.0_241]
	at java.lang.Integer.parseInt(Integer.java:615) ~[?:1.8.0_241]
	at com.mysql.jdbc.NonRegisteringDriver.port(NonRegisteringDriver.java:916) ~[mysql-connector-java-5.1.29.jar:?]
	at com.mysql.jdbc.NonRegisteringDriver.connect(NonRegisteringDriver.java:347) ~[mysql-connector-java-5.1.29.jar:?]
	... 6 more
2023-08-28 15:17:33.594 ERROR Druid-ConnectionPool-Create-2129636512 com.alibaba.druid.pool.DruidDataSource TID:  - create connection SQLException, url: jdbc:mysql://{tidb.host}:{tidb.port}/template?useSSL=false&allowMultiQueries=true, errorCode 0, state 08001
com.mysql.jdbc.exceptions.jdbc4.MySQLNonTransientConnectionException: Cannot load connection class because of underlying exception: 'java.lang.NumberFormatException: For input string: "{tidb.port}"'.
	at sun.reflect.NativeConstructorAccessorImpl.newInstance0(Native Method) ~[?:1.8.0_241]
	at sun.reflect.NativeConstructorAccessorImpl.newInstance(NativeConstructorAccessorImpl.java:62) ~[?:1.8.0_241]
	at sun.reflect.DelegatingConstructorAccessorImpl.newInstance(DelegatingConstructorAccessorImpl.java:45) ~[?:1.8.0_241]
	at java.lang.reflect.Constructor.newInstance(Constructor.java:423) ~[?:1.8.0_241]
	at com.mysql.jdbc.Util.handleNewInstance(Util.java:411) ~[mysql-connector-java-5.1.29.jar:?]
	at com.mysql.jdbc.Util.getInstance(Util.java:386) ~[mysql-connector-java-5.1.29.jar:?]
	at com.mysql.jdbc.SQLError.createSQLException(SQLError.java:1015) ~[mysql-connector-java-5.1.29.jar:?]
	at com.mysql.jdbc.SQLError.createSQLException(SQLError.java:989) ~[mysql-connector-java-5.1.29.jar:?]
	at com.mysql.jdbc.SQLError.createSQLException(SQLError.java:975) ~[mysql-connector-java-5.1.29.jar:?]
	at com.mysql.jdbc.SQLError.createSQLException(SQLError.java:920) ~[mysql-connector-java-5.1.29.jar:?]
	at com.mysql.jdbc.NonRegisteringDriver.connect(NonRegisteringDriver.java:356) ~[mysql-connector-java-5.1.29.jar:?]
	at com.alibaba.druid.filter.FilterChainImpl.connection_connect(FilterChainImpl.java:149) ~[druid-1.1.9.jar:1.1.9]
	at com.alibaba.druid.filter.FilterAdapter.connection_connect(FilterAdapter.java:786) ~[druid-1.1.9.jar:1.1.9]
	at com.alibaba.druid.filter.FilterChainImpl.connection_connect(FilterChainImpl.java:143) ~[druid-1.1.9.jar:1.1.9]
	at com.alibaba.druid.pool.DruidAbstractDataSource.createPhysicalConnection(DruidAbstractDataSource.java:1515) ~[druid-1.1.9.jar:1.1.9]
	at com.alibaba.druid.pool.DruidAbstractDataSource.createPhysicalConnection(DruidAbstractDataSource.java:1578) ~[druid-1.1.9.jar:1.1.9]
	at com.alibaba.druid.pool.DruidDataSource$CreateConnectionThread.run(DruidDataSource.java:2466) ~[druid-1.1.9.jar:1.1.9]
Caused by: java.lang.NumberFormatException: For input string: "{tidb.port}"
	at java.lang.NumberFormatException.forInputString(NumberFormatException.java:65) ~[?:1.8.0_241]
	at java.lang.Integer.parseInt(Integer.java:580) ~[?:1.8.0_241]
	at java.lang.Integer.parseInt(Integer.java:615) ~[?:1.8.0_241]
	at com.mysql.jdbc.NonRegisteringDriver.port(NonRegisteringDriver.java:916) ~[mysql-connector-java-5.1.29.jar:?]
	at com.mysql.jdbc.NonRegisteringDriver.connect(NonRegisteringDriver.java:347) ~[mysql-connector-java-5.1.29.jar:?]
	... 6 more
2023-08-28 15:17:33.756 ERROR catalogWatchTaskScheduler-1 org.springframework.cloud.consul.discovery.ConsulDiscoveryClient - Error watching Consul CatalogServices
com.ecwid.consul.transport.TransportException: org.apache.http.conn.HttpHostConnectException: Connect to 127.0.0.1:8500 [/127.0.0.1] failed: Connection refused (Connection refused)
	at com.ecwid.consul.transport.AbstractHttpTransport.executeRequest(AbstractHttpTransport.java:83) ~[consul-api-1.4.5.jar:?]
	at com.ecwid.consul.transport.AbstractHttpTransport.makeGetRequest(AbstractHttpTransport.java:36) ~[consul-api-1.4.5.jar:?]
	at com.ecwid.consul.v1.ConsulRawClient.makeGetRequest(ConsulRawClient.java:139) ~[consul-api-1.4.5.jar:?]
	at com.ecwid.consul.v1.catalog.CatalogConsulClient.getCatalogServices(CatalogConsulClient.java:143) ~[consul-api-1.4.5.jar:?]
	at com.ecwid.consul.v1.ConsulClient.getCatalogServices(ConsulClient.java:400) ~[consul-api-1.4.5.jar:?]
	at org.springframework.cloud.consul.discovery.ConsulCatalogWatch.catalogServicesWatch(ConsulCatalogWatch.java:135) ~[spring-cloud-consul-discovery-2.2.6.RELEASE.jar:2.2.6.RELEASE]
	at org.springframework.scheduling.support.DelegatingErrorHandlingRunnable.run(DelegatingErrorHandlingRunnable.java:54) [spring-context-5.2.15.RELEASE.jar:5.2.15.RELEASE]
	at java.util.concurrent.Executors$RunnableAdapter.call(Executors.java:511) [?:1.8.0_241]
	at java.util.concurrent.FutureTask.runAndReset(FutureTask.java:308) [?:1.8.0_241]
	at java.util.concurrent.ScheduledThreadPoolExecutor$ScheduledFutureTask.access$301(ScheduledThreadPoolExecutor.java:180) [?:1.8.0_241]
	at java.util.concurrent.ScheduledThreadPoolExecutor$ScheduledFutureTask.run(ScheduledThreadPoolExecutor.java:294) [?:1.8.0_241]
	at java.util.concurrent.ThreadPoolExecutor.runWorker(ThreadPoolExecutor.java:1149) [?:1.8.0_241]
	at java.util.concurrent.ThreadPoolExecutor$Worker.run(ThreadPoolExecutor.java:624) [?:1.8.0_241]
	at java.lang.Thread.run(Thread.java:748) [?:1.8.0_241]
Caused by: org.apache.http.conn.HttpHostConnectException: Connect to 127.0.0.1:8500 [/127.0.0.1] failed: Connection refused (Connection refused)
	at org.apache.http.impl.conn.DefaultHttpClientConnectionOperator.connect(DefaultHttpClientConnectionOperator.java:156) ~[httpclient-4.5.13.jar:4.5.13]
	at org.apache.http.impl.conn.PoolingHttpClientConnectionManager.connect(PoolingHttpClientConnectionManager.java:376) ~[httpclient-4.5.13.jar:4.5.13]
	at org.apache.http.impl.execchain.MainClientExec.establishRoute(MainClientExec.java:393) ~[httpclient-4.5.13.jar:4.5.13]
	at org.apache.http.impl.execchain.MainClientExec.execute(MainClientExec.java:236) ~[httpclient-4.5.13.jar:4.5.13]
	at org.apache.http.impl.execchain.ProtocolExec.execute(ProtocolExec.java:186) ~[httpclient-4.5.13.jar:4.5.13]
	at org.apache.http.impl.execchain.RetryExec.execute(RetryExec.java:89) ~[httpclient-4.5.13.jar:4.5.13]
	at org.apache.http.impl.execchain.RedirectExec.execute(RedirectExec.java:110) ~[httpclient-4.5.13.jar:4.5.13]
	at org.apache.http.impl.client.InternalHttpClient.doExecute(InternalHttpClient.java:185) ~[httpclient-4.5.13.jar:4.5.13]
	at org.apache.http.impl.client.CloseableHttpClient.execute(CloseableHttpClient.java:72) ~[httpclient-4.5.13.jar:4.5.13]
	at org.apache.http.impl.client.CloseableHttpClient.execute(CloseableHttpClient.java:221) ~[httpclient-4.5.13.jar:4.5.13]
	at org.apache.http.impl.client.CloseableHttpClient.execute(CloseableHttpClient.java:165) ~[httpclient-4.5.13.jar:4.5.13]
	at org.apache.http.impl.client.CloseableHttpClient.execute(CloseableHttpClient.java:140) ~[httpclient-4.5.13.jar:4.5.13]
	at com.ecwid.consul.transport.AbstractHttpTransport.executeRequest(AbstractHttpTransport.java:70) ~[consul-api-1.4.5.jar:?]
	... 13 more
Caused by: java.net.ConnectException: Connection refused (Connection refused)
	at java.net.PlainSocketImpl.socketConnect(Native Method) ~[?:1.8.0_241]
	at java.net.AbstractPlainSocketImpl.doConnect(AbstractPlainSocketImpl.java:350) ~[?:1.8.0_241]
	at java.net.AbstractPlainSocketImpl.connectToAddress(AbstractPlainSocketImpl.java:206) ~[?:1.8.0_241]
	at java.net.AbstractPlainSocketImpl.connect(AbstractPlainSocketImpl.java:188) ~[?:1.8.0_241]
	at java.net.SocksSocketImpl.connect(SocksSocketImpl.java:392) ~[?:1.8.0_241]
	at java.net.Socket.connect(Socket.java:606) ~[?:1.8.0_241]
	at org.apache.http.conn.socket.PlainConnectionSocketFactory.connectSocket(PlainConnectionSocketFactory.java:75) ~[httpclient-4.5.13.jar:4.5.13]
	at org.apache.http.impl.conn.DefaultHttpClientConnectionOperator.connect(DefaultHttpClientConnectionOperator.java:142) ~[httpclient-4.5.13.jar:4.5.13]
	at org.apache.http.impl.conn.PoolingHttpClientConnectionManager.connect(PoolingHttpClientConnectionManager.java:376) ~[httpclient-4.5.13.jar:4.5.13]
	at org.apache.http.impl.execchain.MainClientExec.establishRoute(MainClientExec.java:393) ~[httpclient-4.5.13.jar:4.5.13]
	at org.apache.http.impl.execchain.MainClientExec.execute(MainClientExec.java:236) ~[httpclient-4.5.13.jar:4.5.13]
	at org.apache.http.impl.execchain.ProtocolExec.execute(ProtocolExec.java:186) ~[httpclient-4.5.13.jar:4.5.13]
	at org.apache.http.impl.execchain.RetryExec.execute(RetryExec.java:89) ~[httpclient-4.5.13.jar:4.5.13]
	at org.apache.http.impl.execchain.RedirectExec.execute(RedirectExec.java:110) ~[httpclient-4.5.13.jar:4.5.13]
	at org.apache.http.impl.client.InternalHttpClient.doExecute(InternalHttpClient.java:185) ~[httpclient-4.5.13.jar:4.5.13]
	at org.apache.http.impl.client.CloseableHttpClient.execute(CloseableHttpClient.java:72) ~[httpclient-4.5.13.jar:4.5.13]
	at org.apache.http.impl.client.CloseableHttpClient.execute(CloseableHttpClient.java:221) ~[httpclient-4.5.13.jar:4.5.13]
	at org.apache.http.impl.client.CloseableHttpClient.execute(CloseableHttpClient.java:165) ~[httpclient-4.5.13.jar:4.5.13]
	at org.apache.http.impl.client.CloseableHttpClient.execute(CloseableHttpClient.java:140) ~[httpclient-4.5.13.jar:4.5.13]
	at com.ecwid.consul.transport.AbstractHttpTransport.executeRequest(AbstractHttpTransport.java:70) ~[consul-api-1.4.5.jar:?]
	... 13 more
2023-08-28 15:17:34.098 ERROR Druid-ConnectionPool-Create-2129636512 com.alibaba.druid.pool.DruidDataSource TID:  - create connection SQLException, url: jdbc:mysql://{tidb.host}:{tidb.port}/template?useSSL=false&allowMultiQueries=true, errorCode 0, state 08001
com.mysql.jdbc.exceptions.jdbc4.MySQLNonTransientConnectionException: Cannot load connection class because of underlying exception: 'java.lang.NumberFormatException: For input string: "{tidb.port}"'.
	at sun.reflect.NativeConstructorAccessorImpl.newInstance0(Native Method) ~[?:1.8.0_241]
	at sun.reflect.NativeConstructorAccessorImpl.newInstance(NativeConstructorAccessorImpl.java:62) ~[?:1.8.0_241]
	at sun.reflect.DelegatingConstructorAccessorImpl.newInstance(DelegatingConstructorAccessorImpl.java:45) ~[?:1.8.0_241]
	at java.lang.reflect.Constructor.newInstance(Constructor.java:423) ~[?:1.8.0_241]
	at com.mysql.jdbc.Util.handleNewInstance(Util.java:411) ~[mysql-connector-java-5.1.29.jar:?]
	at com.mysql.jdbc.Util.getInstance(Util.java:386) ~[mysql-connector-java-5.1.29.jar:?]
	at com.mysql.jdbc.SQLError.createSQLException(SQLError.java:1015) ~[mysql-connector-java-5.1.29.jar:?]
	at com.mysql.jdbc.SQLError.createSQLException(SQLError.java:989) ~[mysql-connector-java-5.1.29.jar:?]
	at com.mysql.jdbc.SQLError.createSQLException(SQLError.java:975) ~[mysql-connector-java-5.1.29.jar:?]
	at com.mysql.jdbc.SQLError.createSQLException(SQLError.java:920) ~[mysql-connector-java-5.1.29.jar:?]
	at com.mysql.jdbc.NonRegisteringDriver.connect(NonRegisteringDriver.java:356) ~[mysql-connector-java-5.1.29.jar:?]
	at com.alibaba.druid.filter.FilterChainImpl.connection_connect(FilterChainImpl.java:149) ~[druid-1.1.9.jar:1.1.9]
	at com.alibaba.druid.filter.FilterAdapter.connection_connect(FilterAdapter.java:786) ~[druid-1.1.9.jar:1.1.9]
	at com.alibaba.druid.filter.FilterChainImpl.connection_connect(FilterChainImpl.java:143) ~[druid-1.1.9.jar:1.1.9]
	at com.alibaba.druid.pool.DruidAbstractDataSource.createPhysicalConnection(DruidAbstractDataSource.java:1515) ~[druid-1.1.9.jar:1.1.9]
	at com.alibaba.druid.pool.DruidAbstractDataSource.createPhysicalConnection(DruidAbstractDataSource.java:1578) ~[druid-1.1.9.jar:1.1.9]
	at com.alibaba.druid.pool.DruidDataSource$CreateConnectionThread.run(DruidDataSource.java:2466) ~[druid-1.1.9.jar:1.1.9]
Caused by: java.lang.NumberFormatException: For input string: "{tidb.port}"
	at java.lang.NumberFormatException.forInputString(NumberFormatException.java:65) ~[?:1.8.0_241]
	at java.lang.Integer.parseInt(Integer.java:580) ~[?:1.8.0_241]
	at java.lang.Integer.parseInt(Integer.java:615) ~[?:1.8.0_241]
	at com.mysql.jdbc.NonRegisteringDriver.port(NonRegisteringDriver.java:916) ~[mysql-connector-java-5.1.29.jar:?]
	at com.mysql.jdbc.NonRegisteringDriver.connect(NonRegisteringDriver.java:347) ~[mysql-connector-java-5.1.29.jar:?]
	... 6 more
2023-08-28 15:17:34.598 ERROR Druid-ConnectionPool-Create-2129636512 com.alibaba.druid.pool.DruidDataSource TID:  - create connection SQLException, url: jdbc:mysql://{tidb.host}:{tidb.port}/template?useSSL=false&allowMultiQueries=true, errorCode 0, state 08001
com.mysql.jdbc.exceptions.jdbc4.MySQLNonTransientConnectionException: Cannot load connection class because of underlying exception: 'java.lang.NumberFormatException: For input string: "{tidb.port}"'.
	at sun.reflect.NativeConstructorAccessorImpl.newInstance0(Native Method) ~[?:1.8.0_241]
	at sun.reflect.NativeConstructorAccessorImpl.newInstance(NativeConstructorAccessorImpl.java:62) ~[?:1.8.0_241]
	at sun.reflect.DelegatingConstructorAccessorImpl.newInstance(DelegatingConstructorAccessorImpl.java:45) ~[?:1.8.0_241]
	at java.lang.reflect.Constructor.newInstance(Constructor.java:423) ~[?:1.8.0_241]
	at com.mysql.jdbc.Util.handleNewInstance(Util.java:411) ~[mysql-connector-java-5.1.29.jar:?]
	at com.mysql.jdbc.Util.getInstance(Util.java:386) ~[mysql-connector-java-5.1.29.jar:?]
	at com.mysql.jdbc.SQLError.createSQLException(SQLError.java:1015) ~[mysql-connector-java-5.1.29.jar:?]
	at com.mysql.jdbc.SQLError.createSQLException(SQLError.java:989) ~[mysql-connector-java-5.1.29.jar:?]
	at com.mysql.jdbc.SQLError.createSQLException(SQLError.java:975) ~[mysql-connector-java-5.1.29.jar:?]
	at com.mysql.jdbc.SQLError.createSQLException(SQLError.java:920) ~[mysql-connector-java-5.1.29.jar:?]
	at com.mysql.jdbc.NonRegisteringDriver.connect(NonRegisteringDriver.java:356) ~[mysql-connector-java-5.1.29.jar:?]
	at com.alibaba.druid.filter.FilterChainImpl.connection_connect(FilterChainImpl.java:149) ~[druid-1.1.9.jar:1.1.9]
	at com.alibaba.druid.filter.FilterAdapter.connection_connect(FilterAdapter.java:786) ~[druid-1.1.9.jar:1.1.9]
	at com.alibaba.druid.filter.FilterChainImpl.connection_connect(FilterChainImpl.java:143) ~[druid-1.1.9.jar:1.1.9]
	at com.alibaba.druid.pool.DruidAbstractDataSource.createPhysicalConnection(DruidAbstractDataSource.java:1515) ~[druid-1.1.9.jar:1.1.9]
	at com.alibaba.druid.pool.DruidAbstractDataSource.createPhysicalConnection(DruidAbstractDataSource.java:1578) ~[druid-1.1.9.jar:1.1.9]
	at com.alibaba.druid.pool.DruidDataSource$CreateConnectionThread.run(DruidDataSource.java:2466) ~[druid-1.1.9.jar:1.1.9]
Caused by: java.lang.NumberFormatException: For input string: "{tidb.port}"
	at java.lang.NumberFormatException.forInputString(NumberFormatException.java:65) ~[?:1.8.0_241]
	at java.lang.Integer.parseInt(Integer.java:580) ~[?:1.8.0_241]
	at java.lang.Integer.parseInt(Integer.java:615) ~[?:1.8.0_241]
	at com.mysql.jdbc.NonRegisteringDriver.port(NonRegisteringDriver.java:916) ~[mysql-connector-java-5.1.29.jar:?]
	at com.mysql.jdbc.NonRegisteringDriver.connect(NonRegisteringDriver.java:347) ~[mysql-connector-java-5.1.29.jar:?]
	... 6 more
2023-08-28 15:17:34.762 ERROR catalogWatchTaskScheduler-1 org.springframework.cloud.consul.discovery.ConsulDiscoveryClient - Error watching Consul CatalogServices
com.ecwid.consul.transport.TransportException: org.apache.http.conn.HttpHostConnectException: Connect to 127.0.0.1:8500 [/127.0.0.1] failed: Connection refused (Connection refused)
	at com.ecwid.consul.transport.AbstractHttpTransport.executeRequest(AbstractHttpTransport.java:83) ~[consul-api-1.4.5.jar:?]
	at com.ecwid.consul.transport.AbstractHttpTransport.makeGetRequest(AbstractHttpTransport.java:36) ~[consul-api-1.4.5.jar:?]
	at com.ecwid.consul.v1.ConsulRawClient.makeGetRequest(ConsulRawClient.java:139) ~[consul-api-1.4.5.jar:?]
	at com.ecwid.consul.v1.catalog.CatalogConsulClient.getCatalogServices(CatalogConsulClient.java:143) ~[consul-api-1.4.5.jar:?]
	at com.ecwid.consul.v1.ConsulClient.getCatalogServices(ConsulClient.java:400) ~[consul-api-1.4.5.jar:?]
	at org.springframework.cloud.consul.discovery.ConsulCatalogWatch.catalogServicesWatch(ConsulCatalogWatch.java:135) ~[spring-cloud-consul-discovery-2.2.6.RELEASE.jar:2.2.6.RELEASE]
	at org.springframework.scheduling.support.DelegatingErrorHandlingRunnable.run(DelegatingErrorHandlingRunnable.java:54) [spring-context-5.2.15.RELEASE.jar:5.2.15.RELEASE]
	at java.util.concurrent.Executors$RunnableAdapter.call(Executors.java:511) [?:1.8.0_241]
	at java.util.concurrent.FutureTask.runAndReset(FutureTask.java:308) [?:1.8.0_241]
	at java.util.concurrent.ScheduledThreadPoolExecutor$ScheduledFutureTask.access$301(ScheduledThreadPoolExecutor.java:180) [?:1.8.0_241]
	at java.util.concurrent.ScheduledThreadPoolExecutor$ScheduledFutureTask.run(ScheduledThreadPoolExecutor.java:294) [?:1.8.0_241]
	at java.util.concurrent.ThreadPoolExecutor.runWorker(ThreadPoolExecutor.java:1149) [?:1.8.0_241]
	at java.util.concurrent.ThreadPoolExecutor$Worker.run(ThreadPoolExecutor.java:624) [?:1.8.0_241]
	at java.lang.Thread.run(Thread.java:748) [?:1.8.0_241]
Caused by: org.apache.http.conn.HttpHostConnectException: Connect to 127.0.0.1:8500 [/127.0.0.1] failed: Connection refused (Connection refused)
	at org.apache.http.impl.conn.DefaultHttpClientConnectionOperator.connect(DefaultHttpClientConnectionOperator.java:156) ~[httpclient-4.5.13.jar:4.5.13]
	at org.apache.http.impl.conn.PoolingHttpClientConnectionManager.connect(PoolingHttpClientConnectionManager.java:376) ~[httpclient-4.5.13.jar:4.5.13]
	at org.apache.http.impl.execchain.MainClientExec.establishRoute(MainClientExec.java:393) ~[httpclient-4.5.13.jar:4.5.13]
	at org.apache.http.impl.execchain.MainClientExec.execute(MainClientExec.java:236) ~[httpclient-4.5.13.jar:4.5.13]
	at org.apache.http.impl.execchain.ProtocolExec.execute(ProtocolExec.java:186) ~[httpclient-4.5.13.jar:4.5.13]
	at org.apache.http.impl.execchain.RetryExec.execute(RetryExec.java:89) ~[httpclient-4.5.13.jar:4.5.13]
	at org.apache.http.impl.execchain.RedirectExec.execute(RedirectExec.java:110) ~[httpclient-4.5.13.jar:4.5.13]
	at org.apache.http.impl.client.InternalHttpClient.doExecute(InternalHttpClient.java:185) ~[httpclient-4.5.13.jar:4.5.13]
	at org.apache.http.impl.client.CloseableHttpClient.execute(CloseableHttpClient.java:72) ~[httpclient-4.5.13.jar:4.5.13]
	at org.apache.http.impl.client.CloseableHttpClient.execute(CloseableHttpClient.java:221) ~[httpclient-4.5.13.jar:4.5.13]
	at org.apache.http.impl.client.CloseableHttpClient.execute(CloseableHttpClient.java:165) ~[httpclient-4.5.13.jar:4.5.13]
	at org.apache.http.impl.client.CloseableHttpClient.execute(CloseableHttpClient.java:140) ~[httpclient-4.5.13.jar:4.5.13]
	at com.ecwid.consul.transport.AbstractHttpTransport.executeRequest(AbstractHttpTransport.java:70) ~[consul-api-1.4.5.jar:?]
	... 13 more
Caused by: java.net.ConnectException: Connection refused (Connection refused)
	at java.net.PlainSocketImpl.socketConnect(Native Method) ~[?:1.8.0_241]
	at java.net.AbstractPlainSocketImpl.doConnect(AbstractPlainSocketImpl.java:350) ~[?:1.8.0_241]
	at java.net.AbstractPlainSocketImpl.connectToAddress(AbstractPlainSocketImpl.java:206) ~[?:1.8.0_241]
	at java.net.AbstractPlainSocketImpl.connect(AbstractPlainSocketImpl.java:188) ~[?:1.8.0_241]
	at java.net.SocksSocketImpl.connect(SocksSocketImpl.java:392) ~[?:1.8.0_241]
	at java.net.Socket.connect(Socket.java:606) ~[?:1.8.0_241]
	at org.apache.http.conn.socket.PlainConnectionSocketFactory.connectSocket(PlainConnectionSocketFactory.java:75) ~[httpclient-4.5.13.jar:4.5.13]
	at org.apache.http.impl.conn.DefaultHttpClientConnectionOperator.connect(DefaultHttpClientConnectionOperator.java:142) ~[httpclient-4.5.13.jar:4.5.13]
	at org.apache.http.impl.conn.PoolingHttpClientConnectionManager.connect(PoolingHttpClientConnectionManager.java:376) ~[httpclient-4.5.13.jar:4.5.13]
	at org.apache.http.impl.execchain.MainClientExec.establishRoute(MainClientExec.java:393) ~[httpclient-4.5.13.jar:4.5.13]
	at org.apache.http.impl.execchain.MainClientExec.execute(MainClientExec.java:236) ~[httpclient-4.5.13.jar:4.5.13]
	at org.apache.http.impl.execchain.ProtocolExec.execute(ProtocolExec.java:186) ~[httpclient-4.5.13.jar:4.5.13]
	at org.apache.http.impl.execchain.RetryExec.execute(RetryExec.java:89) ~[httpclient-4.5.13.jar:4.5.13]
	at org.apache.http.impl.execchain.RedirectExec.execute(RedirectExec.java:110) ~[httpclient-4.5.13.jar:4.5.13]
	at org.apache.http.impl.client.InternalHttpClient.doExecute(InternalHttpClient.java:185) ~[httpclient-4.5.13.jar:4.5.13]
	at org.apache.http.impl.client.CloseableHttpClient.execute(CloseableHttpClient.java:72) ~[httpclient-4.5.13.jar:4.5.13]
	at org.apache.http.impl.client.CloseableHttpClient.execute(CloseableHttpClient.java:221) ~[httpclient-4.5.13.jar:4.5.13]
	at org.apache.http.impl.client.CloseableHttpClient.execute(CloseableHttpClient.java:165) ~[httpclient-4.5.13.jar:4.5.13]
	at org.apache.http.impl.client.CloseableHttpClient.execute(CloseableHttpClient.java:140) ~[httpclient-4.5.13.jar:4.5.13]
	at com.ecwid.consul.transport.AbstractHttpTransport.executeRequest(AbstractHttpTransport.java:70) ~[consul-api-1.4.5.jar:?]
	... 13 more
2023-08-28 15:17:35.102 ERROR Druid-ConnectionPool-Create-2129636512 com.alibaba.druid.pool.DruidDataSource TID:  - create connection SQLException, url: jdbc:mysql://{tidb.host}:{tidb.port}/template?useSSL=false&allowMultiQueries=true, errorCode 0, state 08001
com.mysql.jdbc.exceptions.jdbc4.MySQLNonTransientConnectionException: Cannot load connection class because of underlying exception: 'java.lang.NumberFormatException: For input string: "{tidb.port}"'.
	at sun.reflect.NativeConstructorAccessorImpl.newInstance0(Native Method) ~[?:1.8.0_241]
	at sun.reflect.NativeConstructorAccessorImpl.newInstance(NativeConstructorAccessorImpl.java:62) ~[?:1.8.0_241]
	at sun.reflect.DelegatingConstructorAccessorImpl.newInstance(DelegatingConstructorAccessorImpl.java:45) ~[?:1.8.0_241]
	at java.lang.reflect.Constructor.newInstance(Constructor.java:423) ~[?:1.8.0_241]
	at com.mysql.jdbc.Util.handleNewInstance(Util.java:411) ~[mysql-connector-java-5.1.29.jar:?]
	at com.mysql.jdbc.Util.getInstance(Util.java:386) ~[mysql-connector-java-5.1.29.jar:?]
	at com.mysql.jdbc.SQLError.createSQLException(SQLError.java:1015) ~[mysql-connector-java-5.1.29.jar:?]
	at com.mysql.jdbc.SQLError.createSQLException(SQLError.java:989) ~[mysql-connector-java-5.1.29.jar:?]
	at com.mysql.jdbc.SQLError.createSQLException(SQLError.java:975) ~[mysql-connector-java-5.1.29.jar:?]
	at com.mysql.jdbc.SQLError.createSQLException(SQLError.java:920) ~[mysql-connector-java-5.1.29.jar:?]
	at com.mysql.jdbc.NonRegisteringDriver.connect(NonRegisteringDriver.java:356) ~[mysql-connector-java-5.1.29.jar:?]
	at com.alibaba.druid.filter.FilterChainImpl.connection_connect(FilterChainImpl.java:149) ~[druid-1.1.9.jar:1.1.9]
	at com.alibaba.druid.filter.FilterAdapter.connection_connect(FilterAdapter.java:786) ~[druid-1.1.9.jar:1.1.9]
	at com.alibaba.druid.filter.FilterChainImpl.connection_connect(FilterChainImpl.java:143) ~[druid-1.1.9.jar:1.1.9]
	at com.alibaba.druid.pool.DruidAbstractDataSource.createPhysicalConnection(DruidAbstractDataSource.java:1515) ~[druid-1.1.9.jar:1.1.9]
	at com.alibaba.druid.pool.DruidAbstractDataSource.createPhysicalConnection(DruidAbstractDataSource.java:1578) ~[druid-1.1.9.jar:1.1.9]
	at com.alibaba.druid.pool.DruidDataSource$CreateConnectionThread.run(DruidDataSource.java:2466) ~[druid-1.1.9.jar:1.1.9]
Caused by: java.lang.NumberFormatException: For input string: "{tidb.port}"
	at java.lang.NumberFormatException.forInputString(NumberFormatException.java:65) ~[?:1.8.0_241]
	at java.lang.Integer.parseInt(Integer.java:580) ~[?:1.8.0_241]
	at java.lang.Integer.parseInt(Integer.java:615) ~[?:1.8.0_241]
	at com.mysql.jdbc.NonRegisteringDriver.port(NonRegisteringDriver.java:916) ~[mysql-connector-java-5.1.29.jar:?]
	at com.mysql.jdbc.NonRegisteringDriver.connect(NonRegisteringDriver.java:347) ~[mysql-connector-java-5.1.29.jar:?]
	... 6 more
2023-08-28 15:17:35.606 ERROR Druid-ConnectionPool-Create-2129636512 com.alibaba.druid.pool.DruidDataSource TID:  - create connection SQLException, url: jdbc:mysql://{tidb.host}:{tidb.port}/template?useSSL=false&allowMultiQueries=true, errorCode 0, state 08001
com.mysql.jdbc.exceptions.jdbc4.MySQLNonTransientConnectionException: Cannot load connection class because of underlying exception: 'java.lang.NumberFormatException: For input string: "{tidb.port}"'.
	at sun.reflect.NativeConstructorAccessorImpl.newInstance0(Native Method) ~[?:1.8.0_241]
	at sun.reflect.NativeConstructorAccessorImpl.newInstance(NativeConstructorAccessorImpl.java:62) ~[?:1.8.0_241]
	at sun.reflect.DelegatingConstructorAccessorImpl.newInstance(DelegatingConstructorAccessorImpl.java:45) ~[?:1.8.0_241]
	at java.lang.reflect.Constructor.newInstance(Constructor.java:423) ~[?:1.8.0_241]
	at com.mysql.jdbc.Util.handleNewInstance(Util.java:411) ~[mysql-connector-java-5.1.29.jar:?]
	at com.mysql.jdbc.Util.getInstance(Util.java:386) ~[mysql-connector-java-5.1.29.jar:?]
	at com.mysql.jdbc.SQLError.createSQLException(SQLError.java:1015) ~[mysql-connector-java-5.1.29.jar:?]
	at com.mysql.jdbc.SQLError.createSQLException(SQLError.java:989) ~[mysql-connector-java-5.1.29.jar:?]
	at com.mysql.jdbc.SQLError.createSQLException(SQLError.java:975) ~[mysql-connector-java-5.1.29.jar:?]
	at com.mysql.jdbc.SQLError.createSQLException(SQLError.java:920) ~[mysql-connector-java-5.1.29.jar:?]
	at com.mysql.jdbc.NonRegisteringDriver.connect(NonRegisteringDriver.java:356) ~[mysql-connector-java-5.1.29.jar:?]
	at com.alibaba.druid.filter.FilterChainImpl.connection_connect(FilterChainImpl.java:149) ~[druid-1.1.9.jar:1.1.9]
	at com.alibaba.druid.filter.FilterAdapter.connection_connect(FilterAdapter.java:786) ~[druid-1.1.9.jar:1.1.9]
	at com.alibaba.druid.filter.FilterChainImpl.connection_connect(FilterChainImpl.java:143) ~[druid-1.1.9.jar:1.1.9]
	at com.alibaba.druid.pool.DruidAbstractDataSource.createPhysicalConnection(DruidAbstractDataSource.java:1515) ~[druid-1.1.9.jar:1.1.9]
	at com.alibaba.druid.pool.DruidAbstractDataSource.createPhysicalConnection(DruidAbstractDataSource.java:1578) ~[druid-1.1.9.jar:1.1.9]
	at com.alibaba.druid.pool.DruidDataSource$CreateConnectionThread.run(DruidDataSource.java:2466) ~[druid-1.1.9.jar:1.1.9]
Caused by: java.lang.NumberFormatException: For input string: "{tidb.port}"
	at java.lang.NumberFormatException.forInputString(NumberFormatException.java:65) ~[?:1.8.0_241]
	at java.lang.Integer.parseInt(Integer.java:580) ~[?:1.8.0_241]
	at java.lang.Integer.parseInt(Integer.java:615) ~[?:1.8.0_241]
	at com.mysql.jdbc.NonRegisteringDriver.port(NonRegisteringDriver.java:916) ~[mysql-connector-java-5.1.29.jar:?]
	at com.mysql.jdbc.NonRegisteringDriver.connect(NonRegisteringDriver.java:347) ~[mysql-connector-java-5.1.29.jar:?]
	... 6 more
2023-08-28 15:17:35.773 ERROR catalogWatchTaskScheduler-1 org.springframework.cloud.consul.discovery.ConsulDiscoveryClient - Error watching Consul CatalogServices
com.ecwid.consul.transport.TransportException: org.apache.http.conn.HttpHostConnectException: Connect to 127.0.0.1:8500 [/127.0.0.1] failed: Connection refused (Connection refused)
	at com.ecwid.consul.transport.AbstractHttpTransport.executeRequest(AbstractHttpTransport.java:83) ~[consul-api-1.4.5.jar:?]
	at com.ecwid.consul.transport.AbstractHttpTransport.makeGetRequest(AbstractHttpTransport.java:36) ~[consul-api-1.4.5.jar:?]
	at com.ecwid.consul.v1.ConsulRawClient.makeGetRequest(ConsulRawClient.java:139) ~[consul-api-1.4.5.jar:?]
	at com.ecwid.consul.v1.catalog.CatalogConsulClient.getCatalogServices(CatalogConsulClient.java:143) ~[consul-api-1.4.5.jar:?]
	at com.ecwid.consul.v1.ConsulClient.getCatalogServices(ConsulClient.java:400) ~[consul-api-1.4.5.jar:?]
	at org.springframework.cloud.consul.discovery.ConsulCatalogWatch.catalogServicesWatch(ConsulCatalogWatch.java:135) ~[spring-cloud-consul-discovery-2.2.6.RELEASE.jar:2.2.6.RELEASE]
	at org.springframework.scheduling.support.DelegatingErrorHandlingRunnable.run(DelegatingErrorHandlingRunnable.java:54) [spring-context-5.2.15.RELEASE.jar:5.2.15.RELEASE]
	at java.util.concurrent.Executors$RunnableAdapter.call(Executors.java:511) [?:1.8.0_241]
	at java.util.concurrent.FutureTask.runAndReset(FutureTask.java:308) [?:1.8.0_241]
	at java.util.concurrent.ScheduledThreadPoolExecutor$ScheduledFutureTask.access$301(ScheduledThreadPoolExecutor.java:180) [?:1.8.0_241]
	at java.util.concurrent.ScheduledThreadPoolExecutor$ScheduledFutureTask.run(ScheduledThreadPoolExecutor.java:294) [?:1.8.0_241]
	at java.util.concurrent.ThreadPoolExecutor.runWorker(ThreadPoolExecutor.java:1149) [?:1.8.0_241]
	at java.util.concurrent.ThreadPoolExecutor$Worker.run(ThreadPoolExecutor.java:624) [?:1.8.0_241]
	at java.lang.Thread.run(Thread.java:748) [?:1.8.0_241]
Caused by: org.apache.http.conn.HttpHostConnectException: Connect to 127.0.0.1:8500 [/127.0.0.1] failed: Connection refused (Connection refused)
	at org.apache.http.impl.conn.DefaultHttpClientConnectionOperator.connect(DefaultHttpClientConnectionOperator.java:156) ~[httpclient-4.5.13.jar:4.5.13]
	at org.apache.http.impl.conn.PoolingHttpClientConnectionManager.connect(PoolingHttpClientConnectionManager.java:376) ~[httpclient-4.5.13.jar:4.5.13]
	at org.apache.http.impl.execchain.MainClientExec.establishRoute(MainClientExec.java:393) ~[httpclient-4.5.13.jar:4.5.13]
	at org.apache.http.impl.execchain.MainClientExec.execute(MainClientExec.java:236) ~[httpclient-4.5.13.jar:4.5.13]
	at org.apache.http.impl.execchain.ProtocolExec.execute(ProtocolExec.java:186) ~[httpclient-4.5.13.jar:4.5.13]
	at org.apache.http.impl.execchain.RetryExec.execute(RetryExec.java:89) ~[httpclient-4.5.13.jar:4.5.13]
	at org.apache.http.impl.execchain.RedirectExec.execute(RedirectExec.java:110) ~[httpclient-4.5.13.jar:4.5.13]
	at org.apache.http.impl.client.InternalHttpClient.doExecute(InternalHttpClient.java:185) ~[httpclient-4.5.13.jar:4.5.13]
	at org.apache.http.impl.client.CloseableHttpClient.execute(CloseableHttpClient.java:72) ~[httpclient-4.5.13.jar:4.5.13]
	at org.apache.http.impl.client.CloseableHttpClient.execute(CloseableHttpClient.java:221) ~[httpclient-4.5.13.jar:4.5.13]
	at org.apache.http.impl.client.CloseableHttpClient.execute(CloseableHttpClient.java:165) ~[httpclient-4.5.13.jar:4.5.13]
	at org.apache.http.impl.client.CloseableHttpClient.execute(CloseableHttpClient.java:140) ~[httpclient-4.5.13.jar:4.5.13]
	at com.ecwid.consul.transport.AbstractHttpTransport.executeRequest(AbstractHttpTransport.java:70) ~[consul-api-1.4.5.jar:?]
	... 13 more
Caused by: java.net.ConnectException: Connection refused (Connection refused)
	at java.net.PlainSocketImpl.socketConnect(Native Method) ~[?:1.8.0_241]
	at java.net.AbstractPlainSocketImpl.doConnect(AbstractPlainSocketImpl.java:350) ~[?:1.8.0_241]
	at java.net.AbstractPlainSocketImpl.connectToAddress(AbstractPlainSocketImpl.java:206) ~[?:1.8.0_241]
	at java.net.AbstractPlainSocketImpl.connect(AbstractPlainSocketImpl.java:188) ~[?:1.8.0_241]
	at java.net.SocksSocketImpl.connect(SocksSocketImpl.java:392) ~[?:1.8.0_241]
	at java.net.Socket.connect(Socket.java:606) ~[?:1.8.0_241]
	at org.apache.http.conn.socket.PlainConnectionSocketFactory.connectSocket(PlainConnectionSocketFactory.java:75) ~[httpclient-4.5.13.jar:4.5.13]
	at org.apache.http.impl.conn.DefaultHttpClientConnectionOperator.connect(DefaultHttpClientConnectionOperator.java:142) ~[httpclient-4.5.13.jar:4.5.13]
	at org.apache.http.impl.conn.PoolingHttpClientConnectionManager.connect(PoolingHttpClientConnectionManager.java:376) ~[httpclient-4.5.13.jar:4.5.13]
	at org.apache.http.impl.execchain.MainClientExec.establishRoute(MainClientExec.java:393) ~[httpclient-4.5.13.jar:4.5.13]
	at org.apache.http.impl.execchain.MainClientExec.execute(MainClientExec.java:236) ~[httpclient-4.5.13.jar:4.5.13]
	at org.apache.http.impl.execchain.ProtocolExec.execute(ProtocolExec.java:186) ~[httpclient-4.5.13.jar:4.5.13]
	at org.apache.http.impl.execchain.RetryExec.execute(RetryExec.java:89) ~[httpclient-4.5.13.jar:4.5.13]
	at org.apache.http.impl.execchain.RedirectExec.execute(RedirectExec.java:110) ~[httpclient-4.5.13.jar:4.5.13]
	at org.apache.http.impl.client.InternalHttpClient.doExecute(InternalHttpClient.java:185) ~[httpclient-4.5.13.jar:4.5.13]
	at org.apache.http.impl.client.CloseableHttpClient.execute(CloseableHttpClient.java:72) ~[httpclient-4.5.13.jar:4.5.13]
	at org.apache.http.impl.client.CloseableHttpClient.execute(CloseableHttpClient.java:221) ~[httpclient-4.5.13.jar:4.5.13]
	at org.apache.http.impl.client.CloseableHttpClient.execute(CloseableHttpClient.java:165) ~[httpclient-4.5.13.jar:4.5.13]
	at org.apache.http.impl.client.CloseableHttpClient.execute(CloseableHttpClient.java:140) ~[httpclient-4.5.13.jar:4.5.13]
	at com.ecwid.consul.transport.AbstractHttpTransport.executeRequest(AbstractHttpTransport.java:70) ~[consul-api-1.4.5.jar:?]
	... 13 more
2023-08-28 15:17:36.109 ERROR Druid-ConnectionPool-Create-2129636512 com.alibaba.druid.pool.DruidDataSource TID:  - create connection SQLException, url: jdbc:mysql://{tidb.host}:{tidb.port}/template?useSSL=false&allowMultiQueries=true, errorCode 0, state 08001
com.mysql.jdbc.exceptions.jdbc4.MySQLNonTransientConnectionException: Cannot load connection class because of underlying exception: 'java.lang.NumberFormatException: For input string: "{tidb.port}"'.
	at sun.reflect.NativeConstructorAccessorImpl.newInstance0(Native Method) ~[?:1.8.0_241]
	at sun.reflect.NativeConstructorAccessorImpl.newInstance(NativeConstructorAccessorImpl.java:62) ~[?:1.8.0_241]
	at sun.reflect.DelegatingConstructorAccessorImpl.newInstance(DelegatingConstructorAccessorImpl.java:45) ~[?:1.8.0_241]
	at java.lang.reflect.Constructor.newInstance(Constructor.java:423) ~[?:1.8.0_241]
	at com.mysql.jdbc.Util.handleNewInstance(Util.java:411) ~[mysql-connector-java-5.1.29.jar:?]
	at com.mysql.jdbc.Util.getInstance(Util.java:386) ~[mysql-connector-java-5.1.29.jar:?]
	at com.mysql.jdbc.SQLError.createSQLException(SQLError.java:1015) ~[mysql-connector-java-5.1.29.jar:?]
	at com.mysql.jdbc.SQLError.createSQLException(SQLError.java:989) ~[mysql-connector-java-5.1.29.jar:?]
	at com.mysql.jdbc.SQLError.createSQLException(SQLError.java:975) ~[mysql-connector-java-5.1.29.jar:?]
	at com.mysql.jdbc.SQLError.createSQLException(SQLError.java:920) ~[mysql-connector-java-5.1.29.jar:?]
	at com.mysql.jdbc.NonRegisteringDriver.connect(NonRegisteringDriver.java:356) ~[mysql-connector-java-5.1.29.jar:?]
	at com.alibaba.druid.filter.FilterChainImpl.connection_connect(FilterChainImpl.java:149) ~[druid-1.1.9.jar:1.1.9]
	at com.alibaba.druid.filter.FilterAdapter.connection_connect(FilterAdapter.java:786) ~[druid-1.1.9.jar:1.1.9]
	at com.alibaba.druid.filter.FilterChainImpl.connection_connect(FilterChainImpl.java:143) ~[druid-1.1.9.jar:1.1.9]
	at com.alibaba.druid.pool.DruidAbstractDataSource.createPhysicalConnection(DruidAbstractDataSource.java:1515) ~[druid-1.1.9.jar:1.1.9]
	at com.alibaba.druid.pool.DruidAbstractDataSource.createPhysicalConnection(DruidAbstractDataSource.java:1578) ~[druid-1.1.9.jar:1.1.9]
	at com.alibaba.druid.pool.DruidDataSource$CreateConnectionThread.run(DruidDataSource.java:2466) ~[druid-1.1.9.jar:1.1.9]
Caused by: java.lang.NumberFormatException: For input string: "{tidb.port}"
	at java.lang.NumberFormatException.forInputString(NumberFormatException.java:65) ~[?:1.8.0_241]
	at java.lang.Integer.parseInt(Integer.java:580) ~[?:1.8.0_241]
	at java.lang.Integer.parseInt(Integer.java:615) ~[?:1.8.0_241]
	at com.mysql.jdbc.NonRegisteringDriver.port(NonRegisteringDriver.java:916) ~[mysql-connector-java-5.1.29.jar:?]
	at com.mysql.jdbc.NonRegisteringDriver.connect(NonRegisteringDriver.java:347) ~[mysql-connector-java-5.1.29.jar:?]
	... 6 more
2023-08-28 15:17:36.615 ERROR Druid-ConnectionPool-Create-2129636512 com.alibaba.druid.pool.DruidDataSource TID:  - create connection SQLException, url: jdbc:mysql://{tidb.host}:{tidb.port}/template?useSSL=false&allowMultiQueries=true, errorCode 0, state 08001
com.mysql.jdbc.exceptions.jdbc4.MySQLNonTransientConnectionException: Cannot load connection class because of underlying exception: 'java.lang.NumberFormatException: For input string: "{tidb.port}"'.
	at sun.reflect.NativeConstructorAccessorImpl.newInstance0(Native Method) ~[?:1.8.0_241]
	at sun.reflect.NativeConstructorAccessorImpl.newInstance(NativeConstructorAccessorImpl.java:62) ~[?:1.8.0_241]
	at sun.reflect.DelegatingConstructorAccessorImpl.newInstance(DelegatingConstructorAccessorImpl.java:45) ~[?:1.8.0_241]
	at java.lang.reflect.Constructor.newInstance(Constructor.java:423) ~[?:1.8.0_241]
	at com.mysql.jdbc.Util.handleNewInstance(Util.java:411) ~[mysql-connector-java-5.1.29.jar:?]
	at com.mysql.jdbc.Util.getInstance(Util.java:386) ~[mysql-connector-java-5.1.29.jar:?]
	at com.mysql.jdbc.SQLError.createSQLException(SQLError.java:1015) ~[mysql-connector-java-5.1.29.jar:?]
	at com.mysql.jdbc.SQLError.createSQLException(SQLError.java:989) ~[mysql-connector-java-5.1.29.jar:?]
	at com.mysql.jdbc.SQLError.createSQLException(SQLError.java:975) ~[mysql-connector-java-5.1.29.jar:?]
	at com.mysql.jdbc.SQLError.createSQLException(SQLError.java:920) ~[mysql-connector-java-5.1.29.jar:?]
	at com.mysql.jdbc.NonRegisteringDriver.connect(NonRegisteringDriver.java:356) ~[mysql-connector-java-5.1.29.jar:?]
	at com.alibaba.druid.filter.FilterChainImpl.connection_connect(FilterChainImpl.java:149) ~[druid-1.1.9.jar:1.1.9]
	at com.alibaba.druid.filter.FilterAdapter.connection_connect(FilterAdapter.java:786) ~[druid-1.1.9.jar:1.1.9]
	at com.alibaba.druid.filter.FilterChainImpl.connection_connect(FilterChainImpl.java:143) ~[druid-1.1.9.jar:1.1.9]
	at com.alibaba.druid.pool.DruidAbstractDataSource.createPhysicalConnection(DruidAbstractDataSource.java:1515) ~[druid-1.1.9.jar:1.1.9]
	at com.alibaba.druid.pool.DruidAbstractDataSource.createPhysicalConnection(DruidAbstractDataSource.java:1578) ~[druid-1.1.9.jar:1.1.9]
	at com.alibaba.druid.pool.DruidDataSource$CreateConnectionThread.run(DruidDataSource.java:2466) ~[druid-1.1.9.jar:1.1.9]
Caused by: java.lang.NumberFormatException: For input string: "{tidb.port}"
	at java.lang.NumberFormatException.forInputString(NumberFormatException.java:65) ~[?:1.8.0_241]
	at java.lang.Integer.parseInt(Integer.java:580) ~[?:1.8.0_241]
	at java.lang.Integer.parseInt(Integer.java:615) ~[?:1.8.0_241]
	at com.mysql.jdbc.NonRegisteringDriver.port(NonRegisteringDriver.java:916) ~[mysql-connector-java-5.1.29.jar:?]
	at com.mysql.jdbc.NonRegisteringDriver.connect(NonRegisteringDriver.java:347) ~[mysql-connector-java-5.1.29.jar:?]
	... 6 more
2023-08-28 15:17:36.786 ERROR catalogWatchTaskScheduler-1 org.springframework.cloud.consul.discovery.ConsulDiscoveryClient - Error watching Consul CatalogServices
com.ecwid.consul.transport.TransportException: org.apache.http.conn.HttpHostConnectException: Connect to 127.0.0.1:8500 [/127.0.0.1] failed: Connection refused (Connection refused)
	at com.ecwid.consul.transport.AbstractHttpTransport.executeRequest(AbstractHttpTransport.java:83) ~[consul-api-1.4.5.jar:?]
	at com.ecwid.consul.transport.AbstractHttpTransport.makeGetRequest(AbstractHttpTransport.java:36) ~[consul-api-1.4.5.jar:?]
	at com.ecwid.consul.v1.ConsulRawClient.makeGetRequest(ConsulRawClient.java:139) ~[consul-api-1.4.5.jar:?]
	at com.ecwid.consul.v1.catalog.CatalogConsulClient.getCatalogServices(CatalogConsulClient.java:143) ~[consul-api-1.4.5.jar:?]
	at com.ecwid.consul.v1.ConsulClient.getCatalogServices(ConsulClient.java:400) ~[consul-api-1.4.5.jar:?]
	at org.springframework.cloud.consul.discovery.ConsulCatalogWatch.catalogServicesWatch(ConsulCatalogWatch.java:135) ~[spring-cloud-consul-discovery-2.2.6.RELEASE.jar:2.2.6.RELEASE]
	at org.springframework.scheduling.support.DelegatingErrorHandlingRunnable.run(DelegatingErrorHandlingRunnable.java:54) [spring-context-5.2.15.RELEASE.jar:5.2.15.RELEASE]
	at java.util.concurrent.Executors$RunnableAdapter.call(Executors.java:511) [?:1.8.0_241]
	at java.util.concurrent.FutureTask.runAndReset(FutureTask.java:308) [?:1.8.0_241]
	at java.util.concurrent.ScheduledThreadPoolExecutor$ScheduledFutureTask.access$301(ScheduledThreadPoolExecutor.java:180) [?:1.8.0_241]
	at java.util.concurrent.ScheduledThreadPoolExecutor$ScheduledFutureTask.run(ScheduledThreadPoolExecutor.java:294) [?:1.8.0_241]
	at java.util.concurrent.ThreadPoolExecutor.runWorker(ThreadPoolExecutor.java:1149) [?:1.8.0_241]
	at java.util.concurrent.ThreadPoolExecutor$Worker.run(ThreadPoolExecutor.java:624) [?:1.8.0_241]
	at java.lang.Thread.run(Thread.java:748) [?:1.8.0_241]
Caused by: org.apache.http.conn.HttpHostConnectException: Connect to 127.0.0.1:8500 [/127.0.0.1] failed: Connection refused (Connection refused)
	at org.apache.http.impl.conn.DefaultHttpClientConnectionOperator.connect(DefaultHttpClientConnectionOperator.java:156) ~[httpclient-4.5.13.jar:4.5.13]
	at org.apache.http.impl.conn.PoolingHttpClientConnectionManager.connect(PoolingHttpClientConnectionManager.java:376) ~[httpclient-4.5.13.jar:4.5.13]
	at org.apache.http.impl.execchain.MainClientExec.establishRoute(MainClientExec.java:393) ~[httpclient-4.5.13.jar:4.5.13]
	at org.apache.http.impl.execchain.MainClientExec.execute(MainClientExec.java:236) ~[httpclient-4.5.13.jar:4.5.13]
	at org.apache.http.impl.execchain.ProtocolExec.execute(ProtocolExec.java:186) ~[httpclient-4.5.13.jar:4.5.13]
	at org.apache.http.impl.execchain.RetryExec.execute(RetryExec.java:89) ~[httpclient-4.5.13.jar:4.5.13]
	at org.apache.http.impl.execchain.RedirectExec.execute(RedirectExec.java:110) ~[httpclient-4.5.13.jar:4.5.13]
	at org.apache.http.impl.client.InternalHttpClient.doExecute(InternalHttpClient.java:185) ~[httpclient-4.5.13.jar:4.5.13]
	at org.apache.http.impl.client.CloseableHttpClient.execute(CloseableHttpClient.java:72) ~[httpclient-4.5.13.jar:4.5.13]
	at org.apache.http.impl.client.CloseableHttpClient.execute(CloseableHttpClient.java:221) ~[httpclient-4.5.13.jar:4.5.13]
	at org.apache.http.impl.client.CloseableHttpClient.execute(CloseableHttpClient.java:165) ~[httpclient-4.5.13.jar:4.5.13]
	at org.apache.http.impl.client.CloseableHttpClient.execute(CloseableHttpClient.java:140) ~[httpclient-4.5.13.jar:4.5.13]
	at com.ecwid.consul.transport.AbstractHttpTransport.executeRequest(AbstractHttpTransport.java:70) ~[consul-api-1.4.5.jar:?]
	... 13 more
Caused by: java.net.ConnectException: Connection refused (Connection refused)
	at java.net.PlainSocketImpl.socketConnect(Native Method) ~[?:1.8.0_241]
	at java.net.AbstractPlainSocketImpl.doConnect(AbstractPlainSocketImpl.java:350) ~[?:1.8.0_241]
	at java.net.AbstractPlainSocketImpl.connectToAddress(AbstractPlainSocketImpl.java:206) ~[?:1.8.0_241]
	at java.net.AbstractPlainSocketImpl.connect(AbstractPlainSocketImpl.java:188) ~[?:1.8.0_241]
	at java.net.SocksSocketImpl.connect(SocksSocketImpl.java:392) ~[?:1.8.0_241]
	at java.net.Socket.connect(Socket.java:606) ~[?:1.8.0_241]
	at org.apache.http.conn.socket.PlainConnectionSocketFactory.connectSocket(PlainConnectionSocketFactory.java:75) ~[httpclient-4.5.13.jar:4.5.13]
	at org.apache.http.impl.conn.DefaultHttpClientConnectionOperator.connect(DefaultHttpClientConnectionOperator.java:142) ~[httpclient-4.5.13.jar:4.5.13]
	at org.apache.http.impl.conn.PoolingHttpClientConnectionManager.connect(PoolingHttpClientConnectionManager.java:376) ~[httpclient-4.5.13.jar:4.5.13]
	at org.apache.http.impl.execchain.MainClientExec.establishRoute(MainClientExec.java:393) ~[httpclient-4.5.13.jar:4.5.13]
	at org.apache.http.impl.execchain.MainClientExec.execute(MainClientExec.java:236) ~[httpclient-4.5.13.jar:4.5.13]
	at org.apache.http.impl.execchain.ProtocolExec.execute(ProtocolExec.java:186) ~[httpclient-4.5.13.jar:4.5.13]
	at org.apache.http.impl.execchain.RetryExec.execute(RetryExec.java:89) ~[httpclient-4.5.13.jar:4.5.13]
	at org.apache.http.impl.execchain.RedirectExec.execute(RedirectExec.java:110) ~[httpclient-4.5.13.jar:4.5.13]
	at org.apache.http.impl.client.InternalHttpClient.doExecute(InternalHttpClient.java:185) ~[httpclient-4.5.13.jar:4.5.13]
	at org.apache.http.impl.client.CloseableHttpClient.execute(CloseableHttpClient.java:72) ~[httpclient-4.5.13.jar:4.5.13]
	at org.apache.http.impl.client.CloseableHttpClient.execute(CloseableHttpClient.java:221) ~[httpclient-4.5.13.jar:4.5.13]
	at org.apache.http.impl.client.CloseableHttpClient.execute(CloseableHttpClient.java:165) ~[httpclient-4.5.13.jar:4.5.13]
	at org.apache.http.impl.client.CloseableHttpClient.execute(CloseableHttpClient.java:140) ~[httpclient-4.5.13.jar:4.5.13]
	at com.ecwid.consul.transport.AbstractHttpTransport.executeRequest(AbstractHttpTransport.java:70) ~[consul-api-1.4.5.jar:?]
	... 13 more
2023-08-28 15:17:37.119 ERROR Druid-ConnectionPool-Create-2129636512 com.alibaba.druid.pool.DruidDataSource TID:  - create connection SQLException, url: jdbc:mysql://{tidb.host}:{tidb.port}/template?useSSL=false&allowMultiQueries=true, errorCode 0, state 08001
com.mysql.jdbc.exceptions.jdbc4.MySQLNonTransientConnectionException: Cannot load connection class because of underlying exception: 'java.lang.NumberFormatException: For input string: "{tidb.port}"'.
	at sun.reflect.NativeConstructorAccessorImpl.newInstance0(Native Method) ~[?:1.8.0_241]
	at sun.reflect.NativeConstructorAccessorImpl.newInstance(NativeConstructorAccessorImpl.java:62) ~[?:1.8.0_241]
	at sun.reflect.DelegatingConstructorAccessorImpl.newInstance(DelegatingConstructorAccessorImpl.java:45) ~[?:1.8.0_241]
	at java.lang.reflect.Constructor.newInstance(Constructor.java:423) ~[?:1.8.0_241]
	at com.mysql.jdbc.Util.handleNewInstance(Util.java:411) ~[mysql-connector-java-5.1.29.jar:?]
	at com.mysql.jdbc.Util.getInstance(Util.java:386) ~[mysql-connector-java-5.1.29.jar:?]
	at com.mysql.jdbc.SQLError.createSQLException(SQLError.java:1015) ~[mysql-connector-java-5.1.29.jar:?]
	at com.mysql.jdbc.SQLError.createSQLException(SQLError.java:989) ~[mysql-connector-java-5.1.29.jar:?]
	at com.mysql.jdbc.SQLError.createSQLException(SQLError.java:975) ~[mysql-connector-java-5.1.29.jar:?]
	at com.mysql.jdbc.SQLError.createSQLException(SQLError.java:920) ~[mysql-connector-java-5.1.29.jar:?]
	at com.mysql.jdbc.NonRegisteringDriver.connect(NonRegisteringDriver.java:356) ~[mysql-connector-java-5.1.29.jar:?]
	at com.alibaba.druid.filter.FilterChainImpl.connection_connect(FilterChainImpl.java:149) ~[druid-1.1.9.jar:1.1.9]
	at com.alibaba.druid.filter.FilterAdapter.connection_connect(FilterAdapter.java:786) ~[druid-1.1.9.jar:1.1.9]
	at com.alibaba.druid.filter.FilterChainImpl.connection_connect(FilterChainImpl.java:143) ~[druid-1.1.9.jar:1.1.9]
	at com.alibaba.druid.pool.DruidAbstractDataSource.createPhysicalConnection(DruidAbstractDataSource.java:1515) ~[druid-1.1.9.jar:1.1.9]
	at com.alibaba.druid.pool.DruidAbstractDataSource.createPhysicalConnection(DruidAbstractDataSource.java:1578) ~[druid-1.1.9.jar:1.1.9]
	at com.alibaba.druid.pool.DruidDataSource$CreateConnectionThread.run(DruidDataSource.java:2466) ~[druid-1.1.9.jar:1.1.9]
Caused by: java.lang.NumberFormatException: For input string: "{tidb.port}"
	at java.lang.NumberFormatException.forInputString(NumberFormatException.java:65) ~[?:1.8.0_241]
	at java.lang.Integer.parseInt(Integer.java:580) ~[?:1.8.0_241]
	at java.lang.Integer.parseInt(Integer.java:615) ~[?:1.8.0_241]
	at com.mysql.jdbc.NonRegisteringDriver.port(NonRegisteringDriver.java:916) ~[mysql-connector-java-5.1.29.jar:?]
	at com.mysql.jdbc.NonRegisteringDriver.connect(NonRegisteringDriver.java:347) ~[mysql-connector-java-5.1.29.jar:?]
	... 6 more
2023-08-28 15:17:37.622 ERROR Druid-ConnectionPool-Create-2129636512 com.alibaba.druid.pool.DruidDataSource TID:  - create connection SQLException, url: jdbc:mysql://{tidb.host}:{tidb.port}/template?useSSL=false&allowMultiQueries=true, errorCode 0, state 08001
com.mysql.jdbc.exceptions.jdbc4.MySQLNonTransientConnectionException: Cannot load connection class because of underlying exception: 'java.lang.NumberFormatException: For input string: "{tidb.port}"'.
	at sun.reflect.NativeConstructorAccessorImpl.newInstance0(Native Method) ~[?:1.8.0_241]
	at sun.reflect.NativeConstructorAccessorImpl.newInstance(NativeConstructorAccessorImpl.java:62) ~[?:1.8.0_241]
	at sun.reflect.DelegatingConstructorAccessorImpl.newInstance(DelegatingConstructorAccessorImpl.java:45) ~[?:1.8.0_241]
	at java.lang.reflect.Constructor.newInstance(Constructor.java:423) ~[?:1.8.0_241]
	at com.mysql.jdbc.Util.handleNewInstance(Util.java:411) ~[mysql-connector-java-5.1.29.jar:?]
	at com.mysql.jdbc.Util.getInstance(Util.java:386) ~[mysql-connector-java-5.1.29.jar:?]
	at com.mysql.jdbc.SQLError.createSQLException(SQLError.java:1015) ~[mysql-connector-java-5.1.29.jar:?]
	at com.mysql.jdbc.SQLError.createSQLException(SQLError.java:989) ~[mysql-connector-java-5.1.29.jar:?]
	at com.mysql.jdbc.SQLError.createSQLException(SQLError.java:975) ~[mysql-connector-java-5.1.29.jar:?]
	at com.mysql.jdbc.SQLError.createSQLException(SQLError.java:920) ~[mysql-connector-java-5.1.29.jar:?]
	at com.mysql.jdbc.NonRegisteringDriver.connect(NonRegisteringDriver.java:356) ~[mysql-connector-java-5.1.29.jar:?]
	at com.alibaba.druid.filter.FilterChainImpl.connection_connect(FilterChainImpl.java:149) ~[druid-1.1.9.jar:1.1.9]
	at com.alibaba.druid.filter.FilterAdapter.connection_connect(FilterAdapter.java:786) ~[druid-1.1.9.jar:1.1.9]
	at com.alibaba.druid.filter.FilterChainImpl.connection_connect(FilterChainImpl.java:143) ~[druid-1.1.9.jar:1.1.9]
	at com.alibaba.druid.pool.DruidAbstractDataSource.createPhysicalConnection(DruidAbstractDataSource.java:1515) ~[druid-1.1.9.jar:1.1.9]
	at com.alibaba.druid.pool.DruidAbstractDataSource.createPhysicalConnection(DruidAbstractDataSource.java:1578) ~[druid-1.1.9.jar:1.1.9]
	at com.alibaba.druid.pool.DruidDataSource$CreateConnectionThread.run(DruidDataSource.java:2466) ~[druid-1.1.9.jar:1.1.9]
Caused by: java.lang.NumberFormatException: For input string: "{tidb.port}"
	at java.lang.NumberFormatException.forInputString(NumberFormatException.java:65) ~[?:1.8.0_241]
	at java.lang.Integer.parseInt(Integer.java:580) ~[?:1.8.0_241]
	at java.lang.Integer.parseInt(Integer.java:615) ~[?:1.8.0_241]
	at com.mysql.jdbc.NonRegisteringDriver.port(NonRegisteringDriver.java:916) ~[mysql-connector-java-5.1.29.jar:?]
	at com.mysql.jdbc.NonRegisteringDriver.connect(NonRegisteringDriver.java:347) ~[mysql-connector-java-5.1.29.jar:?]
	... 6 more
2023-08-28 15:17:37.824 ERROR catalogWatchTaskScheduler-1 org.springframework.cloud.consul.discovery.ConsulDiscoveryClient - Error watching Consul CatalogServices
com.ecwid.consul.transport.TransportException: org.apache.http.conn.HttpHostConnectException: Connect to 127.0.0.1:8500 [/127.0.0.1] failed: Connection refused (Connection refused)
	at com.ecwid.consul.transport.AbstractHttpTransport.executeRequest(AbstractHttpTransport.java:83) ~[consul-api-1.4.5.jar:?]
	at com.ecwid.consul.transport.AbstractHttpTransport.makeGetRequest(AbstractHttpTransport.java:36) ~[consul-api-1.4.5.jar:?]
	at com.ecwid.consul.v1.ConsulRawClient.makeGetRequest(ConsulRawClient.java:139) ~[consul-api-1.4.5.jar:?]
	at com.ecwid.consul.v1.catalog.CatalogConsulClient.getCatalogServices(CatalogConsulClient.java:143) ~[consul-api-1.4.5.jar:?]
	at com.ecwid.consul.v1.ConsulClient.getCatalogServices(ConsulClient.java:400) ~[consul-api-1.4.5.jar:?]
	at org.springframework.cloud.consul.discovery.ConsulCatalogWatch.catalogServicesWatch(ConsulCatalogWatch.java:135) ~[spring-cloud-consul-discovery-2.2.6.RELEASE.jar:2.2.6.RELEASE]
	at org.springframework.scheduling.support.DelegatingErrorHandlingRunnable.run(DelegatingErrorHandlingRunnable.java:54) [spring-context-5.2.15.RELEASE.jar:5.2.15.RELEASE]
	at java.util.concurrent.Executors$RunnableAdapter.call(Executors.java:511) [?:1.8.0_241]
	at java.util.concurrent.FutureTask.runAndReset(FutureTask.java:308) [?:1.8.0_241]
	at java.util.concurrent.ScheduledThreadPoolExecutor$ScheduledFutureTask.access$301(ScheduledThreadPoolExecutor.java:180) [?:1.8.0_241]
	at java.util.concurrent.ScheduledThreadPoolExecutor$ScheduledFutureTask.run(ScheduledThreadPoolExecutor.java:294) [?:1.8.0_241]
	at java.util.concurrent.ThreadPoolExecutor.runWorker(ThreadPoolExecutor.java:1149) [?:1.8.0_241]
	at java.util.concurrent.ThreadPoolExecutor$Worker.run(ThreadPoolExecutor.java:624) [?:1.8.0_241]
	at java.lang.Thread.run(Thread.java:748) [?:1.8.0_241]
Caused by: org.apache.http.conn.HttpHostConnectException: Connect to 127.0.0.1:8500 [/127.0.0.1] failed: Connection refused (Connection refused)
	at org.apache.http.impl.conn.DefaultHttpClientConnectionOperator.connect(DefaultHttpClientConnectionOperator.java:156) ~[httpclient-4.5.13.jar:4.5.13]
	at org.apache.http.impl.conn.PoolingHttpClientConnectionManager.connect(PoolingHttpClientConnectionManager.java:376) ~[httpclient-4.5.13.jar:4.5.13]
	at org.apache.http.impl.execchain.MainClientExec.establishRoute(MainClientExec.java:393) ~[httpclient-4.5.13.jar:4.5.13]
	at org.apache.http.impl.execchain.MainClientExec.execute(MainClientExec.java:236) ~[httpclient-4.5.13.jar:4.5.13]
	at org.apache.http.impl.execchain.ProtocolExec.execute(ProtocolExec.java:186) ~[httpclient-4.5.13.jar:4.5.13]
	at org.apache.http.impl.execchain.RetryExec.execute(RetryExec.java:89) ~[httpclient-4.5.13.jar:4.5.13]
	at org.apache.http.impl.execchain.RedirectExec.execute(RedirectExec.java:110) ~[httpclient-4.5.13.jar:4.5.13]
	at org.apache.http.impl.client.InternalHttpClient.doExecute(InternalHttpClient.java:185) ~[httpclient-4.5.13.jar:4.5.13]
	at org.apache.http.impl.client.CloseableHttpClient.execute(CloseableHttpClient.java:72) ~[httpclient-4.5.13.jar:4.5.13]
	at org.apache.http.impl.client.CloseableHttpClient.execute(CloseableHttpClient.java:221) ~[httpclient-4.5.13.jar:4.5.13]
	at org.apache.http.impl.client.CloseableHttpClient.execute(CloseableHttpClient.java:165) ~[httpclient-4.5.13.jar:4.5.13]
	at org.apache.http.impl.client.CloseableHttpClient.execute(CloseableHttpClient.java:140) ~[httpclient-4.5.13.jar:4.5.13]
	at com.ecwid.consul.transport.AbstractHttpTransport.executeRequest(AbstractHttpTransport.java:70) ~[consul-api-1.4.5.jar:?]
	... 13 more
Caused by: java.net.ConnectException: Connection refused (Connection refused)
	at java.net.PlainSocketImpl.socketConnect(Native Method) ~[?:1.8.0_241]
	at java.net.AbstractPlainSocketImpl.doConnect(AbstractPlainSocketImpl.java:350) ~[?:1.8.0_241]
	at java.net.AbstractPlainSocketImpl.connectToAddress(AbstractPlainSocketImpl.java:206) ~[?:1.8.0_241]
	at java.net.AbstractPlainSocketImpl.connect(AbstractPlainSocketImpl.java:188) ~[?:1.8.0_241]
	at java.net.SocksSocketImpl.connect(SocksSocketImpl.java:392) ~[?:1.8.0_241]
	at java.net.Socket.connect(Socket.java:606) ~[?:1.8.0_241]
	at org.apache.http.conn.socket.PlainConnectionSocketFactory.connectSocket(PlainConnectionSocketFactory.java:75) ~[httpclient-4.5.13.jar:4.5.13]
	at org.apache.http.impl.conn.DefaultHttpClientConnectionOperator.connect(DefaultHttpClientConnectionOperator.java:142) ~[httpclient-4.5.13.jar:4.5.13]
	at org.apache.http.impl.conn.PoolingHttpClientConnectionManager.connect(PoolingHttpClientConnectionManager.java:376) ~[httpclient-4.5.13.jar:4.5.13]
	at org.apache.http.impl.execchain.MainClientExec.establishRoute(MainClientExec.java:393) ~[httpclient-4.5.13.jar:4.5.13]
	at org.apache.http.impl.execchain.MainClientExec.execute(MainClientExec.java:236) ~[httpclient-4.5.13.jar:4.5.13]
	at org.apache.http.impl.execchain.ProtocolExec.execute(ProtocolExec.java:186) ~[httpclient-4.5.13.jar:4.5.13]
	at org.apache.http.impl.execchain.RetryExec.execute(RetryExec.java:89) ~[httpclient-4.5.13.jar:4.5.13]
	at org.apache.http.impl.execchain.RedirectExec.execute(RedirectExec.java:110) ~[httpclient-4.5.13.jar:4.5.13]
	at org.apache.http.impl.client.InternalHttpClient.doExecute(InternalHttpClient.java:185) ~[httpclient-4.5.13.jar:4.5.13]
	at org.apache.http.impl.client.CloseableHttpClient.execute(CloseableHttpClient.java:72) ~[httpclient-4.5.13.jar:4.5.13]
	at org.apache.http.impl.client.CloseableHttpClient.execute(CloseableHttpClient.java:221) ~[httpclient-4.5.13.jar:4.5.13]
	at org.apache.http.impl.client.CloseableHttpClient.execute(CloseableHttpClient.java:165) ~[httpclient-4.5.13.jar:4.5.13]
	at org.apache.http.impl.client.CloseableHttpClient.execute(CloseableHttpClient.java:140) ~[httpclient-4.5.13.jar:4.5.13]
	at com.ecwid.consul.transport.AbstractHttpTransport.executeRequest(AbstractHttpTransport.java:70) ~[consul-api-1.4.5.jar:?]
	... 13 more
2023-08-28 15:17:38.125 ERROR Druid-ConnectionPool-Create-2129636512 com.alibaba.druid.pool.DruidDataSource TID:  - create connection SQLException, url: jdbc:mysql://{tidb.host}:{tidb.port}/template?useSSL=false&allowMultiQueries=true, errorCode 0, state 08001
com.mysql.jdbc.exceptions.jdbc4.MySQLNonTransientConnectionException: Cannot load connection class because of underlying exception: 'java.lang.NumberFormatException: For input string: "{tidb.port}"'.
	at sun.reflect.NativeConstructorAccessorImpl.newInstance0(Native Method) ~[?:1.8.0_241]
	at sun.reflect.NativeConstructorAccessorImpl.newInstance(NativeConstructorAccessorImpl.java:62) ~[?:1.8.0_241]
	at sun.reflect.DelegatingConstructorAccessorImpl.newInstance(DelegatingConstructorAccessorImpl.java:45) ~[?:1.8.0_241]
	at java.lang.reflect.Constructor.newInstance(Constructor.java:423) ~[?:1.8.0_241]
	at com.mysql.jdbc.Util.handleNewInstance(Util.java:411) ~[mysql-connector-java-5.1.29.jar:?]
	at com.mysql.jdbc.Util.getInstance(Util.java:386) ~[mysql-connector-java-5.1.29.jar:?]
	at com.mysql.jdbc.SQLError.createSQLException(SQLError.java:1015) ~[mysql-connector-java-5.1.29.jar:?]
	at com.mysql.jdbc.SQLError.createSQLException(SQLError.java:989) ~[mysql-connector-java-5.1.29.jar:?]
	at com.mysql.jdbc.SQLError.createSQLException(SQLError.java:975) ~[mysql-connector-java-5.1.29.jar:?]
	at com.mysql.jdbc.SQLError.createSQLException(SQLError.java:920) ~[mysql-connector-java-5.1.29.jar:?]
	at com.mysql.jdbc.NonRegisteringDriver.connect(NonRegisteringDriver.java:356) ~[mysql-connector-java-5.1.29.jar:?]
	at com.alibaba.druid.filter.FilterChainImpl.connection_connect(FilterChainImpl.java:149) ~[druid-1.1.9.jar:1.1.9]
	at com.alibaba.druid.filter.FilterAdapter.connection_connect(FilterAdapter.java:786) ~[druid-1.1.9.jar:1.1.9]
	at com.alibaba.druid.filter.FilterChainImpl.connection_connect(FilterChainImpl.java:143) ~[druid-1.1.9.jar:1.1.9]
	at com.alibaba.druid.pool.DruidAbstractDataSource.createPhysicalConnection(DruidAbstractDataSource.java:1515) ~[druid-1.1.9.jar:1.1.9]
	at com.alibaba.druid.pool.DruidAbstractDataSource.createPhysicalConnection(DruidAbstractDataSource.java:1578) ~[druid-1.1.9.jar:1.1.9]
	at com.alibaba.druid.pool.DruidDataSource$CreateConnectionThread.run(DruidDataSource.java:2466) ~[druid-1.1.9.jar:1.1.9]
Caused by: java.lang.NumberFormatException: For input string: "{tidb.port}"
	at java.lang.NumberFormatException.forInputString(NumberFormatException.java:65) ~[?:1.8.0_241]
	at java.lang.Integer.parseInt(Integer.java:580) ~[?:1.8.0_241]
	at java.lang.Integer.parseInt(Integer.java:615) ~[?:1.8.0_241]
	at com.mysql.jdbc.NonRegisteringDriver.port(NonRegisteringDriver.java:916) ~[mysql-connector-java-5.1.29.jar:?]
	at com.mysql.jdbc.NonRegisteringDriver.connect(NonRegisteringDriver.java:347) ~[mysql-connector-java-5.1.29.jar:?]
	... 6 more
2023-08-28 15:17:38.628 ERROR Druid-ConnectionPool-Create-2129636512 com.alibaba.druid.pool.DruidDataSource TID:  - create connection SQLException, url: jdbc:mysql://{tidb.host}:{tidb.port}/template?useSSL=false&allowMultiQueries=true, errorCode 0, state 08001
com.mysql.jdbc.exceptions.jdbc4.MySQLNonTransientConnectionException: Cannot load connection class because of underlying exception: 'java.lang.NumberFormatException: For input string: "{tidb.port}"'.
	at sun.reflect.NativeConstructorAccessorImpl.newInstance0(Native Method) ~[?:1.8.0_241]
	at sun.reflect.NativeConstructorAccessorImpl.newInstance(NativeConstructorAccessorImpl.java:62) ~[?:1.8.0_241]
	at sun.reflect.DelegatingConstructorAccessorImpl.newInstance(DelegatingConstructorAccessorImpl.java:45) ~[?:1.8.0_241]
	at java.lang.reflect.Constructor.newInstance(Constructor.java:423) ~[?:1.8.0_241]
	at com.mysql.jdbc.Util.handleNewInstance(Util.java:411) ~[mysql-connector-java-5.1.29.jar:?]
	at com.mysql.jdbc.Util.getInstance(Util.java:386) ~[mysql-connector-java-5.1.29.jar:?]
	at com.mysql.jdbc.SQLError.createSQLException(SQLError.java:1015) ~[mysql-connector-java-5.1.29.jar:?]
	at com.mysql.jdbc.SQLError.createSQLException(SQLError.java:989) ~[mysql-connector-java-5.1.29.jar:?]
	at com.mysql.jdbc.SQLError.createSQLException(SQLError.java:975) ~[mysql-connector-java-5.1.29.jar:?]
	at com.mysql.jdbc.SQLError.createSQLException(SQLError.java:920) ~[mysql-connector-java-5.1.29.jar:?]
	at com.mysql.jdbc.NonRegisteringDriver.connect(NonRegisteringDriver.java:356) ~[mysql-connector-java-5.1.29.jar:?]
	at com.alibaba.druid.filter.FilterChainImpl.connection_connect(FilterChainImpl.java:149) ~[druid-1.1.9.jar:1.1.9]
	at com.alibaba.druid.filter.FilterAdapter.connection_connect(FilterAdapter.java:786) ~[druid-1.1.9.jar:1.1.9]
	at com.alibaba.druid.filter.FilterChainImpl.connection_connect(FilterChainImpl.java:143) ~[druid-1.1.9.jar:1.1.9]
	at com.alibaba.druid.pool.DruidAbstractDataSource.createPhysicalConnection(DruidAbstractDataSource.java:1515) ~[druid-1.1.9.jar:1.1.9]
	at com.alibaba.druid.pool.DruidAbstractDataSource.createPhysicalConnection(DruidAbstractDataSource.java:1578) ~[druid-1.1.9.jar:1.1.9]
	at com.alibaba.druid.pool.DruidDataSource$CreateConnectionThread.run(DruidDataSource.java:2466) ~[druid-1.1.9.jar:1.1.9]
Caused by: java.lang.NumberFormatException: For input string: "{tidb.port}"
	at java.lang.NumberFormatException.forInputString(NumberFormatException.java:65) ~[?:1.8.0_241]
	at java.lang.Integer.parseInt(Integer.java:580) ~[?:1.8.0_241]
	at java.lang.Integer.parseInt(Integer.java:615) ~[?:1.8.0_241]
	at com.mysql.jdbc.NonRegisteringDriver.port(NonRegisteringDriver.java:916) ~[mysql-connector-java-5.1.29.jar:?]
	at com.mysql.jdbc.NonRegisteringDriver.connect(NonRegisteringDriver.java:347) ~[mysql-connector-java-5.1.29.jar:?]
	... 6 more
2023-08-28 15:17:38.830 ERROR catalogWatchTaskScheduler-1 org.springframework.cloud.consul.discovery.ConsulDiscoveryClient - Error watching Consul CatalogServices
com.ecwid.consul.transport.TransportException: org.apache.http.conn.HttpHostConnectException: Connect to 127.0.0.1:8500 [/127.0.0.1] failed: Connection refused (Connection refused)
	at com.ecwid.consul.transport.AbstractHttpTransport.executeRequest(AbstractHttpTransport.java:83) ~[consul-api-1.4.5.jar:?]
	at com.ecwid.consul.transport.AbstractHttpTransport.makeGetRequest(AbstractHttpTransport.java:36) ~[consul-api-1.4.5.jar:?]
	at com.ecwid.consul.v1.ConsulRawClient.makeGetRequest(ConsulRawClient.java:139) ~[consul-api-1.4.5.jar:?]
	at com.ecwid.consul.v1.catalog.CatalogConsulClient.getCatalogServices(CatalogConsulClient.java:143) ~[consul-api-1.4.5.jar:?]
	at com.ecwid.consul.v1.ConsulClient.getCatalogServices(ConsulClient.java:400) ~[consul-api-1.4.5.jar:?]
	at org.springframework.cloud.consul.discovery.ConsulCatalogWatch.catalogServicesWatch(ConsulCatalogWatch.java:135) ~[spring-cloud-consul-discovery-2.2.6.RELEASE.jar:2.2.6.RELEASE]
	at org.springframework.scheduling.support.DelegatingErrorHandlingRunnable.run(DelegatingErrorHandlingRunnable.java:54) [spring-context-5.2.15.RELEASE.jar:5.2.15.RELEASE]
	at java.util.concurrent.Executors$RunnableAdapter.call(Executors.java:511) [?:1.8.0_241]
	at java.util.concurrent.FutureTask.runAndReset(FutureTask.java:308) [?:1.8.0_241]
	at java.util.concurrent.ScheduledThreadPoolExecutor$ScheduledFutureTask.access$301(ScheduledThreadPoolExecutor.java:180) [?:1.8.0_241]
	at java.util.concurrent.ScheduledThreadPoolExecutor$ScheduledFutureTask.run(ScheduledThreadPoolExecutor.java:294) [?:1.8.0_241]
	at java.util.concurrent.ThreadPoolExecutor.runWorker(ThreadPoolExecutor.java:1149) [?:1.8.0_241]
	at java.util.concurrent.ThreadPoolExecutor$Worker.run(ThreadPoolExecutor.java:624) [?:1.8.0_241]
	at java.lang.Thread.run(Thread.java:748) [?:1.8.0_241]
Caused by: org.apache.http.conn.HttpHostConnectException: Connect to 127.0.0.1:8500 [/127.0.0.1] failed: Connection refused (Connection refused)
	at org.apache.http.impl.conn.DefaultHttpClientConnectionOperator.connect(DefaultHttpClientConnectionOperator.java:156) ~[httpclient-4.5.13.jar:4.5.13]
	at org.apache.http.impl.conn.PoolingHttpClientConnectionManager.connect(PoolingHttpClientConnectionManager.java:376) ~[httpclient-4.5.13.jar:4.5.13]
	at org.apache.http.impl.execchain.MainClientExec.establishRoute(MainClientExec.java:393) ~[httpclient-4.5.13.jar:4.5.13]
	at org.apache.http.impl.execchain.MainClientExec.execute(MainClientExec.java:236) ~[httpclient-4.5.13.jar:4.5.13]
	at org.apache.http.impl.execchain.ProtocolExec.execute(ProtocolExec.java:186) ~[httpclient-4.5.13.jar:4.5.13]
	at org.apache.http.impl.execchain.RetryExec.execute(RetryExec.java:89) ~[httpclient-4.5.13.jar:4.5.13]
	at org.apache.http.impl.execchain.RedirectExec.execute(RedirectExec.java:110) ~[httpclient-4.5.13.jar:4.5.13]
	at org.apache.http.impl.client.InternalHttpClient.doExecute(InternalHttpClient.java:185) ~[httpclient-4.5.13.jar:4.5.13]
	at org.apache.http.impl.client.CloseableHttpClient.execute(CloseableHttpClient.java:72) ~[httpclient-4.5.13.jar:4.5.13]
	at org.apache.http.impl.client.CloseableHttpClient.execute(CloseableHttpClient.java:221) ~[httpclient-4.5.13.jar:4.5.13]
	at org.apache.http.impl.client.CloseableHttpClient.execute(CloseableHttpClient.java:165) ~[httpclient-4.5.13.jar:4.5.13]
	at org.apache.http.impl.client.CloseableHttpClient.execute(CloseableHttpClient.java:140) ~[httpclient-4.5.13.jar:4.5.13]
	at com.ecwid.consul.transport.AbstractHttpTransport.executeRequest(AbstractHttpTransport.java:70) ~[consul-api-1.4.5.jar:?]
	... 13 more
Caused by: java.net.ConnectException: Connection refused (Connection refused)
	at java.net.PlainSocketImpl.socketConnect(Native Method) ~[?:1.8.0_241]
	at java.net.AbstractPlainSocketImpl.doConnect(AbstractPlainSocketImpl.java:350) ~[?:1.8.0_241]
	at java.net.AbstractPlainSocketImpl.connectToAddress(AbstractPlainSocketImpl.java:206) ~[?:1.8.0_241]
	at java.net.AbstractPlainSocketImpl.connect(AbstractPlainSocketImpl.java:188) ~[?:1.8.0_241]
	at java.net.SocksSocketImpl.connect(SocksSocketImpl.java:392) ~[?:1.8.0_241]
	at java.net.Socket.connect(Socket.java:606) ~[?:1.8.0_241]
	at org.apache.http.conn.socket.PlainConnectionSocketFactory.connectSocket(PlainConnectionSocketFactory.java:75) ~[httpclient-4.5.13.jar:4.5.13]
	at org.apache.http.impl.conn.DefaultHttpClientConnectionOperator.connect(DefaultHttpClientConnectionOperator.java:142) ~[httpclient-4.5.13.jar:4.5.13]
	at org.apache.http.impl.conn.PoolingHttpClientConnectionManager.connect(PoolingHttpClientConnectionManager.java:376) ~[httpclient-4.5.13.jar:4.5.13]
	at org.apache.http.impl.execchain.MainClientExec.establishRoute(MainClientExec.java:393) ~[httpclient-4.5.13.jar:4.5.13]
	at org.apache.http.impl.execchain.MainClientExec.execute(MainClientExec.java:236) ~[httpclient-4.5.13.jar:4.5.13]
	at org.apache.http.impl.execchain.ProtocolExec.execute(ProtocolExec.java:186) ~[httpclient-4.5.13.jar:4.5.13]
	at org.apache.http.impl.execchain.RetryExec.execute(RetryExec.java:89) ~[httpclient-4.5.13.jar:4.5.13]
	at org.apache.http.impl.execchain.RedirectExec.execute(RedirectExec.java:110) ~[httpclient-4.5.13.jar:4.5.13]
	at org.apache.http.impl.client.InternalHttpClient.doExecute(InternalHttpClient.java:185) ~[httpclient-4.5.13.jar:4.5.13]
	at org.apache.http.impl.client.CloseableHttpClient.execute(CloseableHttpClient.java:72) ~[httpclient-4.5.13.jar:4.5.13]
	at org.apache.http.impl.client.CloseableHttpClient.execute(CloseableHttpClient.java:221) ~[httpclient-4.5.13.jar:4.5.13]
	at org.apache.http.impl.client.CloseableHttpClient.execute(CloseableHttpClient.java:165) ~[httpclient-4.5.13.jar:4.5.13]
	at org.apache.http.impl.client.CloseableHttpClient.execute(CloseableHttpClient.java:140) ~[httpclient-4.5.13.jar:4.5.13]
	at com.ecwid.consul.transport.AbstractHttpTransport.executeRequest(AbstractHttpTransport.java:70) ~[consul-api-1.4.5.jar:?]
	... 13 more
2023-08-28 15:17:39.129 ERROR Druid-ConnectionPool-Create-2129636512 com.alibaba.druid.pool.DruidDataSource TID:  - create connection SQLException, url: jdbc:mysql://{tidb.host}:{tidb.port}/template?useSSL=false&allowMultiQueries=true, errorCode 0, state 08001
com.mysql.jdbc.exceptions.jdbc4.MySQLNonTransientConnectionException: Cannot load connection class because of underlying exception: 'java.lang.NumberFormatException: For input string: "{tidb.port}"'.
	at sun.reflect.NativeConstructorAccessorImpl.newInstance0(Native Method) ~[?:1.8.0_241]
	at sun.reflect.NativeConstructorAccessorImpl.newInstance(NativeConstructorAccessorImpl.java:62) ~[?:1.8.0_241]
	at sun.reflect.DelegatingConstructorAccessorImpl.newInstance(DelegatingConstructorAccessorImpl.java:45) ~[?:1.8.0_241]
	at java.lang.reflect.Constructor.newInstance(Constructor.java:423) ~[?:1.8.0_241]
	at com.mysql.jdbc.Util.handleNewInstance(Util.java:411) ~[mysql-connector-java-5.1.29.jar:?]
	at com.mysql.jdbc.Util.getInstance(Util.java:386) ~[mysql-connector-java-5.1.29.jar:?]
	at com.mysql.jdbc.SQLError.createSQLException(SQLError.java:1015) ~[mysql-connector-java-5.1.29.jar:?]
	at com.mysql.jdbc.SQLError.createSQLException(SQLError.java:989) ~[mysql-connector-java-5.1.29.jar:?]
	at com.mysql.jdbc.SQLError.createSQLException(SQLError.java:975) ~[mysql-connector-java-5.1.29.jar:?]
	at com.mysql.jdbc.SQLError.createSQLException(SQLError.java:920) ~[mysql-connector-java-5.1.29.jar:?]
	at com.mysql.jdbc.NonRegisteringDriver.connect(NonRegisteringDriver.java:356) ~[mysql-connector-java-5.1.29.jar:?]
	at com.alibaba.druid.filter.FilterChainImpl.connection_connect(FilterChainImpl.java:149) ~[druid-1.1.9.jar:1.1.9]
	at com.alibaba.druid.filter.FilterAdapter.connection_connect(FilterAdapter.java:786) ~[druid-1.1.9.jar:1.1.9]
	at com.alibaba.druid.filter.FilterChainImpl.connection_connect(FilterChainImpl.java:143) ~[druid-1.1.9.jar:1.1.9]
	at com.alibaba.druid.pool.DruidAbstractDataSource.createPhysicalConnection(DruidAbstractDataSource.java:1515) ~[druid-1.1.9.jar:1.1.9]
	at com.alibaba.druid.pool.DruidAbstractDataSource.createPhysicalConnection(DruidAbstractDataSource.java:1578) ~[druid-1.1.9.jar:1.1.9]
	at com.alibaba.druid.pool.DruidDataSource$CreateConnectionThread.run(DruidDataSource.java:2466) ~[druid-1.1.9.jar:1.1.9]
Caused by: java.lang.NumberFormatException: For input string: "{tidb.port}"
	at java.lang.NumberFormatException.forInputString(NumberFormatException.java:65) ~[?:1.8.0_241]
	at java.lang.Integer.parseInt(Integer.java:580) ~[?:1.8.0_241]
	at java.lang.Integer.parseInt(Integer.java:615) ~[?:1.8.0_241]
	at com.mysql.jdbc.NonRegisteringDriver.port(NonRegisteringDriver.java:916) ~[mysql-connector-java-5.1.29.jar:?]
	at com.mysql.jdbc.NonRegisteringDriver.connect(NonRegisteringDriver.java:347) ~[mysql-connector-java-5.1.29.jar:?]
	... 6 more
2023-08-28 15:17:39.633 ERROR Druid-ConnectionPool-Create-2129636512 com.alibaba.druid.pool.DruidDataSource TID:  - create connection SQLException, url: jdbc:mysql://{tidb.host}:{tidb.port}/template?useSSL=false&allowMultiQueries=true, errorCode 0, state 08001
com.mysql.jdbc.exceptions.jdbc4.MySQLNonTransientConnectionException: Cannot load connection class because of underlying exception: 'java.lang.NumberFormatException: For input string: "{tidb.port}"'.
	at sun.reflect.NativeConstructorAccessorImpl.newInstance0(Native Method) ~[?:1.8.0_241]
	at sun.reflect.NativeConstructorAccessorImpl.newInstance(NativeConstructorAccessorImpl.java:62) ~[?:1.8.0_241]
	at sun.reflect.DelegatingConstructorAccessorImpl.newInstance(DelegatingConstructorAccessorImpl.java:45) ~[?:1.8.0_241]
	at java.lang.reflect.Constructor.newInstance(Constructor.java:423) ~[?:1.8.0_241]
	at com.mysql.jdbc.Util.handleNewInstance(Util.java:411) ~[mysql-connector-java-5.1.29.jar:?]
	at com.mysql.jdbc.Util.getInstance(Util.java:386) ~[mysql-connector-java-5.1.29.jar:?]
	at com.mysql.jdbc.SQLError.createSQLException(SQLError.java:1015) ~[mysql-connector-java-5.1.29.jar:?]
	at com.mysql.jdbc.SQLError.createSQLException(SQLError.java:989) ~[mysql-connector-java-5.1.29.jar:?]
	at com.mysql.jdbc.SQLError.createSQLException(SQLError.java:975) ~[mysql-connector-java-5.1.29.jar:?]
	at com.mysql.jdbc.SQLError.createSQLException(SQLError.java:920) ~[mysql-connector-java-5.1.29.jar:?]
	at com.mysql.jdbc.NonRegisteringDriver.connect(NonRegisteringDriver.java:356) ~[mysql-connector-java-5.1.29.jar:?]
	at com.alibaba.druid.filter.FilterChainImpl.connection_connect(FilterChainImpl.java:149) ~[druid-1.1.9.jar:1.1.9]
	at com.alibaba.druid.filter.FilterAdapter.connection_connect(FilterAdapter.java:786) ~[druid-1.1.9.jar:1.1.9]
	at com.alibaba.druid.filter.FilterChainImpl.connection_connect(FilterChainImpl.java:143) ~[druid-1.1.9.jar:1.1.9]
	at com.alibaba.druid.pool.DruidAbstractDataSource.createPhysicalConnection(DruidAbstractDataSource.java:1515) ~[druid-1.1.9.jar:1.1.9]
	at com.alibaba.druid.pool.DruidAbstractDataSource.createPhysicalConnection(DruidAbstractDataSource.java:1578) ~[druid-1.1.9.jar:1.1.9]
	at com.alibaba.druid.pool.DruidDataSource$CreateConnectionThread.run(DruidDataSource.java:2466) ~[druid-1.1.9.jar:1.1.9]
Caused by: java.lang.NumberFormatException: For input string: "{tidb.port}"
	at java.lang.NumberFormatException.forInputString(NumberFormatException.java:65) ~[?:1.8.0_241]
	at java.lang.Integer.parseInt(Integer.java:580) ~[?:1.8.0_241]
	at java.lang.Integer.parseInt(Integer.java:615) ~[?:1.8.0_241]
	at com.mysql.jdbc.NonRegisteringDriver.port(NonRegisteringDriver.java:916) ~[mysql-connector-java-5.1.29.jar:?]
	at com.mysql.jdbc.NonRegisteringDriver.connect(NonRegisteringDriver.java:347) ~[mysql-connector-java-5.1.29.jar:?]
	... 6 more
2023-08-28 15:17:39.836 ERROR catalogWatchTaskScheduler-1 org.springframework.cloud.consul.discovery.ConsulDiscoveryClient - Error watching Consul CatalogServices
com.ecwid.consul.transport.TransportException: org.apache.http.conn.HttpHostConnectException: Connect to 127.0.0.1:8500 [/127.0.0.1] failed: Connection refused (Connection refused)
	at com.ecwid.consul.transport.AbstractHttpTransport.executeRequest(AbstractHttpTransport.java:83) ~[consul-api-1.4.5.jar:?]
	at com.ecwid.consul.transport.AbstractHttpTransport.makeGetRequest(AbstractHttpTransport.java:36) ~[consul-api-1.4.5.jar:?]
	at com.ecwid.consul.v1.ConsulRawClient.makeGetRequest(ConsulRawClient.java:139) ~[consul-api-1.4.5.jar:?]
	at com.ecwid.consul.v1.catalog.CatalogConsulClient.getCatalogServices(CatalogConsulClient.java:143) ~[consul-api-1.4.5.jar:?]
	at com.ecwid.consul.v1.ConsulClient.getCatalogServices(ConsulClient.java:400) ~[consul-api-1.4.5.jar:?]
	at org.springframework.cloud.consul.discovery.ConsulCatalogWatch.catalogServicesWatch(ConsulCatalogWatch.java:135) ~[spring-cloud-consul-discovery-2.2.6.RELEASE.jar:2.2.6.RELEASE]
	at org.springframework.scheduling.support.DelegatingErrorHandlingRunnable.run(DelegatingErrorHandlingRunnable.java:54) [spring-context-5.2.15.RELEASE.jar:5.2.15.RELEASE]
	at java.util.concurrent.Executors$RunnableAdapter.call(Executors.java:511) [?:1.8.0_241]
	at java.util.concurrent.FutureTask.runAndReset(FutureTask.java:308) [?:1.8.0_241]
	at java.util.concurrent.ScheduledThreadPoolExecutor$ScheduledFutureTask.access$301(ScheduledThreadPoolExecutor.java:180) [?:1.8.0_241]
	at java.util.concurrent.ScheduledThreadPoolExecutor$ScheduledFutureTask.run(ScheduledThreadPoolExecutor.java:294) [?:1.8.0_241]
	at java.util.concurrent.ThreadPoolExecutor.runWorker(ThreadPoolExecutor.java:1149) [?:1.8.0_241]
	at java.util.concurrent.ThreadPoolExecutor$Worker.run(ThreadPoolExecutor.java:624) [?:1.8.0_241]
	at java.lang.Thread.run(Thread.java:748) [?:1.8.0_241]
Caused by: org.apache.http.conn.HttpHostConnectException: Connect to 127.0.0.1:8500 [/127.0.0.1] failed: Connection refused (Connection refused)
	at org.apache.http.impl.conn.DefaultHttpClientConnectionOperator.connect(DefaultHttpClientConnectionOperator.java:156) ~[httpclient-4.5.13.jar:4.5.13]
	at org.apache.http.impl.conn.PoolingHttpClientConnectionManager.connect(PoolingHttpClientConnectionManager.java:376) ~[httpclient-4.5.13.jar:4.5.13]
	at org.apache.http.impl.execchain.MainClientExec.establishRoute(MainClientExec.java:393) ~[httpclient-4.5.13.jar:4.5.13]
	at org.apache.http.impl.execchain.MainClientExec.execute(MainClientExec.java:236) ~[httpclient-4.5.13.jar:4.5.13]
	at org.apache.http.impl.execchain.ProtocolExec.execute(ProtocolExec.java:186) ~[httpclient-4.5.13.jar:4.5.13]
	at org.apache.http.impl.execchain.RetryExec.execute(RetryExec.java:89) ~[httpclient-4.5.13.jar:4.5.13]
	at org.apache.http.impl.execchain.RedirectExec.execute(RedirectExec.java:110) ~[httpclient-4.5.13.jar:4.5.13]
	at org.apache.http.impl.client.InternalHttpClient.doExecute(InternalHttpClient.java:185) ~[httpclient-4.5.13.jar:4.5.13]
	at org.apache.http.impl.client.CloseableHttpClient.execute(CloseableHttpClient.java:72) ~[httpclient-4.5.13.jar:4.5.13]
	at org.apache.http.impl.client.CloseableHttpClient.execute(CloseableHttpClient.java:221) ~[httpclient-4.5.13.jar:4.5.13]
	at org.apache.http.impl.client.CloseableHttpClient.execute(CloseableHttpClient.java:165) ~[httpclient-4.5.13.jar:4.5.13]
	at org.apache.http.impl.client.CloseableHttpClient.execute(CloseableHttpClient.java:140) ~[httpclient-4.5.13.jar:4.5.13]
	at com.ecwid.consul.transport.AbstractHttpTransport.executeRequest(AbstractHttpTransport.java:70) ~[consul-api-1.4.5.jar:?]
	... 13 more
Caused by: java.net.ConnectException: Connection refused (Connection refused)
	at java.net.PlainSocketImpl.socketConnect(Native Method) ~[?:1.8.0_241]
	at java.net.AbstractPlainSocketImpl.doConnect(AbstractPlainSocketImpl.java:350) ~[?:1.8.0_241]
	at java.net.AbstractPlainSocketImpl.connectToAddress(AbstractPlainSocketImpl.java:206) ~[?:1.8.0_241]
	at java.net.AbstractPlainSocketImpl.connect(AbstractPlainSocketImpl.java:188) ~[?:1.8.0_241]
	at java.net.SocksSocketImpl.connect(SocksSocketImpl.java:392) ~[?:1.8.0_241]
	at java.net.Socket.connect(Socket.java:606) ~[?:1.8.0_241]
	at org.apache.http.conn.socket.PlainConnectionSocketFactory.connectSocket(PlainConnectionSocketFactory.java:75) ~[httpclient-4.5.13.jar:4.5.13]
	at org.apache.http.impl.conn.DefaultHttpClientConnectionOperator.connect(DefaultHttpClientConnectionOperator.java:142) ~[httpclient-4.5.13.jar:4.5.13]
	at org.apache.http.impl.conn.PoolingHttpClientConnectionManager.connect(PoolingHttpClientConnectionManager.java:376) ~[httpclient-4.5.13.jar:4.5.13]
	at org.apache.http.impl.execchain.MainClientExec.establishRoute(MainClientExec.java:393) ~[httpclient-4.5.13.jar:4.5.13]
	at org.apache.http.impl.execchain.MainClientExec.execute(MainClientExec.java:236) ~[httpclient-4.5.13.jar:4.5.13]
	at org.apache.http.impl.execchain.ProtocolExec.execute(ProtocolExec.java:186) ~[httpclient-4.5.13.jar:4.5.13]
	at org.apache.http.impl.execchain.RetryExec.execute(RetryExec.java:89) ~[httpclient-4.5.13.jar:4.5.13]
	at org.apache.http.impl.execchain.RedirectExec.execute(RedirectExec.java:110) ~[httpclient-4.5.13.jar:4.5.13]
	at org.apache.http.impl.client.InternalHttpClient.doExecute(InternalHttpClient.java:185) ~[httpclient-4.5.13.jar:4.5.13]
	at org.apache.http.impl.client.CloseableHttpClient.execute(CloseableHttpClient.java:72) ~[httpclient-4.5.13.jar:4.5.13]
	at org.apache.http.impl.client.CloseableHttpClient.execute(CloseableHttpClient.java:221) ~[httpclient-4.5.13.jar:4.5.13]
	at org.apache.http.impl.client.CloseableHttpClient.execute(CloseableHttpClient.java:165) ~[httpclient-4.5.13.jar:4.5.13]
	at org.apache.http.impl.client.CloseableHttpClient.execute(CloseableHttpClient.java:140) ~[httpclient-4.5.13.jar:4.5.13]
	at com.ecwid.consul.transport.AbstractHttpTransport.executeRequest(AbstractHttpTransport.java:70) ~[consul-api-1.4.5.jar:?]
	... 13 more
2023-08-28 15:17:40.136 ERROR Druid-ConnectionPool-Create-2129636512 com.alibaba.druid.pool.DruidDataSource TID:  - create connection SQLException, url: jdbc:mysql://{tidb.host}:{tidb.port}/template?useSSL=false&allowMultiQueries=true, errorCode 0, state 08001
com.mysql.jdbc.exceptions.jdbc4.MySQLNonTransientConnectionException: Cannot load connection class because of underlying exception: 'java.lang.NumberFormatException: For input string: "{tidb.port}"'.
	at sun.reflect.GeneratedConstructorAccessor97.newInstance(Unknown Source) ~[?:?]
	at sun.reflect.DelegatingConstructorAccessorImpl.newInstance(DelegatingConstructorAccessorImpl.java:45) ~[?:1.8.0_241]
	at java.lang.reflect.Constructor.newInstance(Constructor.java:423) ~[?:1.8.0_241]
	at com.mysql.jdbc.Util.handleNewInstance(Util.java:411) ~[mysql-connector-java-5.1.29.jar:?]
	at com.mysql.jdbc.Util.getInstance(Util.java:386) ~[mysql-connector-java-5.1.29.jar:?]
	at com.mysql.jdbc.SQLError.createSQLException(SQLError.java:1015) ~[mysql-connector-java-5.1.29.jar:?]
	at com.mysql.jdbc.SQLError.createSQLException(SQLError.java:989) ~[mysql-connector-java-5.1.29.jar:?]
	at com.mysql.jdbc.SQLError.createSQLException(SQLError.java:975) ~[mysql-connector-java-5.1.29.jar:?]
	at com.mysql.jdbc.SQLError.createSQLException(SQLError.java:920) ~[mysql-connector-java-5.1.29.jar:?]
	at com.mysql.jdbc.NonRegisteringDriver.connect(NonRegisteringDriver.java:356) ~[mysql-connector-java-5.1.29.jar:?]
	at com.alibaba.druid.filter.FilterChainImpl.connection_connect(FilterChainImpl.java:149) ~[druid-1.1.9.jar:1.1.9]
	at com.alibaba.druid.filter.FilterAdapter.connection_connect(FilterAdapter.java:786) ~[druid-1.1.9.jar:1.1.9]
	at com.alibaba.druid.filter.FilterChainImpl.connection_connect(FilterChainImpl.java:143) ~[druid-1.1.9.jar:1.1.9]
	at com.alibaba.druid.pool.DruidAbstractDataSource.createPhysicalConnection(DruidAbstractDataSource.java:1515) ~[druid-1.1.9.jar:1.1.9]
	at com.alibaba.druid.pool.DruidAbstractDataSource.createPhysicalConnection(DruidAbstractDataSource.java:1578) ~[druid-1.1.9.jar:1.1.9]
	at com.alibaba.druid.pool.DruidDataSource$CreateConnectionThread.run(DruidDataSource.java:2466) ~[druid-1.1.9.jar:1.1.9]
Caused by: java.lang.NumberFormatException: For input string: "{tidb.port}"
	at java.lang.NumberFormatException.forInputString(NumberFormatException.java:65) ~[?:1.8.0_241]
	at java.lang.Integer.parseInt(Integer.java:580) ~[?:1.8.0_241]
	at java.lang.Integer.parseInt(Integer.java:615) ~[?:1.8.0_241]
	at com.mysql.jdbc.NonRegisteringDriver.port(NonRegisteringDriver.java:916) ~[mysql-connector-java-5.1.29.jar:?]
	at com.mysql.jdbc.NonRegisteringDriver.connect(NonRegisteringDriver.java:347) ~[mysql-connector-java-5.1.29.jar:?]
	... 6 more
2023-08-28 15:17:40.639 ERROR Druid-ConnectionPool-Create-2129636512 com.alibaba.druid.pool.DruidDataSource TID:  - create connection SQLException, url: jdbc:mysql://{tidb.host}:{tidb.port}/template?useSSL=false&allowMultiQueries=true, errorCode 0, state 08001
com.mysql.jdbc.exceptions.jdbc4.MySQLNonTransientConnectionException: Cannot load connection class because of underlying exception: 'java.lang.NumberFormatException: For input string: "{tidb.port}"'.
	at sun.reflect.GeneratedConstructorAccessor97.newInstance(Unknown Source) ~[?:?]
	at sun.reflect.DelegatingConstructorAccessorImpl.newInstance(DelegatingConstructorAccessorImpl.java:45) ~[?:1.8.0_241]
	at java.lang.reflect.Constructor.newInstance(Constructor.java:423) ~[?:1.8.0_241]
	at com.mysql.jdbc.Util.handleNewInstance(Util.java:411) ~[mysql-connector-java-5.1.29.jar:?]
	at com.mysql.jdbc.Util.getInstance(Util.java:386) ~[mysql-connector-java-5.1.29.jar:?]
	at com.mysql.jdbc.SQLError.createSQLException(SQLError.java:1015) ~[mysql-connector-java-5.1.29.jar:?]
	at com.mysql.jdbc.SQLError.createSQLException(SQLError.java:989) ~[mysql-connector-java-5.1.29.jar:?]
	at com.mysql.jdbc.SQLError.createSQLException(SQLError.java:975) ~[mysql-connector-java-5.1.29.jar:?]
	at com.mysql.jdbc.SQLError.createSQLException(SQLError.java:920) ~[mysql-connector-java-5.1.29.jar:?]
	at com.mysql.jdbc.NonRegisteringDriver.connect(NonRegisteringDriver.java:356) ~[mysql-connector-java-5.1.29.jar:?]
	at com.alibaba.druid.filter.FilterChainImpl.connection_connect(FilterChainImpl.java:149) ~[druid-1.1.9.jar:1.1.9]
	at com.alibaba.druid.filter.FilterAdapter.connection_connect(FilterAdapter.java:786) ~[druid-1.1.9.jar:1.1.9]
	at com.alibaba.druid.filter.FilterChainImpl.connection_connect(FilterChainImpl.java:143) ~[druid-1.1.9.jar:1.1.9]
	at com.alibaba.druid.pool.DruidAbstractDataSource.createPhysicalConnection(DruidAbstractDataSource.java:1515) ~[druid-1.1.9.jar:1.1.9]
	at com.alibaba.druid.pool.DruidAbstractDataSource.createPhysicalConnection(DruidAbstractDataSource.java:1578) ~[druid-1.1.9.jar:1.1.9]
	at com.alibaba.druid.pool.DruidDataSource$CreateConnectionThread.run(DruidDataSource.java:2466) ~[druid-1.1.9.jar:1.1.9]
Caused by: java.lang.NumberFormatException: For input string: "{tidb.port}"
	at java.lang.NumberFormatException.forInputString(NumberFormatException.java:65) ~[?:1.8.0_241]
	at java.lang.Integer.parseInt(Integer.java:580) ~[?:1.8.0_241]
	at java.lang.Integer.parseInt(Integer.java:615) ~[?:1.8.0_241]
	at com.mysql.jdbc.NonRegisteringDriver.port(NonRegisteringDriver.java:916) ~[mysql-connector-java-5.1.29.jar:?]
	at com.mysql.jdbc.NonRegisteringDriver.connect(NonRegisteringDriver.java:347) ~[mysql-connector-java-5.1.29.jar:?]
	... 6 more
2023-08-28 15:17:40.841 ERROR catalogWatchTaskScheduler-1 org.springframework.cloud.consul.discovery.ConsulDiscoveryClient - Error watching Consul CatalogServices
com.ecwid.consul.transport.TransportException: org.apache.http.conn.HttpHostConnectException: Connect to 127.0.0.1:8500 [/127.0.0.1] failed: Connection refused (Connection refused)
	at com.ecwid.consul.transport.AbstractHttpTransport.executeRequest(AbstractHttpTransport.java:83) ~[consul-api-1.4.5.jar:?]
	at com.ecwid.consul.transport.AbstractHttpTransport.makeGetRequest(AbstractHttpTransport.java:36) ~[consul-api-1.4.5.jar:?]
	at com.ecwid.consul.v1.ConsulRawClient.makeGetRequest(ConsulRawClient.java:139) ~[consul-api-1.4.5.jar:?]
	at com.ecwid.consul.v1.catalog.CatalogConsulClient.getCatalogServices(CatalogConsulClient.java:143) ~[consul-api-1.4.5.jar:?]
	at com.ecwid.consul.v1.ConsulClient.getCatalogServices(ConsulClient.java:400) ~[consul-api-1.4.5.jar:?]
	at org.springframework.cloud.consul.discovery.ConsulCatalogWatch.catalogServicesWatch(ConsulCatalogWatch.java:135) ~[spring-cloud-consul-discovery-2.2.6.RELEASE.jar:2.2.6.RELEASE]
	at org.springframework.scheduling.support.DelegatingErrorHandlingRunnable.run(DelegatingErrorHandlingRunnable.java:54) [spring-context-5.2.15.RELEASE.jar:5.2.15.RELEASE]
	at java.util.concurrent.Executors$RunnableAdapter.call(Executors.java:511) [?:1.8.0_241]
	at java.util.concurrent.FutureTask.runAndReset(FutureTask.java:308) [?:1.8.0_241]
	at java.util.concurrent.ScheduledThreadPoolExecutor$ScheduledFutureTask.access$301(ScheduledThreadPoolExecutor.java:180) [?:1.8.0_241]
	at java.util.concurrent.ScheduledThreadPoolExecutor$ScheduledFutureTask.run(ScheduledThreadPoolExecutor.java:294) [?:1.8.0_241]
	at java.util.concurrent.ThreadPoolExecutor.runWorker(ThreadPoolExecutor.java:1149) [?:1.8.0_241]
	at java.util.concurrent.ThreadPoolExecutor$Worker.run(ThreadPoolExecutor.java:624) [?:1.8.0_241]
	at java.lang.Thread.run(Thread.java:748) [?:1.8.0_241]
Caused by: org.apache.http.conn.HttpHostConnectException: Connect to 127.0.0.1:8500 [/127.0.0.1] failed: Connection refused (Connection refused)
	at org.apache.http.impl.conn.DefaultHttpClientConnectionOperator.connect(DefaultHttpClientConnectionOperator.java:156) ~[httpclient-4.5.13.jar:4.5.13]
	at org.apache.http.impl.conn.PoolingHttpClientConnectionManager.connect(PoolingHttpClientConnectionManager.java:376) ~[httpclient-4.5.13.jar:4.5.13]
	at org.apache.http.impl.execchain.MainClientExec.establishRoute(MainClientExec.java:393) ~[httpclient-4.5.13.jar:4.5.13]
	at org.apache.http.impl.execchain.MainClientExec.execute(MainClientExec.java:236) ~[httpclient-4.5.13.jar:4.5.13]
	at org.apache.http.impl.execchain.ProtocolExec.execute(ProtocolExec.java:186) ~[httpclient-4.5.13.jar:4.5.13]
	at org.apache.http.impl.execchain.RetryExec.execute(RetryExec.java:89) ~[httpclient-4.5.13.jar:4.5.13]
	at org.apache.http.impl.execchain.RedirectExec.execute(RedirectExec.java:110) ~[httpclient-4.5.13.jar:4.5.13]
	at org.apache.http.impl.client.InternalHttpClient.doExecute(InternalHttpClient.java:185) ~[httpclient-4.5.13.jar:4.5.13]
	at org.apache.http.impl.client.CloseableHttpClient.execute(CloseableHttpClient.java:72) ~[httpclient-4.5.13.jar:4.5.13]
	at org.apache.http.impl.client.CloseableHttpClient.execute(CloseableHttpClient.java:221) ~[httpclient-4.5.13.jar:4.5.13]
	at org.apache.http.impl.client.CloseableHttpClient.execute(CloseableHttpClient.java:165) ~[httpclient-4.5.13.jar:4.5.13]
	at org.apache.http.impl.client.CloseableHttpClient.execute(CloseableHttpClient.java:140) ~[httpclient-4.5.13.jar:4.5.13]
	at com.ecwid.consul.transport.AbstractHttpTransport.executeRequest(AbstractHttpTransport.java:70) ~[consul-api-1.4.5.jar:?]
	... 13 more
Caused by: java.net.ConnectException: Connection refused (Connection refused)
	at java.net.PlainSocketImpl.socketConnect(Native Method) ~[?:1.8.0_241]
	at java.net.AbstractPlainSocketImpl.doConnect(AbstractPlainSocketImpl.java:350) ~[?:1.8.0_241]
	at java.net.AbstractPlainSocketImpl.connectToAddress(AbstractPlainSocketImpl.java:206) ~[?:1.8.0_241]
	at java.net.AbstractPlainSocketImpl.connect(AbstractPlainSocketImpl.java:188) ~[?:1.8.0_241]
	at java.net.SocksSocketImpl.connect(SocksSocketImpl.java:392) ~[?:1.8.0_241]
	at java.net.Socket.connect(Socket.java:606) ~[?:1.8.0_241]
	at org.apache.http.conn.socket.PlainConnectionSocketFactory.connectSocket(PlainConnectionSocketFactory.java:75) ~[httpclient-4.5.13.jar:4.5.13]
	at org.apache.http.impl.conn.DefaultHttpClientConnectionOperator.connect(DefaultHttpClientConnectionOperator.java:142) ~[httpclient-4.5.13.jar:4.5.13]
	at org.apache.http.impl.conn.PoolingHttpClientConnectionManager.connect(PoolingHttpClientConnectionManager.java:376) ~[httpclient-4.5.13.jar:4.5.13]
	at org.apache.http.impl.execchain.MainClientExec.establishRoute(MainClientExec.java:393) ~[httpclient-4.5.13.jar:4.5.13]
	at org.apache.http.impl.execchain.MainClientExec.execute(MainClientExec.java:236) ~[httpclient-4.5.13.jar:4.5.13]
	at org.apache.http.impl.execchain.ProtocolExec.execute(ProtocolExec.java:186) ~[httpclient-4.5.13.jar:4.5.13]
	at org.apache.http.impl.execchain.RetryExec.execute(RetryExec.java:89) ~[httpclient-4.5.13.jar:4.5.13]
	at org.apache.http.impl.execchain.RedirectExec.execute(RedirectExec.java:110) ~[httpclient-4.5.13.jar:4.5.13]
	at org.apache.http.impl.client.InternalHttpClient.doExecute(InternalHttpClient.java:185) ~[httpclient-4.5.13.jar:4.5.13]
	at org.apache.http.impl.client.CloseableHttpClient.execute(CloseableHttpClient.java:72) ~[httpclient-4.5.13.jar:4.5.13]
	at org.apache.http.impl.client.CloseableHttpClient.execute(CloseableHttpClient.java:221) ~[httpclient-4.5.13.jar:4.5.13]
	at org.apache.http.impl.client.CloseableHttpClient.execute(CloseableHttpClient.java:165) ~[httpclient-4.5.13.jar:4.5.13]
	at org.apache.http.impl.client.CloseableHttpClient.execute(CloseableHttpClient.java:140) ~[httpclient-4.5.13.jar:4.5.13]
	at com.ecwid.consul.transport.AbstractHttpTransport.executeRequest(AbstractHttpTransport.java:70) ~[consul-api-1.4.5.jar:?]
	... 13 more
2023-08-28 15:17:41.144 ERROR Druid-ConnectionPool-Create-2129636512 com.alibaba.druid.pool.DruidDataSource TID:  - create connection SQLException, url: jdbc:mysql://{tidb.host}:{tidb.port}/template?useSSL=false&allowMultiQueries=true, errorCode 0, state 08001
com.mysql.jdbc.exceptions.jdbc4.MySQLNonTransientConnectionException: Cannot load connection class because of underlying exception: 'java.lang.NumberFormatException: For input string: "{tidb.port}"'.
	at sun.reflect.GeneratedConstructorAccessor97.newInstance(Unknown Source) ~[?:?]
	at sun.reflect.DelegatingConstructorAccessorImpl.newInstance(DelegatingConstructorAccessorImpl.java:45) ~[?:1.8.0_241]
	at java.lang.reflect.Constructor.newInstance(Constructor.java:423) ~[?:1.8.0_241]
	at com.mysql.jdbc.Util.handleNewInstance(Util.java:411) ~[mysql-connector-java-5.1.29.jar:?]
	at com.mysql.jdbc.Util.getInstance(Util.java:386) ~[mysql-connector-java-5.1.29.jar:?]
	at com.mysql.jdbc.SQLError.createSQLException(SQLError.java:1015) ~[mysql-connector-java-5.1.29.jar:?]
	at com.mysql.jdbc.SQLError.createSQLException(SQLError.java:989) ~[mysql-connector-java-5.1.29.jar:?]
	at com.mysql.jdbc.SQLError.createSQLException(SQLError.java:975) ~[mysql-connector-java-5.1.29.jar:?]
	at com.mysql.jdbc.SQLError.createSQLException(SQLError.java:920) ~[mysql-connector-java-5.1.29.jar:?]
	at com.mysql.jdbc.NonRegisteringDriver.connect(NonRegisteringDriver.java:356) ~[mysql-connector-java-5.1.29.jar:?]
	at com.alibaba.druid.filter.FilterChainImpl.connection_connect(FilterChainImpl.java:149) ~[druid-1.1.9.jar:1.1.9]
	at com.alibaba.druid.filter.FilterAdapter.connection_connect(FilterAdapter.java:786) ~[druid-1.1.9.jar:1.1.9]
	at com.alibaba.druid.filter.FilterChainImpl.connection_connect(FilterChainImpl.java:143) ~[druid-1.1.9.jar:1.1.9]
	at com.alibaba.druid.pool.DruidAbstractDataSource.createPhysicalConnection(DruidAbstractDataSource.java:1515) ~[druid-1.1.9.jar:1.1.9]
	at com.alibaba.druid.pool.DruidAbstractDataSource.createPhysicalConnection(DruidAbstractDataSource.java:1578) ~[druid-1.1.9.jar:1.1.9]
	at com.alibaba.druid.pool.DruidDataSource$CreateConnectionThread.run(DruidDataSource.java:2466) ~[druid-1.1.9.jar:1.1.9]
Caused by: java.lang.NumberFormatException: For input string: "{tidb.port}"
	at java.lang.NumberFormatException.forInputString(NumberFormatException.java:65) ~[?:1.8.0_241]
	at java.lang.Integer.parseInt(Integer.java:580) ~[?:1.8.0_241]
	at java.lang.Integer.parseInt(Integer.java:615) ~[?:1.8.0_241]
	at com.mysql.jdbc.NonRegisteringDriver.port(NonRegisteringDriver.java:916) ~[mysql-connector-java-5.1.29.jar:?]
	at com.mysql.jdbc.NonRegisteringDriver.connect(NonRegisteringDriver.java:347) ~[mysql-connector-java-5.1.29.jar:?]
	... 6 more
2023-08-28 15:17:41.648 ERROR Druid-ConnectionPool-Create-2129636512 com.alibaba.druid.pool.DruidDataSource TID:  - create connection SQLException, url: jdbc:mysql://{tidb.host}:{tidb.port}/template?useSSL=false&allowMultiQueries=true, errorCode 0, state 08001
com.mysql.jdbc.exceptions.jdbc4.MySQLNonTransientConnectionException: Cannot load connection class because of underlying exception: 'java.lang.NumberFormatException: For input string: "{tidb.port}"'.
	at sun.reflect.GeneratedConstructorAccessor97.newInstance(Unknown Source) ~[?:?]
	at sun.reflect.DelegatingConstructorAccessorImpl.newInstance(DelegatingConstructorAccessorImpl.java:45) ~[?:1.8.0_241]
	at java.lang.reflect.Constructor.newInstance(Constructor.java:423) ~[?:1.8.0_241]
	at com.mysql.jdbc.Util.handleNewInstance(Util.java:411) ~[mysql-connector-java-5.1.29.jar:?]
	at com.mysql.jdbc.Util.getInstance(Util.java:386) ~[mysql-connector-java-5.1.29.jar:?]
	at com.mysql.jdbc.SQLError.createSQLException(SQLError.java:1015) ~[mysql-connector-java-5.1.29.jar:?]
	at com.mysql.jdbc.SQLError.createSQLException(SQLError.java:989) ~[mysql-connector-java-5.1.29.jar:?]
	at com.mysql.jdbc.SQLError.createSQLException(SQLError.java:975) ~[mysql-connector-java-5.1.29.jar:?]
	at com.mysql.jdbc.SQLError.createSQLException(SQLError.java:920) ~[mysql-connector-java-5.1.29.jar:?]
	at com.mysql.jdbc.NonRegisteringDriver.connect(NonRegisteringDriver.java:356) ~[mysql-connector-java-5.1.29.jar:?]
	at com.alibaba.druid.filter.FilterChainImpl.connection_connect(FilterChainImpl.java:149) ~[druid-1.1.9.jar:1.1.9]
	at com.alibaba.druid.filter.FilterAdapter.connection_connect(FilterAdapter.java:786) ~[druid-1.1.9.jar:1.1.9]
	at com.alibaba.druid.filter.FilterChainImpl.connection_connect(FilterChainImpl.java:143) ~[druid-1.1.9.jar:1.1.9]
	at com.alibaba.druid.pool.DruidAbstractDataSource.createPhysicalConnection(DruidAbstractDataSource.java:1515) ~[druid-1.1.9.jar:1.1.9]
	at com.alibaba.druid.pool.DruidAbstractDataSource.createPhysicalConnection(DruidAbstractDataSource.java:1578) ~[druid-1.1.9.jar:1.1.9]
	at com.alibaba.druid.pool.DruidDataSource$CreateConnectionThread.run(DruidDataSource.java:2466) ~[druid-1.1.9.jar:1.1.9]
Caused by: java.lang.NumberFormatException: For input string: "{tidb.port}"
	at java.lang.NumberFormatException.forInputString(NumberFormatException.java:65) ~[?:1.8.0_241]
	at java.lang.Integer.parseInt(Integer.java:580) ~[?:1.8.0_241]
	at java.lang.Integer.parseInt(Integer.java:615) ~[?:1.8.0_241]
	at com.mysql.jdbc.NonRegisteringDriver.port(NonRegisteringDriver.java:916) ~[mysql-connector-java-5.1.29.jar:?]
	at com.mysql.jdbc.NonRegisteringDriver.connect(NonRegisteringDriver.java:347) ~[mysql-connector-java-5.1.29.jar:?]
	... 6 more
2023-08-28 15:17:41.848 ERROR catalogWatchTaskScheduler-1 org.springframework.cloud.consul.discovery.ConsulDiscoveryClient - Error watching Consul CatalogServices
com.ecwid.consul.transport.TransportException: org.apache.http.conn.HttpHostConnectException: Connect to 127.0.0.1:8500 [/127.0.0.1] failed: Connection refused (Connection refused)
	at com.ecwid.consul.transport.AbstractHttpTransport.executeRequest(AbstractHttpTransport.java:83) ~[consul-api-1.4.5.jar:?]
	at com.ecwid.consul.transport.AbstractHttpTransport.makeGetRequest(AbstractHttpTransport.java:36) ~[consul-api-1.4.5.jar:?]
	at com.ecwid.consul.v1.ConsulRawClient.makeGetRequest(ConsulRawClient.java:139) ~[consul-api-1.4.5.jar:?]
	at com.ecwid.consul.v1.catalog.CatalogConsulClient.getCatalogServices(CatalogConsulClient.java:143) ~[consul-api-1.4.5.jar:?]
	at com.ecwid.consul.v1.ConsulClient.getCatalogServices(ConsulClient.java:400) ~[consul-api-1.4.5.jar:?]
	at org.springframework.cloud.consul.discovery.ConsulCatalogWatch.catalogServicesWatch(ConsulCatalogWatch.java:135) ~[spring-cloud-consul-discovery-2.2.6.RELEASE.jar:2.2.6.RELEASE]
	at org.springframework.scheduling.support.DelegatingErrorHandlingRunnable.run(DelegatingErrorHandlingRunnable.java:54) [spring-context-5.2.15.RELEASE.jar:5.2.15.RELEASE]
	at java.util.concurrent.Executors$RunnableAdapter.call(Executors.java:511) [?:1.8.0_241]
	at java.util.concurrent.FutureTask.runAndReset(FutureTask.java:308) [?:1.8.0_241]
	at java.util.concurrent.ScheduledThreadPoolExecutor$ScheduledFutureTask.access$301(ScheduledThreadPoolExecutor.java:180) [?:1.8.0_241]
	at java.util.concurrent.ScheduledThreadPoolExecutor$ScheduledFutureTask.run(ScheduledThreadPoolExecutor.java:294) [?:1.8.0_241]
	at java.util.concurrent.ThreadPoolExecutor.runWorker(ThreadPoolExecutor.java:1149) [?:1.8.0_241]
	at java.util.concurrent.ThreadPoolExecutor$Worker.run(ThreadPoolExecutor.java:624) [?:1.8.0_241]
	at java.lang.Thread.run(Thread.java:748) [?:1.8.0_241]
Caused by: org.apache.http.conn.HttpHostConnectException: Connect to 127.0.0.1:8500 [/127.0.0.1] failed: Connection refused (Connection refused)
	at org.apache.http.impl.conn.DefaultHttpClientConnectionOperator.connect(DefaultHttpClientConnectionOperator.java:156) ~[httpclient-4.5.13.jar:4.5.13]
	at org.apache.http.impl.conn.PoolingHttpClientConnectionManager.connect(PoolingHttpClientConnectionManager.java:376) ~[httpclient-4.5.13.jar:4.5.13]
	at org.apache.http.impl.execchain.MainClientExec.establishRoute(MainClientExec.java:393) ~[httpclient-4.5.13.jar:4.5.13]
	at org.apache.http.impl.execchain.MainClientExec.execute(MainClientExec.java:236) ~[httpclient-4.5.13.jar:4.5.13]
	at org.apache.http.impl.execchain.ProtocolExec.execute(ProtocolExec.java:186) ~[httpclient-4.5.13.jar:4.5.13]
	at org.apache.http.impl.execchain.RetryExec.execute(RetryExec.java:89) ~[httpclient-4.5.13.jar:4.5.13]
	at org.apache.http.impl.execchain.RedirectExec.execute(RedirectExec.java:110) ~[httpclient-4.5.13.jar:4.5.13]
	at org.apache.http.impl.client.InternalHttpClient.doExecute(InternalHttpClient.java:185) ~[httpclient-4.5.13.jar:4.5.13]
	at org.apache.http.impl.client.CloseableHttpClient.execute(CloseableHttpClient.java:72) ~[httpclient-4.5.13.jar:4.5.13]
	at org.apache.http.impl.client.CloseableHttpClient.execute(CloseableHttpClient.java:221) ~[httpclient-4.5.13.jar:4.5.13]
	at org.apache.http.impl.client.CloseableHttpClient.execute(CloseableHttpClient.java:165) ~[httpclient-4.5.13.jar:4.5.13]
	at org.apache.http.impl.client.CloseableHttpClient.execute(CloseableHttpClient.java:140) ~[httpclient-4.5.13.jar:4.5.13]
	at com.ecwid.consul.transport.AbstractHttpTransport.executeRequest(AbstractHttpTransport.java:70) ~[consul-api-1.4.5.jar:?]
	... 13 more
Caused by: java.net.ConnectException: Connection refused (Connection refused)
	at java.net.PlainSocketImpl.socketConnect(Native Method) ~[?:1.8.0_241]
	at java.net.AbstractPlainSocketImpl.doConnect(AbstractPlainSocketImpl.java:350) ~[?:1.8.0_241]
	at java.net.AbstractPlainSocketImpl.connectToAddress(AbstractPlainSocketImpl.java:206) ~[?:1.8.0_241]
	at java.net.AbstractPlainSocketImpl.connect(AbstractPlainSocketImpl.java:188) ~[?:1.8.0_241]
	at java.net.SocksSocketImpl.connect(SocksSocketImpl.java:392) ~[?:1.8.0_241]
	at java.net.Socket.connect(Socket.java:606) ~[?:1.8.0_241]
	at org.apache.http.conn.socket.PlainConnectionSocketFactory.connectSocket(PlainConnectionSocketFactory.java:75) ~[httpclient-4.5.13.jar:4.5.13]
	at org.apache.http.impl.conn.DefaultHttpClientConnectionOperator.connect(DefaultHttpClientConnectionOperator.java:142) ~[httpclient-4.5.13.jar:4.5.13]
	at org.apache.http.impl.conn.PoolingHttpClientConnectionManager.connect(PoolingHttpClientConnectionManager.java:376) ~[httpclient-4.5.13.jar:4.5.13]
	at org.apache.http.impl.execchain.MainClientExec.establishRoute(MainClientExec.java:393) ~[httpclient-4.5.13.jar:4.5.13]
	at org.apache.http.impl.execchain.MainClientExec.execute(MainClientExec.java:236) ~[httpclient-4.5.13.jar:4.5.13]
	at org.apache.http.impl.execchain.ProtocolExec.execute(ProtocolExec.java:186) ~[httpclient-4.5.13.jar:4.5.13]
	at org.apache.http.impl.execchain.RetryExec.execute(RetryExec.java:89) ~[httpclient-4.5.13.jar:4.5.13]
	at org.apache.http.impl.execchain.RedirectExec.execute(RedirectExec.java:110) ~[httpclient-4.5.13.jar:4.5.13]
	at org.apache.http.impl.client.InternalHttpClient.doExecute(InternalHttpClient.java:185) ~[httpclient-4.5.13.jar:4.5.13]
	at org.apache.http.impl.client.CloseableHttpClient.execute(CloseableHttpClient.java:72) ~[httpclient-4.5.13.jar:4.5.13]
	at org.apache.http.impl.client.CloseableHttpClient.execute(CloseableHttpClient.java:221) ~[httpclient-4.5.13.jar:4.5.13]
	at org.apache.http.impl.client.CloseableHttpClient.execute(CloseableHttpClient.java:165) ~[httpclient-4.5.13.jar:4.5.13]
	at org.apache.http.impl.client.CloseableHttpClient.execute(CloseableHttpClient.java:140) ~[httpclient-4.5.13.jar:4.5.13]
	at com.ecwid.consul.transport.AbstractHttpTransport.executeRequest(AbstractHttpTransport.java:70) ~[consul-api-1.4.5.jar:?]
	... 13 more
2023-08-28 15:17:42.152 ERROR Druid-ConnectionPool-Create-2129636512 com.alibaba.druid.pool.DruidDataSource TID:  - create connection SQLException, url: jdbc:mysql://{tidb.host}:{tidb.port}/template?useSSL=false&allowMultiQueries=true, errorCode 0, state 08001
com.mysql.jdbc.exceptions.jdbc4.MySQLNonTransientConnectionException: Cannot load connection class because of underlying exception: 'java.lang.NumberFormatException: For input string: "{tidb.port}"'.
	at sun.reflect.GeneratedConstructorAccessor97.newInstance(Unknown Source) ~[?:?]
	at sun.reflect.DelegatingConstructorAccessorImpl.newInstance(DelegatingConstructorAccessorImpl.java:45) ~[?:1.8.0_241]
	at java.lang.reflect.Constructor.newInstance(Constructor.java:423) ~[?:1.8.0_241]
	at com.mysql.jdbc.Util.handleNewInstance(Util.java:411) ~[mysql-connector-java-5.1.29.jar:?]
	at com.mysql.jdbc.Util.getInstance(Util.java:386) ~[mysql-connector-java-5.1.29.jar:?]
	at com.mysql.jdbc.SQLError.createSQLException(SQLError.java:1015) ~[mysql-connector-java-5.1.29.jar:?]
	at com.mysql.jdbc.SQLError.createSQLException(SQLError.java:989) ~[mysql-connector-java-5.1.29.jar:?]
	at com.mysql.jdbc.SQLError.createSQLException(SQLError.java:975) ~[mysql-connector-java-5.1.29.jar:?]
	at com.mysql.jdbc.SQLError.createSQLException(SQLError.java:920) ~[mysql-connector-java-5.1.29.jar:?]
	at com.mysql.jdbc.NonRegisteringDriver.connect(NonRegisteringDriver.java:356) ~[mysql-connector-java-5.1.29.jar:?]
	at com.alibaba.druid.filter.FilterChainImpl.connection_connect(FilterChainImpl.java:149) ~[druid-1.1.9.jar:1.1.9]
	at com.alibaba.druid.filter.FilterAdapter.connection_connect(FilterAdapter.java:786) ~[druid-1.1.9.jar:1.1.9]
	at com.alibaba.druid.filter.FilterChainImpl.connection_connect(FilterChainImpl.java:143) ~[druid-1.1.9.jar:1.1.9]
	at com.alibaba.druid.pool.DruidAbstractDataSource.createPhysicalConnection(DruidAbstractDataSource.java:1515) ~[druid-1.1.9.jar:1.1.9]
	at com.alibaba.druid.pool.DruidAbstractDataSource.createPhysicalConnection(DruidAbstractDataSource.java:1578) ~[druid-1.1.9.jar:1.1.9]
	at com.alibaba.druid.pool.DruidDataSource$CreateConnectionThread.run(DruidDataSource.java:2466) ~[druid-1.1.9.jar:1.1.9]
Caused by: java.lang.NumberFormatException: For input string: "{tidb.port}"
	at java.lang.NumberFormatException.forInputString(NumberFormatException.java:65) ~[?:1.8.0_241]
	at java.lang.Integer.parseInt(Integer.java:580) ~[?:1.8.0_241]
	at java.lang.Integer.parseInt(Integer.java:615) ~[?:1.8.0_241]
	at com.mysql.jdbc.NonRegisteringDriver.port(NonRegisteringDriver.java:916) ~[mysql-connector-java-5.1.29.jar:?]
	at com.mysql.jdbc.NonRegisteringDriver.connect(NonRegisteringDriver.java:347) ~[mysql-connector-java-5.1.29.jar:?]
	... 6 more
2023-08-28 15:17:42.657 ERROR Druid-ConnectionPool-Create-2129636512 com.alibaba.druid.pool.DruidDataSource TID:  - create connection SQLException, url: jdbc:mysql://{tidb.host}:{tidb.port}/template?useSSL=false&allowMultiQueries=true, errorCode 0, state 08001
com.mysql.jdbc.exceptions.jdbc4.MySQLNonTransientConnectionException: Cannot load connection class because of underlying exception: 'java.lang.NumberFormatException: For input string: "{tidb.port}"'.
	at sun.reflect.GeneratedConstructorAccessor97.newInstance(Unknown Source) ~[?:?]
	at sun.reflect.DelegatingConstructorAccessorImpl.newInstance(DelegatingConstructorAccessorImpl.java:45) ~[?:1.8.0_241]
	at java.lang.reflect.Constructor.newInstance(Constructor.java:423) ~[?:1.8.0_241]
	at com.mysql.jdbc.Util.handleNewInstance(Util.java:411) ~[mysql-connector-java-5.1.29.jar:?]
	at com.mysql.jdbc.Util.getInstance(Util.java:386) ~[mysql-connector-java-5.1.29.jar:?]
	at com.mysql.jdbc.SQLError.createSQLException(SQLError.java:1015) ~[mysql-connector-java-5.1.29.jar:?]
	at com.mysql.jdbc.SQLError.createSQLException(SQLError.java:989) ~[mysql-connector-java-5.1.29.jar:?]
	at com.mysql.jdbc.SQLError.createSQLException(SQLError.java:975) ~[mysql-connector-java-5.1.29.jar:?]
	at com.mysql.jdbc.SQLError.createSQLException(SQLError.java:920) ~[mysql-connector-java-5.1.29.jar:?]
	at com.mysql.jdbc.NonRegisteringDriver.connect(NonRegisteringDriver.java:356) ~[mysql-connector-java-5.1.29.jar:?]
	at com.alibaba.druid.filter.FilterChainImpl.connection_connect(FilterChainImpl.java:149) ~[druid-1.1.9.jar:1.1.9]
	at com.alibaba.druid.filter.FilterAdapter.connection_connect(FilterAdapter.java:786) ~[druid-1.1.9.jar:1.1.9]
	at com.alibaba.druid.filter.FilterChainImpl.connection_connect(FilterChainImpl.java:143) ~[druid-1.1.9.jar:1.1.9]
	at com.alibaba.druid.pool.DruidAbstractDataSource.createPhysicalConnection(DruidAbstractDataSource.java:1515) ~[druid-1.1.9.jar:1.1.9]
	at com.alibaba.druid.pool.DruidAbstractDataSource.createPhysicalConnection(DruidAbstractDataSource.java:1578) ~[druid-1.1.9.jar:1.1.9]
	at com.alibaba.druid.pool.DruidDataSource$CreateConnectionThread.run(DruidDataSource.java:2466) ~[druid-1.1.9.jar:1.1.9]
Caused by: java.lang.NumberFormatException: For input string: "{tidb.port}"
	at java.lang.NumberFormatException.forInputString(NumberFormatException.java:65) ~[?:1.8.0_241]
	at java.lang.Integer.parseInt(Integer.java:580) ~[?:1.8.0_241]
	at java.lang.Integer.parseInt(Integer.java:615) ~[?:1.8.0_241]
	at com.mysql.jdbc.NonRegisteringDriver.port(NonRegisteringDriver.java:916) ~[mysql-connector-java-5.1.29.jar:?]
	at com.mysql.jdbc.NonRegisteringDriver.connect(NonRegisteringDriver.java:347) ~[mysql-connector-java-5.1.29.jar:?]
	... 6 more
2023-08-28 15:17:42.852 ERROR catalogWatchTaskScheduler-1 org.springframework.cloud.consul.discovery.ConsulDiscoveryClient - Error watching Consul CatalogServices
com.ecwid.consul.transport.TransportException: org.apache.http.conn.HttpHostConnectException: Connect to 127.0.0.1:8500 [/127.0.0.1] failed: Connection refused (Connection refused)
	at com.ecwid.consul.transport.AbstractHttpTransport.executeRequest(AbstractHttpTransport.java:83) ~[consul-api-1.4.5.jar:?]
	at com.ecwid.consul.transport.AbstractHttpTransport.makeGetRequest(AbstractHttpTransport.java:36) ~[consul-api-1.4.5.jar:?]
	at com.ecwid.consul.v1.ConsulRawClient.makeGetRequest(ConsulRawClient.java:139) ~[consul-api-1.4.5.jar:?]
	at com.ecwid.consul.v1.catalog.CatalogConsulClient.getCatalogServices(CatalogConsulClient.java:143) ~[consul-api-1.4.5.jar:?]
	at com.ecwid.consul.v1.ConsulClient.getCatalogServices(ConsulClient.java:400) ~[consul-api-1.4.5.jar:?]
	at org.springframework.cloud.consul.discovery.ConsulCatalogWatch.catalogServicesWatch(ConsulCatalogWatch.java:135) ~[spring-cloud-consul-discovery-2.2.6.RELEASE.jar:2.2.6.RELEASE]
	at org.springframework.scheduling.support.DelegatingErrorHandlingRunnable.run(DelegatingErrorHandlingRunnable.java:54) [spring-context-5.2.15.RELEASE.jar:5.2.15.RELEASE]
	at java.util.concurrent.Executors$RunnableAdapter.call(Executors.java:511) [?:1.8.0_241]
	at java.util.concurrent.FutureTask.runAndReset(FutureTask.java:308) [?:1.8.0_241]
	at java.util.concurrent.ScheduledThreadPoolExecutor$ScheduledFutureTask.access$301(ScheduledThreadPoolExecutor.java:180) [?:1.8.0_241]
	at java.util.concurrent.ScheduledThreadPoolExecutor$ScheduledFutureTask.run(ScheduledThreadPoolExecutor.java:294) [?:1.8.0_241]
	at java.util.concurrent.ThreadPoolExecutor.runWorker(ThreadPoolExecutor.java:1149) [?:1.8.0_241]
	at java.util.concurrent.ThreadPoolExecutor$Worker.run(ThreadPoolExecutor.java:624) [?:1.8.0_241]
	at java.lang.Thread.run(Thread.java:748) [?:1.8.0_241]
Caused by: org.apache.http.conn.HttpHostConnectException: Connect to 127.0.0.1:8500 [/127.0.0.1] failed: Connection refused (Connection refused)
	at org.apache.http.impl.conn.DefaultHttpClientConnectionOperator.connect(DefaultHttpClientConnectionOperator.java:156) ~[httpclient-4.5.13.jar:4.5.13]
	at org.apache.http.impl.conn.PoolingHttpClientConnectionManager.connect(PoolingHttpClientConnectionManager.java:376) ~[httpclient-4.5.13.jar:4.5.13]
	at org.apache.http.impl.execchain.MainClientExec.establishRoute(MainClientExec.java:393) ~[httpclient-4.5.13.jar:4.5.13]
	at org.apache.http.impl.execchain.MainClientExec.execute(MainClientExec.java:236) ~[httpclient-4.5.13.jar:4.5.13]
	at org.apache.http.impl.execchain.ProtocolExec.execute(ProtocolExec.java:186) ~[httpclient-4.5.13.jar:4.5.13]
	at org.apache.http.impl.execchain.RetryExec.execute(RetryExec.java:89) ~[httpclient-4.5.13.jar:4.5.13]
	at org.apache.http.impl.execchain.RedirectExec.execute(RedirectExec.java:110) ~[httpclient-4.5.13.jar:4.5.13]
	at org.apache.http.impl.client.InternalHttpClient.doExecute(InternalHttpClient.java:185) ~[httpclient-4.5.13.jar:4.5.13]
	at org.apache.http.impl.client.CloseableHttpClient.execute(CloseableHttpClient.java:72) ~[httpclient-4.5.13.jar:4.5.13]
	at org.apache.http.impl.client.CloseableHttpClient.execute(CloseableHttpClient.java:221) ~[httpclient-4.5.13.jar:4.5.13]
	at org.apache.http.impl.client.CloseableHttpClient.execute(CloseableHttpClient.java:165) ~[httpclient-4.5.13.jar:4.5.13]
	at org.apache.http.impl.client.CloseableHttpClient.execute(CloseableHttpClient.java:140) ~[httpclient-4.5.13.jar:4.5.13]
	at com.ecwid.consul.transport.AbstractHttpTransport.executeRequest(AbstractHttpTransport.java:70) ~[consul-api-1.4.5.jar:?]
	... 13 more
Caused by: java.net.ConnectException: Connection refused (Connection refused)
	at java.net.PlainSocketImpl.socketConnect(Native Method) ~[?:1.8.0_241]
	at java.net.AbstractPlainSocketImpl.doConnect(AbstractPlainSocketImpl.java:350) ~[?:1.8.0_241]
	at java.net.AbstractPlainSocketImpl.connectToAddress(AbstractPlainSocketImpl.java:206) ~[?:1.8.0_241]
	at java.net.AbstractPlainSocketImpl.connect(AbstractPlainSocketImpl.java:188) ~[?:1.8.0_241]
	at java.net.SocksSocketImpl.connect(SocksSocketImpl.java:392) ~[?:1.8.0_241]
	at java.net.Socket.connect(Socket.java:606) ~[?:1.8.0_241]
	at org.apache.http.conn.socket.PlainConnectionSocketFactory.connectSocket(PlainConnectionSocketFactory.java:75) ~[httpclient-4.5.13.jar:4.5.13]
	at org.apache.http.impl.conn.DefaultHttpClientConnectionOperator.connect(DefaultHttpClientConnectionOperator.java:142) ~[httpclient-4.5.13.jar:4.5.13]
	at org.apache.http.impl.conn.PoolingHttpClientConnectionManager.connect(PoolingHttpClientConnectionManager.java:376) ~[httpclient-4.5.13.jar:4.5.13]
	at org.apache.http.impl.execchain.MainClientExec.establishRoute(MainClientExec.java:393) ~[httpclient-4.5.13.jar:4.5.13]
	at org.apache.http.impl.execchain.MainClientExec.execute(MainClientExec.java:236) ~[httpclient-4.5.13.jar:4.5.13]
	at org.apache.http.impl.execchain.ProtocolExec.execute(ProtocolExec.java:186) ~[httpclient-4.5.13.jar:4.5.13]
	at org.apache.http.impl.execchain.RetryExec.execute(RetryExec.java:89) ~[httpclient-4.5.13.jar:4.5.13]
	at org.apache.http.impl.execchain.RedirectExec.execute(RedirectExec.java:110) ~[httpclient-4.5.13.jar:4.5.13]
	at org.apache.http.impl.client.InternalHttpClient.doExecute(InternalHttpClient.java:185) ~[httpclient-4.5.13.jar:4.5.13]
	at org.apache.http.impl.client.CloseableHttpClient.execute(CloseableHttpClient.java:72) ~[httpclient-4.5.13.jar:4.5.13]
	at org.apache.http.impl.client.CloseableHttpClient.execute(CloseableHttpClient.java:221) ~[httpclient-4.5.13.jar:4.5.13]
	at org.apache.http.impl.client.CloseableHttpClient.execute(CloseableHttpClient.java:165) ~[httpclient-4.5.13.jar:4.5.13]
	at org.apache.http.impl.client.CloseableHttpClient.execute(CloseableHttpClient.java:140) ~[httpclient-4.5.13.jar:4.5.13]
	at com.ecwid.consul.transport.AbstractHttpTransport.executeRequest(AbstractHttpTransport.java:70) ~[consul-api-1.4.5.jar:?]
	... 13 more
2023-08-28 15:17:43.160 ERROR Druid-ConnectionPool-Create-2129636512 com.alibaba.druid.pool.DruidDataSource TID:  - create connection SQLException, url: jdbc:mysql://{tidb.host}:{tidb.port}/template?useSSL=false&allowMultiQueries=true, errorCode 0, state 08001
com.mysql.jdbc.exceptions.jdbc4.MySQLNonTransientConnectionException: Cannot load connection class because of underlying exception: 'java.lang.NumberFormatException: For input string: "{tidb.port}"'.
	at sun.reflect.GeneratedConstructorAccessor97.newInstance(Unknown Source) ~[?:?]
	at sun.reflect.DelegatingConstructorAccessorImpl.newInstance(DelegatingConstructorAccessorImpl.java:45) ~[?:1.8.0_241]
	at java.lang.reflect.Constructor.newInstance(Constructor.java:423) ~[?:1.8.0_241]
	at com.mysql.jdbc.Util.handleNewInstance(Util.java:411) ~[mysql-connector-java-5.1.29.jar:?]
	at com.mysql.jdbc.Util.getInstance(Util.java:386) ~[mysql-connector-java-5.1.29.jar:?]
	at com.mysql.jdbc.SQLError.createSQLException(SQLError.java:1015) ~[mysql-connector-java-5.1.29.jar:?]
	at com.mysql.jdbc.SQLError.createSQLException(SQLError.java:989) ~[mysql-connector-java-5.1.29.jar:?]
	at com.mysql.jdbc.SQLError.createSQLException(SQLError.java:975) ~[mysql-connector-java-5.1.29.jar:?]
	at com.mysql.jdbc.SQLError.createSQLException(SQLError.java:920) ~[mysql-connector-java-5.1.29.jar:?]
	at com.mysql.jdbc.NonRegisteringDriver.connect(NonRegisteringDriver.java:356) ~[mysql-connector-java-5.1.29.jar:?]
	at com.alibaba.druid.filter.FilterChainImpl.connection_connect(FilterChainImpl.java:149) ~[druid-1.1.9.jar:1.1.9]
	at com.alibaba.druid.filter.FilterAdapter.connection_connect(FilterAdapter.java:786) ~[druid-1.1.9.jar:1.1.9]
	at com.alibaba.druid.filter.FilterChainImpl.connection_connect(FilterChainImpl.java:143) ~[druid-1.1.9.jar:1.1.9]
	at com.alibaba.druid.pool.DruidAbstractDataSource.createPhysicalConnection(DruidAbstractDataSource.java:1515) ~[druid-1.1.9.jar:1.1.9]
	at com.alibaba.druid.pool.DruidAbstractDataSource.createPhysicalConnection(DruidAbstractDataSource.java:1578) ~[druid-1.1.9.jar:1.1.9]
	at com.alibaba.druid.pool.DruidDataSource$CreateConnectionThread.run(DruidDataSource.java:2466) ~[druid-1.1.9.jar:1.1.9]
Caused by: java.lang.NumberFormatException: For input string: "{tidb.port}"
	at java.lang.NumberFormatException.forInputString(NumberFormatException.java:65) ~[?:1.8.0_241]
	at java.lang.Integer.parseInt(Integer.java:580) ~[?:1.8.0_241]
	at java.lang.Integer.parseInt(Integer.java:615) ~[?:1.8.0_241]
	at com.mysql.jdbc.NonRegisteringDriver.port(NonRegisteringDriver.java:916) ~[mysql-connector-java-5.1.29.jar:?]
	at com.mysql.jdbc.NonRegisteringDriver.connect(NonRegisteringDriver.java:347) ~[mysql-connector-java-5.1.29.jar:?]
	... 6 more
2023-08-28 15:17:43.660 ERROR Druid-ConnectionPool-Create-2129636512 com.alibaba.druid.pool.DruidDataSource TID:  - create connection SQLException, url: jdbc:mysql://{tidb.host}:{tidb.port}/template?useSSL=false&allowMultiQueries=true, errorCode 0, state 08001
com.mysql.jdbc.exceptions.jdbc4.MySQLNonTransientConnectionException: Cannot load connection class because of underlying exception: 'java.lang.NumberFormatException: For input string: "{tidb.port}"'.
	at sun.reflect.GeneratedConstructorAccessor97.newInstance(Unknown Source) ~[?:?]
	at sun.reflect.DelegatingConstructorAccessorImpl.newInstance(DelegatingConstructorAccessorImpl.java:45) ~[?:1.8.0_241]
	at java.lang.reflect.Constructor.newInstance(Constructor.java:423) ~[?:1.8.0_241]
	at com.mysql.jdbc.Util.handleNewInstance(Util.java:411) ~[mysql-connector-java-5.1.29.jar:?]
	at com.mysql.jdbc.Util.getInstance(Util.java:386) ~[mysql-connector-java-5.1.29.jar:?]
	at com.mysql.jdbc.SQLError.createSQLException(SQLError.java:1015) ~[mysql-connector-java-5.1.29.jar:?]
	at com.mysql.jdbc.SQLError.createSQLException(SQLError.java:989) ~[mysql-connector-java-5.1.29.jar:?]
	at com.mysql.jdbc.SQLError.createSQLException(SQLError.java:975) ~[mysql-connector-java-5.1.29.jar:?]
	at com.mysql.jdbc.SQLError.createSQLException(SQLError.java:920) ~[mysql-connector-java-5.1.29.jar:?]
	at com.mysql.jdbc.NonRegisteringDriver.connect(NonRegisteringDriver.java:356) ~[mysql-connector-java-5.1.29.jar:?]
	at com.alibaba.druid.filter.FilterChainImpl.connection_connect(FilterChainImpl.java:149) ~[druid-1.1.9.jar:1.1.9]
	at com.alibaba.druid.filter.FilterAdapter.connection_connect(FilterAdapter.java:786) ~[druid-1.1.9.jar:1.1.9]
	at com.alibaba.druid.filter.FilterChainImpl.connection_connect(FilterChainImpl.java:143) ~[druid-1.1.9.jar:1.1.9]
	at com.alibaba.druid.pool.DruidAbstractDataSource.createPhysicalConnection(DruidAbstractDataSource.java:1515) ~[druid-1.1.9.jar:1.1.9]
	at com.alibaba.druid.pool.DruidAbstractDataSource.createPhysicalConnection(DruidAbstractDataSource.java:1578) ~[druid-1.1.9.jar:1.1.9]
	at com.alibaba.druid.pool.DruidDataSource$CreateConnectionThread.run(DruidDataSource.java:2466) ~[druid-1.1.9.jar:1.1.9]
Caused by: java.lang.NumberFormatException: For input string: "{tidb.port}"
	at java.lang.NumberFormatException.forInputString(NumberFormatException.java:65) ~[?:1.8.0_241]
	at java.lang.Integer.parseInt(Integer.java:580) ~[?:1.8.0_241]
	at java.lang.Integer.parseInt(Integer.java:615) ~[?:1.8.0_241]
	at com.mysql.jdbc.NonRegisteringDriver.port(NonRegisteringDriver.java:916) ~[mysql-connector-java-5.1.29.jar:?]
	at com.mysql.jdbc.NonRegisteringDriver.connect(NonRegisteringDriver.java:347) ~[mysql-connector-java-5.1.29.jar:?]
	... 6 more
2023-08-28 15:17:43.859 ERROR catalogWatchTaskScheduler-1 org.springframework.cloud.consul.discovery.ConsulDiscoveryClient - Error watching Consul CatalogServices
com.ecwid.consul.transport.TransportException: org.apache.http.conn.HttpHostConnectException: Connect to 127.0.0.1:8500 [/127.0.0.1] failed: Connection refused (Connection refused)
	at com.ecwid.consul.transport.AbstractHttpTransport.executeRequest(AbstractHttpTransport.java:83) ~[consul-api-1.4.5.jar:?]
	at com.ecwid.consul.transport.AbstractHttpTransport.makeGetRequest(AbstractHttpTransport.java:36) ~[consul-api-1.4.5.jar:?]
	at com.ecwid.consul.v1.ConsulRawClient.makeGetRequest(ConsulRawClient.java:139) ~[consul-api-1.4.5.jar:?]
	at com.ecwid.consul.v1.catalog.CatalogConsulClient.getCatalogServices(CatalogConsulClient.java:143) ~[consul-api-1.4.5.jar:?]
	at com.ecwid.consul.v1.ConsulClient.getCatalogServices(ConsulClient.java:400) ~[consul-api-1.4.5.jar:?]
	at org.springframework.cloud.consul.discovery.ConsulCatalogWatch.catalogServicesWatch(ConsulCatalogWatch.java:135) ~[spring-cloud-consul-discovery-2.2.6.RELEASE.jar:2.2.6.RELEASE]
	at org.springframework.scheduling.support.DelegatingErrorHandlingRunnable.run(DelegatingErrorHandlingRunnable.java:54) [spring-context-5.2.15.RELEASE.jar:5.2.15.RELEASE]
	at java.util.concurrent.Executors$RunnableAdapter.call(Executors.java:511) [?:1.8.0_241]
	at java.util.concurrent.FutureTask.runAndReset(FutureTask.java:308) [?:1.8.0_241]
	at java.util.concurrent.ScheduledThreadPoolExecutor$ScheduledFutureTask.access$301(ScheduledThreadPoolExecutor.java:180) [?:1.8.0_241]
	at java.util.concurrent.ScheduledThreadPoolExecutor$ScheduledFutureTask.run(ScheduledThreadPoolExecutor.java:294) [?:1.8.0_241]
	at java.util.concurrent.ThreadPoolExecutor.runWorker(ThreadPoolExecutor.java:1149) [?:1.8.0_241]
	at java.util.concurrent.ThreadPoolExecutor$Worker.run(ThreadPoolExecutor.java:624) [?:1.8.0_241]
	at java.lang.Thread.run(Thread.java:748) [?:1.8.0_241]
Caused by: org.apache.http.conn.HttpHostConnectException: Connect to 127.0.0.1:8500 [/127.0.0.1] failed: Connection refused (Connection refused)
	at org.apache.http.impl.conn.DefaultHttpClientConnectionOperator.connect(DefaultHttpClientConnectionOperator.java:156) ~[httpclient-4.5.13.jar:4.5.13]
	at org.apache.http.impl.conn.PoolingHttpClientConnectionManager.connect(PoolingHttpClientConnectionManager.java:376) ~[httpclient-4.5.13.jar:4.5.13]
	at org.apache.http.impl.execchain.MainClientExec.establishRoute(MainClientExec.java:393) ~[httpclient-4.5.13.jar:4.5.13]
	at org.apache.http.impl.execchain.MainClientExec.execute(MainClientExec.java:236) ~[httpclient-4.5.13.jar:4.5.13]
	at org.apache.http.impl.execchain.ProtocolExec.execute(ProtocolExec.java:186) ~[httpclient-4.5.13.jar:4.5.13]
	at org.apache.http.impl.execchain.RetryExec.execute(RetryExec.java:89) ~[httpclient-4.5.13.jar:4.5.13]
	at org.apache.http.impl.execchain.RedirectExec.execute(RedirectExec.java:110) ~[httpclient-4.5.13.jar:4.5.13]
	at org.apache.http.impl.client.InternalHttpClient.doExecute(InternalHttpClient.java:185) ~[httpclient-4.5.13.jar:4.5.13]
	at org.apache.http.impl.client.CloseableHttpClient.execute(CloseableHttpClient.java:72) ~[httpclient-4.5.13.jar:4.5.13]
	at org.apache.http.impl.client.CloseableHttpClient.execute(CloseableHttpClient.java:221) ~[httpclient-4.5.13.jar:4.5.13]
	at org.apache.http.impl.client.CloseableHttpClient.execute(CloseableHttpClient.java:165) ~[httpclient-4.5.13.jar:4.5.13]
	at org.apache.http.impl.client.CloseableHttpClient.execute(CloseableHttpClient.java:140) ~[httpclient-4.5.13.jar:4.5.13]
	at com.ecwid.consul.transport.AbstractHttpTransport.executeRequest(AbstractHttpTransport.java:70) ~[consul-api-1.4.5.jar:?]
	... 13 more
Caused by: java.net.ConnectException: Connection refused (Connection refused)
	at java.net.PlainSocketImpl.socketConnect(Native Method) ~[?:1.8.0_241]
	at java.net.AbstractPlainSocketImpl.doConnect(AbstractPlainSocketImpl.java:350) ~[?:1.8.0_241]
	at java.net.AbstractPlainSocketImpl.connectToAddress(AbstractPlainSocketImpl.java:206) ~[?:1.8.0_241]
	at java.net.AbstractPlainSocketImpl.connect(AbstractPlainSocketImpl.java:188) ~[?:1.8.0_241]
	at java.net.SocksSocketImpl.connect(SocksSocketImpl.java:392) ~[?:1.8.0_241]
	at java.net.Socket.connect(Socket.java:606) ~[?:1.8.0_241]
	at org.apache.http.conn.socket.PlainConnectionSocketFactory.connectSocket(PlainConnectionSocketFactory.java:75) ~[httpclient-4.5.13.jar:4.5.13]
	at org.apache.http.impl.conn.DefaultHttpClientConnectionOperator.connect(DefaultHttpClientConnectionOperator.java:142) ~[httpclient-4.5.13.jar:4.5.13]
	at org.apache.http.impl.conn.PoolingHttpClientConnectionManager.connect(PoolingHttpClientConnectionManager.java:376) ~[httpclient-4.5.13.jar:4.5.13]
	at org.apache.http.impl.execchain.MainClientExec.establishRoute(MainClientExec.java:393) ~[httpclient-4.5.13.jar:4.5.13]
	at org.apache.http.impl.execchain.MainClientExec.execute(MainClientExec.java:236) ~[httpclient-4.5.13.jar:4.5.13]
	at org.apache.http.impl.execchain.ProtocolExec.execute(ProtocolExec.java:186) ~[httpclient-4.5.13.jar:4.5.13]
	at org.apache.http.impl.execchain.RetryExec.execute(RetryExec.java:89) ~[httpclient-4.5.13.jar:4.5.13]
	at org.apache.http.impl.execchain.RedirectExec.execute(RedirectExec.java:110) ~[httpclient-4.5.13.jar:4.5.13]
	at org.apache.http.impl.client.InternalHttpClient.doExecute(InternalHttpClient.java:185) ~[httpclient-4.5.13.jar:4.5.13]
	at org.apache.http.impl.client.CloseableHttpClient.execute(CloseableHttpClient.java:72) ~[httpclient-4.5.13.jar:4.5.13]
	at org.apache.http.impl.client.CloseableHttpClient.execute(CloseableHttpClient.java:221) ~[httpclient-4.5.13.jar:4.5.13]
	at org.apache.http.impl.client.CloseableHttpClient.execute(CloseableHttpClient.java:165) ~[httpclient-4.5.13.jar:4.5.13]
	at org.apache.http.impl.client.CloseableHttpClient.execute(CloseableHttpClient.java:140) ~[httpclient-4.5.13.jar:4.5.13]
	at com.ecwid.consul.transport.AbstractHttpTransport.executeRequest(AbstractHttpTransport.java:70) ~[consul-api-1.4.5.jar:?]
	... 13 more
2023-08-28 15:17:44.162 ERROR Druid-ConnectionPool-Create-2129636512 com.alibaba.druid.pool.DruidDataSource TID:  - create connection SQLException, url: jdbc:mysql://{tidb.host}:{tidb.port}/template?useSSL=false&allowMultiQueries=true, errorCode 0, state 08001
com.mysql.jdbc.exceptions.jdbc4.MySQLNonTransientConnectionException: Cannot load connection class because of underlying exception: 'java.lang.NumberFormatException: For input string: "{tidb.port}"'.
	at sun.reflect.GeneratedConstructorAccessor97.newInstance(Unknown Source) ~[?:?]
	at sun.reflect.DelegatingConstructorAccessorImpl.newInstance(DelegatingConstructorAccessorImpl.java:45) ~[?:1.8.0_241]
	at java.lang.reflect.Constructor.newInstance(Constructor.java:423) ~[?:1.8.0_241]
	at com.mysql.jdbc.Util.handleNewInstance(Util.java:411) ~[mysql-connector-java-5.1.29.jar:?]
	at com.mysql.jdbc.Util.getInstance(Util.java:386) ~[mysql-connector-java-5.1.29.jar:?]
	at com.mysql.jdbc.SQLError.createSQLException(SQLError.java:1015) ~[mysql-connector-java-5.1.29.jar:?]
	at com.mysql.jdbc.SQLError.createSQLException(SQLError.java:989) ~[mysql-connector-java-5.1.29.jar:?]
	at com.mysql.jdbc.SQLError.createSQLException(SQLError.java:975) ~[mysql-connector-java-5.1.29.jar:?]
	at com.mysql.jdbc.SQLError.createSQLException(SQLError.java:920) ~[mysql-connector-java-5.1.29.jar:?]
	at com.mysql.jdbc.NonRegisteringDriver.connect(NonRegisteringDriver.java:356) ~[mysql-connector-java-5.1.29.jar:?]
	at com.alibaba.druid.filter.FilterChainImpl.connection_connect(FilterChainImpl.java:149) ~[druid-1.1.9.jar:1.1.9]
	at com.alibaba.druid.filter.FilterAdapter.connection_connect(FilterAdapter.java:786) ~[druid-1.1.9.jar:1.1.9]
	at com.alibaba.druid.filter.FilterChainImpl.connection_connect(FilterChainImpl.java:143) ~[druid-1.1.9.jar:1.1.9]
	at com.alibaba.druid.pool.DruidAbstractDataSource.createPhysicalConnection(DruidAbstractDataSource.java:1515) ~[druid-1.1.9.jar:1.1.9]
	at com.alibaba.druid.pool.DruidAbstractDataSource.createPhysicalConnection(DruidAbstractDataSource.java:1578) ~[druid-1.1.9.jar:1.1.9]
	at com.alibaba.druid.pool.DruidDataSource$CreateConnectionThread.run(DruidDataSource.java:2466) ~[druid-1.1.9.jar:1.1.9]
Caused by: java.lang.NumberFormatException: For input string: "{tidb.port}"
	at java.lang.NumberFormatException.forInputString(NumberFormatException.java:65) ~[?:1.8.0_241]
	at java.lang.Integer.parseInt(Integer.java:580) ~[?:1.8.0_241]
	at java.lang.Integer.parseInt(Integer.java:615) ~[?:1.8.0_241]
	at com.mysql.jdbc.NonRegisteringDriver.port(NonRegisteringDriver.java:916) ~[mysql-connector-java-5.1.29.jar:?]
	at com.mysql.jdbc.NonRegisteringDriver.connect(NonRegisteringDriver.java:347) ~[mysql-connector-java-5.1.29.jar:?]
	... 6 more
2023-08-28 15:17:44.663 ERROR Druid-ConnectionPool-Create-2129636512 com.alibaba.druid.pool.DruidDataSource TID:  - create connection SQLException, url: jdbc:mysql://{tidb.host}:{tidb.port}/template?useSSL=false&allowMultiQueries=true, errorCode 0, state 08001
com.mysql.jdbc.exceptions.jdbc4.MySQLNonTransientConnectionException: Cannot load connection class because of underlying exception: 'java.lang.NumberFormatException: For input string: "{tidb.port}"'.
	at sun.reflect.GeneratedConstructorAccessor97.newInstance(Unknown Source) ~[?:?]
	at sun.reflect.DelegatingConstructorAccessorImpl.newInstance(DelegatingConstructorAccessorImpl.java:45) ~[?:1.8.0_241]
	at java.lang.reflect.Constructor.newInstance(Constructor.java:423) ~[?:1.8.0_241]
	at com.mysql.jdbc.Util.handleNewInstance(Util.java:411) ~[mysql-connector-java-5.1.29.jar:?]
	at com.mysql.jdbc.Util.getInstance(Util.java:386) ~[mysql-connector-java-5.1.29.jar:?]
	at com.mysql.jdbc.SQLError.createSQLException(SQLError.java:1015) ~[mysql-connector-java-5.1.29.jar:?]
	at com.mysql.jdbc.SQLError.createSQLException(SQLError.java:989) ~[mysql-connector-java-5.1.29.jar:?]
	at com.mysql.jdbc.SQLError.createSQLException(SQLError.java:975) ~[mysql-connector-java-5.1.29.jar:?]
	at com.mysql.jdbc.SQLError.createSQLException(SQLError.java:920) ~[mysql-connector-java-5.1.29.jar:?]
	at com.mysql.jdbc.NonRegisteringDriver.connect(NonRegisteringDriver.java:356) ~[mysql-connector-java-5.1.29.jar:?]
	at com.alibaba.druid.filter.FilterChainImpl.connection_connect(FilterChainImpl.java:149) ~[druid-1.1.9.jar:1.1.9]
	at com.alibaba.druid.filter.FilterAdapter.connection_connect(FilterAdapter.java:786) ~[druid-1.1.9.jar:1.1.9]
	at com.alibaba.druid.filter.FilterChainImpl.connection_connect(FilterChainImpl.java:143) ~[druid-1.1.9.jar:1.1.9]
	at com.alibaba.druid.pool.DruidAbstractDataSource.createPhysicalConnection(DruidAbstractDataSource.java:1515) ~[druid-1.1.9.jar:1.1.9]
	at com.alibaba.druid.pool.DruidAbstractDataSource.createPhysicalConnection(DruidAbstractDataSource.java:1578) ~[druid-1.1.9.jar:1.1.9]
	at com.alibaba.druid.pool.DruidDataSource$CreateConnectionThread.run(DruidDataSource.java:2466) ~[druid-1.1.9.jar:1.1.9]
Caused by: java.lang.NumberFormatException: For input string: "{tidb.port}"
	at java.lang.NumberFormatException.forInputString(NumberFormatException.java:65) ~[?:1.8.0_241]
	at java.lang.Integer.parseInt(Integer.java:580) ~[?:1.8.0_241]
	at java.lang.Integer.parseInt(Integer.java:615) ~[?:1.8.0_241]
	at com.mysql.jdbc.NonRegisteringDriver.port(NonRegisteringDriver.java:916) ~[mysql-connector-java-5.1.29.jar:?]
	at com.mysql.jdbc.NonRegisteringDriver.connect(NonRegisteringDriver.java:347) ~[mysql-connector-java-5.1.29.jar:?]
	... 6 more
2023-08-28 15:17:44.864 ERROR catalogWatchTaskScheduler-1 org.springframework.cloud.consul.discovery.ConsulDiscoveryClient - Error watching Consul CatalogServices
com.ecwid.consul.transport.TransportException: org.apache.http.conn.HttpHostConnectException: Connect to 127.0.0.1:8500 [/127.0.0.1] failed: Connection refused (Connection refused)
	at com.ecwid.consul.transport.AbstractHttpTransport.executeRequest(AbstractHttpTransport.java:83) ~[consul-api-1.4.5.jar:?]
	at com.ecwid.consul.transport.AbstractHttpTransport.makeGetRequest(AbstractHttpTransport.java:36) ~[consul-api-1.4.5.jar:?]
	at com.ecwid.consul.v1.ConsulRawClient.makeGetRequest(ConsulRawClient.java:139) ~[consul-api-1.4.5.jar:?]
	at com.ecwid.consul.v1.catalog.CatalogConsulClient.getCatalogServices(CatalogConsulClient.java:143) ~[consul-api-1.4.5.jar:?]
	at com.ecwid.consul.v1.ConsulClient.getCatalogServices(ConsulClient.java:400) ~[consul-api-1.4.5.jar:?]
	at org.springframework.cloud.consul.discovery.ConsulCatalogWatch.catalogServicesWatch(ConsulCatalogWatch.java:135) ~[spring-cloud-consul-discovery-2.2.6.RELEASE.jar:2.2.6.RELEASE]
	at org.springframework.scheduling.support.DelegatingErrorHandlingRunnable.run(DelegatingErrorHandlingRunnable.java:54) [spring-context-5.2.15.RELEASE.jar:5.2.15.RELEASE]
	at java.util.concurrent.Executors$RunnableAdapter.call(Executors.java:511) [?:1.8.0_241]
	at java.util.concurrent.FutureTask.runAndReset(FutureTask.java:308) [?:1.8.0_241]
	at java.util.concurrent.ScheduledThreadPoolExecutor$ScheduledFutureTask.access$301(ScheduledThreadPoolExecutor.java:180) [?:1.8.0_241]
	at java.util.concurrent.ScheduledThreadPoolExecutor$ScheduledFutureTask.run(ScheduledThreadPoolExecutor.java:294) [?:1.8.0_241]
	at java.util.concurrent.ThreadPoolExecutor.runWorker(ThreadPoolExecutor.java:1149) [?:1.8.0_241]
	at java.util.concurrent.ThreadPoolExecutor$Worker.run(ThreadPoolExecutor.java:624) [?:1.8.0_241]
	at java.lang.Thread.run(Thread.java:748) [?:1.8.0_241]
Caused by: org.apache.http.conn.HttpHostConnectException: Connect to 127.0.0.1:8500 [/127.0.0.1] failed: Connection refused (Connection refused)
	at org.apache.http.impl.conn.DefaultHttpClientConnectionOperator.connect(DefaultHttpClientConnectionOperator.java:156) ~[httpclient-4.5.13.jar:4.5.13]
	at org.apache.http.impl.conn.PoolingHttpClientConnectionManager.connect(PoolingHttpClientConnectionManager.java:376) ~[httpclient-4.5.13.jar:4.5.13]
	at org.apache.http.impl.execchain.MainClientExec.establishRoute(MainClientExec.java:393) ~[httpclient-4.5.13.jar:4.5.13]
	at org.apache.http.impl.execchain.MainClientExec.execute(MainClientExec.java:236) ~[httpclient-4.5.13.jar:4.5.13]
	at org.apache.http.impl.execchain.ProtocolExec.execute(ProtocolExec.java:186) ~[httpclient-4.5.13.jar:4.5.13]
	at org.apache.http.impl.execchain.RetryExec.execute(RetryExec.java:89) ~[httpclient-4.5.13.jar:4.5.13]
	at org.apache.http.impl.execchain.RedirectExec.execute(RedirectExec.java:110) ~[httpclient-4.5.13.jar:4.5.13]
	at org.apache.http.impl.client.InternalHttpClient.doExecute(InternalHttpClient.java:185) ~[httpclient-4.5.13.jar:4.5.13]
	at org.apache.http.impl.client.CloseableHttpClient.execute(CloseableHttpClient.java:72) ~[httpclient-4.5.13.jar:4.5.13]
	at org.apache.http.impl.client.CloseableHttpClient.execute(CloseableHttpClient.java:221) ~[httpclient-4.5.13.jar:4.5.13]
	at org.apache.http.impl.client.CloseableHttpClient.execute(CloseableHttpClient.java:165) ~[httpclient-4.5.13.jar:4.5.13]
	at org.apache.http.impl.client.CloseableHttpClient.execute(CloseableHttpClient.java:140) ~[httpclient-4.5.13.jar:4.5.13]
	at com.ecwid.consul.transport.AbstractHttpTransport.executeRequest(AbstractHttpTransport.java:70) ~[consul-api-1.4.5.jar:?]
	... 13 more
Caused by: java.net.ConnectException: Connection refused (Connection refused)
	at java.net.PlainSocketImpl.socketConnect(Native Method) ~[?:1.8.0_241]
	at java.net.AbstractPlainSocketImpl.doConnect(AbstractPlainSocketImpl.java:350) ~[?:1.8.0_241]
	at java.net.AbstractPlainSocketImpl.connectToAddress(AbstractPlainSocketImpl.java:206) ~[?:1.8.0_241]
	at java.net.AbstractPlainSocketImpl.connect(AbstractPlainSocketImpl.java:188) ~[?:1.8.0_241]
	at java.net.SocksSocketImpl.connect(SocksSocketImpl.java:392) ~[?:1.8.0_241]
	at java.net.Socket.connect(Socket.java:606) ~[?:1.8.0_241]
	at org.apache.http.conn.socket.PlainConnectionSocketFactory.connectSocket(PlainConnectionSocketFactory.java:75) ~[httpclient-4.5.13.jar:4.5.13]
	at org.apache.http.impl.conn.DefaultHttpClientConnectionOperator.connect(DefaultHttpClientConnectionOperator.java:142) ~[httpclient-4.5.13.jar:4.5.13]
	at org.apache.http.impl.conn.PoolingHttpClientConnectionManager.connect(PoolingHttpClientConnectionManager.java:376) ~[httpclient-4.5.13.jar:4.5.13]
	at org.apache.http.impl.execchain.MainClientExec.establishRoute(MainClientExec.java:393) ~[httpclient-4.5.13.jar:4.5.13]
	at org.apache.http.impl.execchain.MainClientExec.execute(MainClientExec.java:236) ~[httpclient-4.5.13.jar:4.5.13]
	at org.apache.http.impl.execchain.ProtocolExec.execute(ProtocolExec.java:186) ~[httpclient-4.5.13.jar:4.5.13]
	at org.apache.http.impl.execchain.RetryExec.execute(RetryExec.java:89) ~[httpclient-4.5.13.jar:4.5.13]
	at org.apache.http.impl.execchain.RedirectExec.execute(RedirectExec.java:110) ~[httpclient-4.5.13.jar:4.5.13]
	at org.apache.http.impl.client.InternalHttpClient.doExecute(InternalHttpClient.java:185) ~[httpclient-4.5.13.jar:4.5.13]
	at org.apache.http.impl.client.CloseableHttpClient.execute(CloseableHttpClient.java:72) ~[httpclient-4.5.13.jar:4.5.13]
	at org.apache.http.impl.client.CloseableHttpClient.execute(CloseableHttpClient.java:221) ~[httpclient-4.5.13.jar:4.5.13]
	at org.apache.http.impl.client.CloseableHttpClient.execute(CloseableHttpClient.java:165) ~[httpclient-4.5.13.jar:4.5.13]
	at org.apache.http.impl.client.CloseableHttpClient.execute(CloseableHttpClient.java:140) ~[httpclient-4.5.13.jar:4.5.13]
	at com.ecwid.consul.transport.AbstractHttpTransport.executeRequest(AbstractHttpTransport.java:70) ~[consul-api-1.4.5.jar:?]
	... 13 more
2023-08-28 15:17:45.166 ERROR Druid-ConnectionPool-Create-2129636512 com.alibaba.druid.pool.DruidDataSource TID:  - create connection SQLException, url: jdbc:mysql://{tidb.host}:{tidb.port}/template?useSSL=false&allowMultiQueries=true, errorCode 0, state 08001
com.mysql.jdbc.exceptions.jdbc4.MySQLNonTransientConnectionException: Cannot load connection class because of underlying exception: 'java.lang.NumberFormatException: For input string: "{tidb.port}"'.
	at sun.reflect.GeneratedConstructorAccessor97.newInstance(Unknown Source) ~[?:?]
	at sun.reflect.DelegatingConstructorAccessorImpl.newInstance(DelegatingConstructorAccessorImpl.java:45) ~[?:1.8.0_241]
	at java.lang.reflect.Constructor.newInstance(Constructor.java:423) ~[?:1.8.0_241]
	at com.mysql.jdbc.Util.handleNewInstance(Util.java:411) ~[mysql-connector-java-5.1.29.jar:?]
	at com.mysql.jdbc.Util.getInstance(Util.java:386) ~[mysql-connector-java-5.1.29.jar:?]
	at com.mysql.jdbc.SQLError.createSQLException(SQLError.java:1015) ~[mysql-connector-java-5.1.29.jar:?]
	at com.mysql.jdbc.SQLError.createSQLException(SQLError.java:989) ~[mysql-connector-java-5.1.29.jar:?]
	at com.mysql.jdbc.SQLError.createSQLException(SQLError.java:975) ~[mysql-connector-java-5.1.29.jar:?]
	at com.mysql.jdbc.SQLError.createSQLException(SQLError.java:920) ~[mysql-connector-java-5.1.29.jar:?]
	at com.mysql.jdbc.NonRegisteringDriver.connect(NonRegisteringDriver.java:356) ~[mysql-connector-java-5.1.29.jar:?]
	at com.alibaba.druid.filter.FilterChainImpl.connection_connect(FilterChainImpl.java:149) ~[druid-1.1.9.jar:1.1.9]
	at com.alibaba.druid.filter.FilterAdapter.connection_connect(FilterAdapter.java:786) ~[druid-1.1.9.jar:1.1.9]
	at com.alibaba.druid.filter.FilterChainImpl.connection_connect(FilterChainImpl.java:143) ~[druid-1.1.9.jar:1.1.9]
	at com.alibaba.druid.pool.DruidAbstractDataSource.createPhysicalConnection(DruidAbstractDataSource.java:1515) ~[druid-1.1.9.jar:1.1.9]
	at com.alibaba.druid.pool.DruidAbstractDataSource.createPhysicalConnection(DruidAbstractDataSource.java:1578) ~[druid-1.1.9.jar:1.1.9]
	at com.alibaba.druid.pool.DruidDataSource$CreateConnectionThread.run(DruidDataSource.java:2466) ~[druid-1.1.9.jar:1.1.9]
Caused by: java.lang.NumberFormatException: For input string: "{tidb.port}"
	at java.lang.NumberFormatException.forInputString(NumberFormatException.java:65) ~[?:1.8.0_241]
	at java.lang.Integer.parseInt(Integer.java:580) ~[?:1.8.0_241]
	at java.lang.Integer.parseInt(Integer.java:615) ~[?:1.8.0_241]
	at com.mysql.jdbc.NonRegisteringDriver.port(NonRegisteringDriver.java:916) ~[mysql-connector-java-5.1.29.jar:?]
	at com.mysql.jdbc.NonRegisteringDriver.connect(NonRegisteringDriver.java:347) ~[mysql-connector-java-5.1.29.jar:?]
	... 6 more
2023-08-28 15:17:45.671 ERROR Druid-ConnectionPool-Create-2129636512 com.alibaba.druid.pool.DruidDataSource TID:  - create connection SQLException, url: jdbc:mysql://{tidb.host}:{tidb.port}/template?useSSL=false&allowMultiQueries=true, errorCode 0, state 08001
com.mysql.jdbc.exceptions.jdbc4.MySQLNonTransientConnectionException: Cannot load connection class because of underlying exception: 'java.lang.NumberFormatException: For input string: "{tidb.port}"'.
	at sun.reflect.GeneratedConstructorAccessor97.newInstance(Unknown Source) ~[?:?]
	at sun.reflect.DelegatingConstructorAccessorImpl.newInstance(DelegatingConstructorAccessorImpl.java:45) ~[?:1.8.0_241]
	at java.lang.reflect.Constructor.newInstance(Constructor.java:423) ~[?:1.8.0_241]
	at com.mysql.jdbc.Util.handleNewInstance(Util.java:411) ~[mysql-connector-java-5.1.29.jar:?]
	at com.mysql.jdbc.Util.getInstance(Util.java:386) ~[mysql-connector-java-5.1.29.jar:?]
	at com.mysql.jdbc.SQLError.createSQLException(SQLError.java:1015) ~[mysql-connector-java-5.1.29.jar:?]
	at com.mysql.jdbc.SQLError.createSQLException(SQLError.java:989) ~[mysql-connector-java-5.1.29.jar:?]
	at com.mysql.jdbc.SQLError.createSQLException(SQLError.java:975) ~[mysql-connector-java-5.1.29.jar:?]
	at com.mysql.jdbc.SQLError.createSQLException(SQLError.java:920) ~[mysql-connector-java-5.1.29.jar:?]
	at com.mysql.jdbc.NonRegisteringDriver.connect(NonRegisteringDriver.java:356) ~[mysql-connector-java-5.1.29.jar:?]
	at com.alibaba.druid.filter.FilterChainImpl.connection_connect(FilterChainImpl.java:149) ~[druid-1.1.9.jar:1.1.9]
	at com.alibaba.druid.filter.FilterAdapter.connection_connect(FilterAdapter.java:786) ~[druid-1.1.9.jar:1.1.9]
	at com.alibaba.druid.filter.FilterChainImpl.connection_connect(FilterChainImpl.java:143) ~[druid-1.1.9.jar:1.1.9]
	at com.alibaba.druid.pool.DruidAbstractDataSource.createPhysicalConnection(DruidAbstractDataSource.java:1515) ~[druid-1.1.9.jar:1.1.9]
	at com.alibaba.druid.pool.DruidAbstractDataSource.createPhysicalConnection(DruidAbstractDataSource.java:1578) ~[druid-1.1.9.jar:1.1.9]
	at com.alibaba.druid.pool.DruidDataSource$CreateConnectionThread.run(DruidDataSource.java:2466) ~[druid-1.1.9.jar:1.1.9]
Caused by: java.lang.NumberFormatException: For input string: "{tidb.port}"
	at java.lang.NumberFormatException.forInputString(NumberFormatException.java:65) ~[?:1.8.0_241]
	at java.lang.Integer.parseInt(Integer.java:580) ~[?:1.8.0_241]
	at java.lang.Integer.parseInt(Integer.java:615) ~[?:1.8.0_241]
	at com.mysql.jdbc.NonRegisteringDriver.port(NonRegisteringDriver.java:916) ~[mysql-connector-java-5.1.29.jar:?]
	at com.mysql.jdbc.NonRegisteringDriver.connect(NonRegisteringDriver.java:347) ~[mysql-connector-java-5.1.29.jar:?]
	... 6 more
2023-08-28 15:17:45.870 ERROR catalogWatchTaskScheduler-1 org.springframework.cloud.consul.discovery.ConsulDiscoveryClient - Error watching Consul CatalogServices
com.ecwid.consul.transport.TransportException: org.apache.http.conn.HttpHostConnectException: Connect to 127.0.0.1:8500 [/127.0.0.1] failed: Connection refused (Connection refused)
	at com.ecwid.consul.transport.AbstractHttpTransport.executeRequest(AbstractHttpTransport.java:83) ~[consul-api-1.4.5.jar:?]
	at com.ecwid.consul.transport.AbstractHttpTransport.makeGetRequest(AbstractHttpTransport.java:36) ~[consul-api-1.4.5.jar:?]
	at com.ecwid.consul.v1.ConsulRawClient.makeGetRequest(ConsulRawClient.java:139) ~[consul-api-1.4.5.jar:?]
	at com.ecwid.consul.v1.catalog.CatalogConsulClient.getCatalogServices(CatalogConsulClient.java:143) ~[consul-api-1.4.5.jar:?]
	at com.ecwid.consul.v1.ConsulClient.getCatalogServices(ConsulClient.java:400) ~[consul-api-1.4.5.jar:?]
	at org.springframework.cloud.consul.discovery.ConsulCatalogWatch.catalogServicesWatch(ConsulCatalogWatch.java:135) ~[spring-cloud-consul-discovery-2.2.6.RELEASE.jar:2.2.6.RELEASE]
	at org.springframework.scheduling.support.DelegatingErrorHandlingRunnable.run(DelegatingErrorHandlingRunnable.java:54) [spring-context-5.2.15.RELEASE.jar:5.2.15.RELEASE]
	at java.util.concurrent.Executors$RunnableAdapter.call(Executors.java:511) [?:1.8.0_241]
	at java.util.concurrent.FutureTask.runAndReset(FutureTask.java:308) [?:1.8.0_241]
	at java.util.concurrent.ScheduledThreadPoolExecutor$ScheduledFutureTask.access$301(ScheduledThreadPoolExecutor.java:180) [?:1.8.0_241]
	at java.util.concurrent.ScheduledThreadPoolExecutor$ScheduledFutureTask.run(ScheduledThreadPoolExecutor.java:294) [?:1.8.0_241]
	at java.util.concurrent.ThreadPoolExecutor.runWorker(ThreadPoolExecutor.java:1149) [?:1.8.0_241]
	at java.util.concurrent.ThreadPoolExecutor$Worker.run(ThreadPoolExecutor.java:624) [?:1.8.0_241]
	at java.lang.Thread.run(Thread.java:748) [?:1.8.0_241]
Caused by: org.apache.http.conn.HttpHostConnectException: Connect to 127.0.0.1:8500 [/127.0.0.1] failed: Connection refused (Connection refused)
	at org.apache.http.impl.conn.DefaultHttpClientConnectionOperator.connect(DefaultHttpClientConnectionOperator.java:156) ~[httpclient-4.5.13.jar:4.5.13]
	at org.apache.http.impl.conn.PoolingHttpClientConnectionManager.connect(PoolingHttpClientConnectionManager.java:376) ~[httpclient-4.5.13.jar:4.5.13]
	at org.apache.http.impl.execchain.MainClientExec.establishRoute(MainClientExec.java:393) ~[httpclient-4.5.13.jar:4.5.13]
	at org.apache.http.impl.execchain.MainClientExec.execute(MainClientExec.java:236) ~[httpclient-4.5.13.jar:4.5.13]
	at org.apache.http.impl.execchain.ProtocolExec.execute(ProtocolExec.java:186) ~[httpclient-4.5.13.jar:4.5.13]
	at org.apache.http.impl.execchain.RetryExec.execute(RetryExec.java:89) ~[httpclient-4.5.13.jar:4.5.13]
	at org.apache.http.impl.execchain.RedirectExec.execute(RedirectExec.java:110) ~[httpclient-4.5.13.jar:4.5.13]
	at org.apache.http.impl.client.InternalHttpClient.doExecute(InternalHttpClient.java:185) ~[httpclient-4.5.13.jar:4.5.13]
	at org.apache.http.impl.client.CloseableHttpClient.execute(CloseableHttpClient.java:72) ~[httpclient-4.5.13.jar:4.5.13]
	at org.apache.http.impl.client.CloseableHttpClient.execute(CloseableHttpClient.java:221) ~[httpclient-4.5.13.jar:4.5.13]
	at org.apache.http.impl.client.CloseableHttpClient.execute(CloseableHttpClient.java:165) ~[httpclient-4.5.13.jar:4.5.13]
	at org.apache.http.impl.client.CloseableHttpClient.execute(CloseableHttpClient.java:140) ~[httpclient-4.5.13.jar:4.5.13]
	at com.ecwid.consul.transport.AbstractHttpTransport.executeRequest(AbstractHttpTransport.java:70) ~[consul-api-1.4.5.jar:?]
	... 13 more
Caused by: java.net.ConnectException: Connection refused (Connection refused)
	at java.net.PlainSocketImpl.socketConnect(Native Method) ~[?:1.8.0_241]
	at java.net.AbstractPlainSocketImpl.doConnect(AbstractPlainSocketImpl.java:350) ~[?:1.8.0_241]
	at java.net.AbstractPlainSocketImpl.connectToAddress(AbstractPlainSocketImpl.java:206) ~[?:1.8.0_241]
	at java.net.AbstractPlainSocketImpl.connect(AbstractPlainSocketImpl.java:188) ~[?:1.8.0_241]
	at java.net.SocksSocketImpl.connect(SocksSocketImpl.java:392) ~[?:1.8.0_241]
	at java.net.Socket.connect(Socket.java:606) ~[?:1.8.0_241]
	at org.apache.http.conn.socket.PlainConnectionSocketFactory.connectSocket(PlainConnectionSocketFactory.java:75) ~[httpclient-4.5.13.jar:4.5.13]
	at org.apache.http.impl.conn.DefaultHttpClientConnectionOperator.connect(DefaultHttpClientConnectionOperator.java:142) ~[httpclient-4.5.13.jar:4.5.13]
	at org.apache.http.impl.conn.PoolingHttpClientConnectionManager.connect(PoolingHttpClientConnectionManager.java:376) ~[httpclient-4.5.13.jar:4.5.13]
	at org.apache.http.impl.execchain.MainClientExec.establishRoute(MainClientExec.java:393) ~[httpclient-4.5.13.jar:4.5.13]
	at org.apache.http.impl.execchain.MainClientExec.execute(MainClientExec.java:236) ~[httpclient-4.5.13.jar:4.5.13]
	at org.apache.http.impl.execchain.ProtocolExec.execute(ProtocolExec.java:186) ~[httpclient-4.5.13.jar:4.5.13]
	at org.apache.http.impl.execchain.RetryExec.execute(RetryExec.java:89) ~[httpclient-4.5.13.jar:4.5.13]
	at org.apache.http.impl.execchain.RedirectExec.execute(RedirectExec.java:110) ~[httpclient-4.5.13.jar:4.5.13]
	at org.apache.http.impl.client.InternalHttpClient.doExecute(InternalHttpClient.java:185) ~[httpclient-4.5.13.jar:4.5.13]
	at org.apache.http.impl.client.CloseableHttpClient.execute(CloseableHttpClient.java:72) ~[httpclient-4.5.13.jar:4.5.13]
	at org.apache.http.impl.client.CloseableHttpClient.execute(CloseableHttpClient.java:221) ~[httpclient-4.5.13.jar:4.5.13]
	at org.apache.http.impl.client.CloseableHttpClient.execute(CloseableHttpClient.java:165) ~[httpclient-4.5.13.jar:4.5.13]
	at org.apache.http.impl.client.CloseableHttpClient.execute(CloseableHttpClient.java:140) ~[httpclient-4.5.13.jar:4.5.13]
	at com.ecwid.consul.transport.AbstractHttpTransport.executeRequest(AbstractHttpTransport.java:70) ~[consul-api-1.4.5.jar:?]
	... 13 more
2023-08-28 15:17:46.176 ERROR Druid-ConnectionPool-Create-2129636512 com.alibaba.druid.pool.DruidDataSource TID:  - create connection SQLException, url: jdbc:mysql://{tidb.host}:{tidb.port}/template?useSSL=false&allowMultiQueries=true, errorCode 0, state 08001
com.mysql.jdbc.exceptions.jdbc4.MySQLNonTransientConnectionException: Cannot load connection class because of underlying exception: 'java.lang.NumberFormatException: For input string: "{tidb.port}"'.
	at sun.reflect.GeneratedConstructorAccessor97.newInstance(Unknown Source) ~[?:?]
	at sun.reflect.DelegatingConstructorAccessorImpl.newInstance(DelegatingConstructorAccessorImpl.java:45) ~[?:1.8.0_241]
	at java.lang.reflect.Constructor.newInstance(Constructor.java:423) ~[?:1.8.0_241]
	at com.mysql.jdbc.Util.handleNewInstance(Util.java:411) ~[mysql-connector-java-5.1.29.jar:?]
	at com.mysql.jdbc.Util.getInstance(Util.java:386) ~[mysql-connector-java-5.1.29.jar:?]
	at com.mysql.jdbc.SQLError.createSQLException(SQLError.java:1015) ~[mysql-connector-java-5.1.29.jar:?]
	at com.mysql.jdbc.SQLError.createSQLException(SQLError.java:989) ~[mysql-connector-java-5.1.29.jar:?]
	at com.mysql.jdbc.SQLError.createSQLException(SQLError.java:975) ~[mysql-connector-java-5.1.29.jar:?]
	at com.mysql.jdbc.SQLError.createSQLException(SQLError.java:920) ~[mysql-connector-java-5.1.29.jar:?]
	at com.mysql.jdbc.NonRegisteringDriver.connect(NonRegisteringDriver.java:356) ~[mysql-connector-java-5.1.29.jar:?]
	at com.alibaba.druid.filter.FilterChainImpl.connection_connect(FilterChainImpl.java:149) ~[druid-1.1.9.jar:1.1.9]
	at com.alibaba.druid.filter.FilterAdapter.connection_connect(FilterAdapter.java:786) ~[druid-1.1.9.jar:1.1.9]
	at com.alibaba.druid.filter.FilterChainImpl.connection_connect(FilterChainImpl.java:143) ~[druid-1.1.9.jar:1.1.9]
	at com.alibaba.druid.pool.DruidAbstractDataSource.createPhysicalConnection(DruidAbstractDataSource.java:1515) ~[druid-1.1.9.jar:1.1.9]
	at com.alibaba.druid.pool.DruidAbstractDataSource.createPhysicalConnection(DruidAbstractDataSource.java:1578) ~[druid-1.1.9.jar:1.1.9]
	at com.alibaba.druid.pool.DruidDataSource$CreateConnectionThread.run(DruidDataSource.java:2466) ~[druid-1.1.9.jar:1.1.9]
Caused by: java.lang.NumberFormatException: For input string: "{tidb.port}"
	at java.lang.NumberFormatException.forInputString(NumberFormatException.java:65) ~[?:1.8.0_241]
	at java.lang.Integer.parseInt(Integer.java:580) ~[?:1.8.0_241]
	at java.lang.Integer.parseInt(Integer.java:615) ~[?:1.8.0_241]
	at com.mysql.jdbc.NonRegisteringDriver.port(NonRegisteringDriver.java:916) ~[mysql-connector-java-5.1.29.jar:?]
	at com.mysql.jdbc.NonRegisteringDriver.connect(NonRegisteringDriver.java:347) ~[mysql-connector-java-5.1.29.jar:?]
	... 6 more
2023-08-28 15:17:46.678 ERROR Druid-ConnectionPool-Create-2129636512 com.alibaba.druid.pool.DruidDataSource TID:  - create connection SQLException, url: jdbc:mysql://{tidb.host}:{tidb.port}/template?useSSL=false&allowMultiQueries=true, errorCode 0, state 08001
com.mysql.jdbc.exceptions.jdbc4.MySQLNonTransientConnectionException: Cannot load connection class because of underlying exception: 'java.lang.NumberFormatException: For input string: "{tidb.port}"'.
	at sun.reflect.GeneratedConstructorAccessor97.newInstance(Unknown Source) ~[?:?]
	at sun.reflect.DelegatingConstructorAccessorImpl.newInstance(DelegatingConstructorAccessorImpl.java:45) ~[?:1.8.0_241]
	at java.lang.reflect.Constructor.newInstance(Constructor.java:423) ~[?:1.8.0_241]
	at com.mysql.jdbc.Util.handleNewInstance(Util.java:411) ~[mysql-connector-java-5.1.29.jar:?]
	at com.mysql.jdbc.Util.getInstance(Util.java:386) ~[mysql-connector-java-5.1.29.jar:?]
	at com.mysql.jdbc.SQLError.createSQLException(SQLError.java:1015) ~[mysql-connector-java-5.1.29.jar:?]
	at com.mysql.jdbc.SQLError.createSQLException(SQLError.java:989) ~[mysql-connector-java-5.1.29.jar:?]
	at com.mysql.jdbc.SQLError.createSQLException(SQLError.java:975) ~[mysql-connector-java-5.1.29.jar:?]
	at com.mysql.jdbc.SQLError.createSQLException(SQLError.java:920) ~[mysql-connector-java-5.1.29.jar:?]
	at com.mysql.jdbc.NonRegisteringDriver.connect(NonRegisteringDriver.java:356) ~[mysql-connector-java-5.1.29.jar:?]
	at com.alibaba.druid.filter.FilterChainImpl.connection_connect(FilterChainImpl.java:149) ~[druid-1.1.9.jar:1.1.9]
	at com.alibaba.druid.filter.FilterAdapter.connection_connect(FilterAdapter.java:786) ~[druid-1.1.9.jar:1.1.9]
	at com.alibaba.druid.filter.FilterChainImpl.connection_connect(FilterChainImpl.java:143) ~[druid-1.1.9.jar:1.1.9]
	at com.alibaba.druid.pool.DruidAbstractDataSource.createPhysicalConnection(DruidAbstractDataSource.java:1515) ~[druid-1.1.9.jar:1.1.9]
	at com.alibaba.druid.pool.DruidAbstractDataSource.createPhysicalConnection(DruidAbstractDataSource.java:1578) ~[druid-1.1.9.jar:1.1.9]
	at com.alibaba.druid.pool.DruidDataSource$CreateConnectionThread.run(DruidDataSource.java:2466) ~[druid-1.1.9.jar:1.1.9]
Caused by: java.lang.NumberFormatException: For input string: "{tidb.port}"
	at java.lang.NumberFormatException.forInputString(NumberFormatException.java:65) ~[?:1.8.0_241]
	at java.lang.Integer.parseInt(Integer.java:580) ~[?:1.8.0_241]
	at java.lang.Integer.parseInt(Integer.java:615) ~[?:1.8.0_241]
	at com.mysql.jdbc.NonRegisteringDriver.port(NonRegisteringDriver.java:916) ~[mysql-connector-java-5.1.29.jar:?]
	at com.mysql.jdbc.NonRegisteringDriver.connect(NonRegisteringDriver.java:347) ~[mysql-connector-java-5.1.29.jar:?]
	... 6 more
2023-08-28 15:17:46.877 ERROR catalogWatchTaskScheduler-1 org.springframework.cloud.consul.discovery.ConsulDiscoveryClient - Error watching Consul CatalogServices
com.ecwid.consul.transport.TransportException: org.apache.http.conn.HttpHostConnectException: Connect to 127.0.0.1:8500 [/127.0.0.1] failed: Connection refused (Connection refused)
	at com.ecwid.consul.transport.AbstractHttpTransport.executeRequest(AbstractHttpTransport.java:83) ~[consul-api-1.4.5.jar:?]
	at com.ecwid.consul.transport.AbstractHttpTransport.makeGetRequest(AbstractHttpTransport.java:36) ~[consul-api-1.4.5.jar:?]
	at com.ecwid.consul.v1.ConsulRawClient.makeGetRequest(ConsulRawClient.java:139) ~[consul-api-1.4.5.jar:?]
	at com.ecwid.consul.v1.catalog.CatalogConsulClient.getCatalogServices(CatalogConsulClient.java:143) ~[consul-api-1.4.5.jar:?]
	at com.ecwid.consul.v1.ConsulClient.getCatalogServices(ConsulClient.java:400) ~[consul-api-1.4.5.jar:?]
	at org.springframework.cloud.consul.discovery.ConsulCatalogWatch.catalogServicesWatch(ConsulCatalogWatch.java:135) ~[spring-cloud-consul-discovery-2.2.6.RELEASE.jar:2.2.6.RELEASE]
	at org.springframework.scheduling.support.DelegatingErrorHandlingRunnable.run(DelegatingErrorHandlingRunnable.java:54) [spring-context-5.2.15.RELEASE.jar:5.2.15.RELEASE]
	at java.util.concurrent.Executors$RunnableAdapter.call(Executors.java:511) [?:1.8.0_241]
	at java.util.concurrent.FutureTask.runAndReset(FutureTask.java:308) [?:1.8.0_241]
	at java.util.concurrent.ScheduledThreadPoolExecutor$ScheduledFutureTask.access$301(ScheduledThreadPoolExecutor.java:180) [?:1.8.0_241]
	at java.util.concurrent.ScheduledThreadPoolExecutor$ScheduledFutureTask.run(ScheduledThreadPoolExecutor.java:294) [?:1.8.0_241]
	at java.util.concurrent.ThreadPoolExecutor.runWorker(ThreadPoolExecutor.java:1149) [?:1.8.0_241]
	at java.util.concurrent.ThreadPoolExecutor$Worker.run(ThreadPoolExecutor.java:624) [?:1.8.0_241]
	at java.lang.Thread.run(Thread.java:748) [?:1.8.0_241]
Caused by: org.apache.http.conn.HttpHostConnectException: Connect to 127.0.0.1:8500 [/127.0.0.1] failed: Connection refused (Connection refused)
	at org.apache.http.impl.conn.DefaultHttpClientConnectionOperator.connect(DefaultHttpClientConnectionOperator.java:156) ~[httpclient-4.5.13.jar:4.5.13]
	at org.apache.http.impl.conn.PoolingHttpClientConnectionManager.connect(PoolingHttpClientConnectionManager.java:376) ~[httpclient-4.5.13.jar:4.5.13]
	at org.apache.http.impl.execchain.MainClientExec.establishRoute(MainClientExec.java:393) ~[httpclient-4.5.13.jar:4.5.13]
	at org.apache.http.impl.execchain.MainClientExec.execute(MainClientExec.java:236) ~[httpclient-4.5.13.jar:4.5.13]
	at org.apache.http.impl.execchain.ProtocolExec.execute(ProtocolExec.java:186) ~[httpclient-4.5.13.jar:4.5.13]
	at org.apache.http.impl.execchain.RetryExec.execute(RetryExec.java:89) ~[httpclient-4.5.13.jar:4.5.13]
	at org.apache.http.impl.execchain.RedirectExec.execute(RedirectExec.java:110) ~[httpclient-4.5.13.jar:4.5.13]
	at org.apache.http.impl.client.InternalHttpClient.doExecute(InternalHttpClient.java:185) ~[httpclient-4.5.13.jar:4.5.13]
	at org.apache.http.impl.client.CloseableHttpClient.execute(CloseableHttpClient.java:72) ~[httpclient-4.5.13.jar:4.5.13]
	at org.apache.http.impl.client.CloseableHttpClient.execute(CloseableHttpClient.java:221) ~[httpclient-4.5.13.jar:4.5.13]
	at org.apache.http.impl.client.CloseableHttpClient.execute(CloseableHttpClient.java:165) ~[httpclient-4.5.13.jar:4.5.13]
	at org.apache.http.impl.client.CloseableHttpClient.execute(CloseableHttpClient.java:140) ~[httpclient-4.5.13.jar:4.5.13]
	at com.ecwid.consul.transport.AbstractHttpTransport.executeRequest(AbstractHttpTransport.java:70) ~[consul-api-1.4.5.jar:?]
	... 13 more
Caused by: java.net.ConnectException: Connection refused (Connection refused)
	at java.net.PlainSocketImpl.socketConnect(Native Method) ~[?:1.8.0_241]
	at java.net.AbstractPlainSocketImpl.doConnect(AbstractPlainSocketImpl.java:350) ~[?:1.8.0_241]
	at java.net.AbstractPlainSocketImpl.connectToAddress(AbstractPlainSocketImpl.java:206) ~[?:1.8.0_241]
	at java.net.AbstractPlainSocketImpl.connect(AbstractPlainSocketImpl.java:188) ~[?:1.8.0_241]
	at java.net.SocksSocketImpl.connect(SocksSocketImpl.java:392) ~[?:1.8.0_241]
	at java.net.Socket.connect(Socket.java:606) ~[?:1.8.0_241]
	at org.apache.http.conn.socket.PlainConnectionSocketFactory.connectSocket(PlainConnectionSocketFactory.java:75) ~[httpclient-4.5.13.jar:4.5.13]
	at org.apache.http.impl.conn.DefaultHttpClientConnectionOperator.connect(DefaultHttpClientConnectionOperator.java:142) ~[httpclient-4.5.13.jar:4.5.13]
	at org.apache.http.impl.conn.PoolingHttpClientConnectionManager.connect(PoolingHttpClientConnectionManager.java:376) ~[httpclient-4.5.13.jar:4.5.13]
	at org.apache.http.impl.execchain.MainClientExec.establishRoute(MainClientExec.java:393) ~[httpclient-4.5.13.jar:4.5.13]
	at org.apache.http.impl.execchain.MainClientExec.execute(MainClientExec.java:236) ~[httpclient-4.5.13.jar:4.5.13]
	at org.apache.http.impl.execchain.ProtocolExec.execute(ProtocolExec.java:186) ~[httpclient-4.5.13.jar:4.5.13]
	at org.apache.http.impl.execchain.RetryExec.execute(RetryExec.java:89) ~[httpclient-4.5.13.jar:4.5.13]
	at org.apache.http.impl.execchain.RedirectExec.execute(RedirectExec.java:110) ~[httpclient-4.5.13.jar:4.5.13]
	at org.apache.http.impl.client.InternalHttpClient.doExecute(InternalHttpClient.java:185) ~[httpclient-4.5.13.jar:4.5.13]
	at org.apache.http.impl.client.CloseableHttpClient.execute(CloseableHttpClient.java:72) ~[httpclient-4.5.13.jar:4.5.13]
	at org.apache.http.impl.client.CloseableHttpClient.execute(CloseableHttpClient.java:221) ~[httpclient-4.5.13.jar:4.5.13]
	at org.apache.http.impl.client.CloseableHttpClient.execute(CloseableHttpClient.java:165) ~[httpclient-4.5.13.jar:4.5.13]
	at org.apache.http.impl.client.CloseableHttpClient.execute(CloseableHttpClient.java:140) ~[httpclient-4.5.13.jar:4.5.13]
	at com.ecwid.consul.transport.AbstractHttpTransport.executeRequest(AbstractHttpTransport.java:70) ~[consul-api-1.4.5.jar:?]
	... 13 more
2023-08-28 15:17:47.179 ERROR Druid-ConnectionPool-Create-2129636512 com.alibaba.druid.pool.DruidDataSource TID:  - create connection SQLException, url: jdbc:mysql://{tidb.host}:{tidb.port}/template?useSSL=false&allowMultiQueries=true, errorCode 0, state 08001
com.mysql.jdbc.exceptions.jdbc4.MySQLNonTransientConnectionException: Cannot load connection class because of underlying exception: 'java.lang.NumberFormatException: For input string: "{tidb.port}"'.
	at sun.reflect.GeneratedConstructorAccessor97.newInstance(Unknown Source) ~[?:?]
	at sun.reflect.DelegatingConstructorAccessorImpl.newInstance(DelegatingConstructorAccessorImpl.java:45) ~[?:1.8.0_241]
	at java.lang.reflect.Constructor.newInstance(Constructor.java:423) ~[?:1.8.0_241]
	at com.mysql.jdbc.Util.handleNewInstance(Util.java:411) ~[mysql-connector-java-5.1.29.jar:?]
	at com.mysql.jdbc.Util.getInstance(Util.java:386) ~[mysql-connector-java-5.1.29.jar:?]
	at com.mysql.jdbc.SQLError.createSQLException(SQLError.java:1015) ~[mysql-connector-java-5.1.29.jar:?]
	at com.mysql.jdbc.SQLError.createSQLException(SQLError.java:989) ~[mysql-connector-java-5.1.29.jar:?]
	at com.mysql.jdbc.SQLError.createSQLException(SQLError.java:975) ~[mysql-connector-java-5.1.29.jar:?]
	at com.mysql.jdbc.SQLError.createSQLException(SQLError.java:920) ~[mysql-connector-java-5.1.29.jar:?]
	at com.mysql.jdbc.NonRegisteringDriver.connect(NonRegisteringDriver.java:356) ~[mysql-connector-java-5.1.29.jar:?]
	at com.alibaba.druid.filter.FilterChainImpl.connection_connect(FilterChainImpl.java:149) ~[druid-1.1.9.jar:1.1.9]
	at com.alibaba.druid.filter.FilterAdapter.connection_connect(FilterAdapter.java:786) ~[druid-1.1.9.jar:1.1.9]
	at com.alibaba.druid.filter.FilterChainImpl.connection_connect(FilterChainImpl.java:143) ~[druid-1.1.9.jar:1.1.9]
	at com.alibaba.druid.pool.DruidAbstractDataSource.createPhysicalConnection(DruidAbstractDataSource.java:1515) ~[druid-1.1.9.jar:1.1.9]
	at com.alibaba.druid.pool.DruidAbstractDataSource.createPhysicalConnection(DruidAbstractDataSource.java:1578) ~[druid-1.1.9.jar:1.1.9]
	at com.alibaba.druid.pool.DruidDataSource$CreateConnectionThread.run(DruidDataSource.java:2466) ~[druid-1.1.9.jar:1.1.9]
Caused by: java.lang.NumberFormatException: For input string: "{tidb.port}"
	at java.lang.NumberFormatException.forInputString(NumberFormatException.java:65) ~[?:1.8.0_241]
	at java.lang.Integer.parseInt(Integer.java:580) ~[?:1.8.0_241]
	at java.lang.Integer.parseInt(Integer.java:615) ~[?:1.8.0_241]
	at com.mysql.jdbc.NonRegisteringDriver.port(NonRegisteringDriver.java:916) ~[mysql-connector-java-5.1.29.jar:?]
	at com.mysql.jdbc.NonRegisteringDriver.connect(NonRegisteringDriver.java:347) ~[mysql-connector-java-5.1.29.jar:?]
	... 6 more
2023-08-28 15:17:47.682 ERROR Druid-ConnectionPool-Create-2129636512 com.alibaba.druid.pool.DruidDataSource TID:  - create connection SQLException, url: jdbc:mysql://{tidb.host}:{tidb.port}/template?useSSL=false&allowMultiQueries=true, errorCode 0, state 08001
com.mysql.jdbc.exceptions.jdbc4.MySQLNonTransientConnectionException: Cannot load connection class because of underlying exception: 'java.lang.NumberFormatException: For input string: "{tidb.port}"'.
	at sun.reflect.GeneratedConstructorAccessor97.newInstance(Unknown Source) ~[?:?]
	at sun.reflect.DelegatingConstructorAccessorImpl.newInstance(DelegatingConstructorAccessorImpl.java:45) ~[?:1.8.0_241]
	at java.lang.reflect.Constructor.newInstance(Constructor.java:423) ~[?:1.8.0_241]
	at com.mysql.jdbc.Util.handleNewInstance(Util.java:411) ~[mysql-connector-java-5.1.29.jar:?]
	at com.mysql.jdbc.Util.getInstance(Util.java:386) ~[mysql-connector-java-5.1.29.jar:?]
	at com.mysql.jdbc.SQLError.createSQLException(SQLError.java:1015) ~[mysql-connector-java-5.1.29.jar:?]
	at com.mysql.jdbc.SQLError.createSQLException(SQLError.java:989) ~[mysql-connector-java-5.1.29.jar:?]
	at com.mysql.jdbc.SQLError.createSQLException(SQLError.java:975) ~[mysql-connector-java-5.1.29.jar:?]
	at com.mysql.jdbc.SQLError.createSQLException(SQLError.java:920) ~[mysql-connector-java-5.1.29.jar:?]
	at com.mysql.jdbc.NonRegisteringDriver.connect(NonRegisteringDriver.java:356) ~[mysql-connector-java-5.1.29.jar:?]
	at com.alibaba.druid.filter.FilterChainImpl.connection_connect(FilterChainImpl.java:149) ~[druid-1.1.9.jar:1.1.9]
	at com.alibaba.druid.filter.FilterAdapter.connection_connect(FilterAdapter.java:786) ~[druid-1.1.9.jar:1.1.9]
	at com.alibaba.druid.filter.FilterChainImpl.connection_connect(FilterChainImpl.java:143) ~[druid-1.1.9.jar:1.1.9]
	at com.alibaba.druid.pool.DruidAbstractDataSource.createPhysicalConnection(DruidAbstractDataSource.java:1515) ~[druid-1.1.9.jar:1.1.9]
	at com.alibaba.druid.pool.DruidAbstractDataSource.createPhysicalConnection(DruidAbstractDataSource.java:1578) ~[druid-1.1.9.jar:1.1.9]
	at com.alibaba.druid.pool.DruidDataSource$CreateConnectionThread.run(DruidDataSource.java:2466) ~[druid-1.1.9.jar:1.1.9]
Caused by: java.lang.NumberFormatException: For input string: "{tidb.port}"
	at java.lang.NumberFormatException.forInputString(NumberFormatException.java:65) ~[?:1.8.0_241]
	at java.lang.Integer.parseInt(Integer.java:580) ~[?:1.8.0_241]
	at java.lang.Integer.parseInt(Integer.java:615) ~[?:1.8.0_241]
	at com.mysql.jdbc.NonRegisteringDriver.port(NonRegisteringDriver.java:916) ~[mysql-connector-java-5.1.29.jar:?]
	at com.mysql.jdbc.NonRegisteringDriver.connect(NonRegisteringDriver.java:347) ~[mysql-connector-java-5.1.29.jar:?]
	... 6 more
2023-08-28 15:17:47.883 ERROR catalogWatchTaskScheduler-1 org.springframework.cloud.consul.discovery.ConsulDiscoveryClient - Error watching Consul CatalogServices
com.ecwid.consul.transport.TransportException: org.apache.http.conn.HttpHostConnectException: Connect to 127.0.0.1:8500 [/127.0.0.1] failed: Connection refused (Connection refused)
	at com.ecwid.consul.transport.AbstractHttpTransport.executeRequest(AbstractHttpTransport.java:83) ~[consul-api-1.4.5.jar:?]
	at com.ecwid.consul.transport.AbstractHttpTransport.makeGetRequest(AbstractHttpTransport.java:36) ~[consul-api-1.4.5.jar:?]
	at com.ecwid.consul.v1.ConsulRawClient.makeGetRequest(ConsulRawClient.java:139) ~[consul-api-1.4.5.jar:?]
	at com.ecwid.consul.v1.catalog.CatalogConsulClient.getCatalogServices(CatalogConsulClient.java:143) ~[consul-api-1.4.5.jar:?]
	at com.ecwid.consul.v1.ConsulClient.getCatalogServices(ConsulClient.java:400) ~[consul-api-1.4.5.jar:?]
	at org.springframework.cloud.consul.discovery.ConsulCatalogWatch.catalogServicesWatch(ConsulCatalogWatch.java:135) ~[spring-cloud-consul-discovery-2.2.6.RELEASE.jar:2.2.6.RELEASE]
	at org.springframework.scheduling.support.DelegatingErrorHandlingRunnable.run(DelegatingErrorHandlingRunnable.java:54) [spring-context-5.2.15.RELEASE.jar:5.2.15.RELEASE]
	at java.util.concurrent.Executors$RunnableAdapter.call(Executors.java:511) [?:1.8.0_241]
	at java.util.concurrent.FutureTask.runAndReset(FutureTask.java:308) [?:1.8.0_241]
	at java.util.concurrent.ScheduledThreadPoolExecutor$ScheduledFutureTask.access$301(ScheduledThreadPoolExecutor.java:180) [?:1.8.0_241]
	at java.util.concurrent.ScheduledThreadPoolExecutor$ScheduledFutureTask.run(ScheduledThreadPoolExecutor.java:294) [?:1.8.0_241]
	at java.util.concurrent.ThreadPoolExecutor.runWorker(ThreadPoolExecutor.java:1149) [?:1.8.0_241]
	at java.util.concurrent.ThreadPoolExecutor$Worker.run(ThreadPoolExecutor.java:624) [?:1.8.0_241]
	at java.lang.Thread.run(Thread.java:748) [?:1.8.0_241]
Caused by: org.apache.http.conn.HttpHostConnectException: Connect to 127.0.0.1:8500 [/127.0.0.1] failed: Connection refused (Connection refused)
	at org.apache.http.impl.conn.DefaultHttpClientConnectionOperator.connect(DefaultHttpClientConnectionOperator.java:156) ~[httpclient-4.5.13.jar:4.5.13]
	at org.apache.http.impl.conn.PoolingHttpClientConnectionManager.connect(PoolingHttpClientConnectionManager.java:376) ~[httpclient-4.5.13.jar:4.5.13]
	at org.apache.http.impl.execchain.MainClientExec.establishRoute(MainClientExec.java:393) ~[httpclient-4.5.13.jar:4.5.13]
	at org.apache.http.impl.execchain.MainClientExec.execute(MainClientExec.java:236) ~[httpclient-4.5.13.jar:4.5.13]
	at org.apache.http.impl.execchain.ProtocolExec.execute(ProtocolExec.java:186) ~[httpclient-4.5.13.jar:4.5.13]
	at org.apache.http.impl.execchain.RetryExec.execute(RetryExec.java:89) ~[httpclient-4.5.13.jar:4.5.13]
	at org.apache.http.impl.execchain.RedirectExec.execute(RedirectExec.java:110) ~[httpclient-4.5.13.jar:4.5.13]
	at org.apache.http.impl.client.InternalHttpClient.doExecute(InternalHttpClient.java:185) ~[httpclient-4.5.13.jar:4.5.13]
	at org.apache.http.impl.client.CloseableHttpClient.execute(CloseableHttpClient.java:72) ~[httpclient-4.5.13.jar:4.5.13]
	at org.apache.http.impl.client.CloseableHttpClient.execute(CloseableHttpClient.java:221) ~[httpclient-4.5.13.jar:4.5.13]
	at org.apache.http.impl.client.CloseableHttpClient.execute(CloseableHttpClient.java:165) ~[httpclient-4.5.13.jar:4.5.13]
	at org.apache.http.impl.client.CloseableHttpClient.execute(CloseableHttpClient.java:140) ~[httpclient-4.5.13.jar:4.5.13]
	at com.ecwid.consul.transport.AbstractHttpTransport.executeRequest(AbstractHttpTransport.java:70) ~[consul-api-1.4.5.jar:?]
	... 13 more
Caused by: java.net.ConnectException: Connection refused (Connection refused)
	at java.net.PlainSocketImpl.socketConnect(Native Method) ~[?:1.8.0_241]
	at java.net.AbstractPlainSocketImpl.doConnect(AbstractPlainSocketImpl.java:350) ~[?:1.8.0_241]
	at java.net.AbstractPlainSocketImpl.connectToAddress(AbstractPlainSocketImpl.java:206) ~[?:1.8.0_241]
	at java.net.AbstractPlainSocketImpl.connect(AbstractPlainSocketImpl.java:188) ~[?:1.8.0_241]
	at java.net.SocksSocketImpl.connect(SocksSocketImpl.java:392) ~[?:1.8.0_241]
	at java.net.Socket.connect(Socket.java:606) ~[?:1.8.0_241]
	at org.apache.http.conn.socket.PlainConnectionSocketFactory.connectSocket(PlainConnectionSocketFactory.java:75) ~[httpclient-4.5.13.jar:4.5.13]
	at org.apache.http.impl.conn.DefaultHttpClientConnectionOperator.connect(DefaultHttpClientConnectionOperator.java:142) ~[httpclient-4.5.13.jar:4.5.13]
	at org.apache.http.impl.conn.PoolingHttpClientConnectionManager.connect(PoolingHttpClientConnectionManager.java:376) ~[httpclient-4.5.13.jar:4.5.13]
	at org.apache.http.impl.execchain.MainClientExec.establishRoute(MainClientExec.java:393) ~[httpclient-4.5.13.jar:4.5.13]
	at org.apache.http.impl.execchain.MainClientExec.execute(MainClientExec.java:236) ~[httpclient-4.5.13.jar:4.5.13]
	at org.apache.http.impl.execchain.ProtocolExec.execute(ProtocolExec.java:186) ~[httpclient-4.5.13.jar:4.5.13]
	at org.apache.http.impl.execchain.RetryExec.execute(RetryExec.java:89) ~[httpclient-4.5.13.jar:4.5.13]
	at org.apache.http.impl.execchain.RedirectExec.execute(RedirectExec.java:110) ~[httpclient-4.5.13.jar:4.5.13]
	at org.apache.http.impl.client.InternalHttpClient.doExecute(InternalHttpClient.java:185) ~[httpclient-4.5.13.jar:4.5.13]
	at org.apache.http.impl.client.CloseableHttpClient.execute(CloseableHttpClient.java:72) ~[httpclient-4.5.13.jar:4.5.13]
	at org.apache.http.impl.client.CloseableHttpClient.execute(CloseableHttpClient.java:221) ~[httpclient-4.5.13.jar:4.5.13]
	at org.apache.http.impl.client.CloseableHttpClient.execute(CloseableHttpClient.java:165) ~[httpclient-4.5.13.jar:4.5.13]
	at org.apache.http.impl.client.CloseableHttpClient.execute(CloseableHttpClient.java:140) ~[httpclient-4.5.13.jar:4.5.13]
	at com.ecwid.consul.transport.AbstractHttpTransport.executeRequest(AbstractHttpTransport.java:70) ~[consul-api-1.4.5.jar:?]
	... 13 more
2023-08-28 15:17:48.187 ERROR Druid-ConnectionPool-Create-2129636512 com.alibaba.druid.pool.DruidDataSource TID:  - create connection SQLException, url: jdbc:mysql://{tidb.host}:{tidb.port}/template?useSSL=false&allowMultiQueries=true, errorCode 0, state 08001
com.mysql.jdbc.exceptions.jdbc4.MySQLNonTransientConnectionException: Cannot load connection class because of underlying exception: 'java.lang.NumberFormatException: For input string: "{tidb.port}"'.
	at sun.reflect.GeneratedConstructorAccessor97.newInstance(Unknown Source) ~[?:?]
	at sun.reflect.DelegatingConstructorAccessorImpl.newInstance(DelegatingConstructorAccessorImpl.java:45) ~[?:1.8.0_241]
	at java.lang.reflect.Constructor.newInstance(Constructor.java:423) ~[?:1.8.0_241]
	at com.mysql.jdbc.Util.handleNewInstance(Util.java:411) ~[mysql-connector-java-5.1.29.jar:?]
	at com.mysql.jdbc.Util.getInstance(Util.java:386) ~[mysql-connector-java-5.1.29.jar:?]
	at com.mysql.jdbc.SQLError.createSQLException(SQLError.java:1015) ~[mysql-connector-java-5.1.29.jar:?]
	at com.mysql.jdbc.SQLError.createSQLException(SQLError.java:989) ~[mysql-connector-java-5.1.29.jar:?]
	at com.mysql.jdbc.SQLError.createSQLException(SQLError.java:975) ~[mysql-connector-java-5.1.29.jar:?]
	at com.mysql.jdbc.SQLError.createSQLException(SQLError.java:920) ~[mysql-connector-java-5.1.29.jar:?]
	at com.mysql.jdbc.NonRegisteringDriver.connect(NonRegisteringDriver.java:356) ~[mysql-connector-java-5.1.29.jar:?]
	at com.alibaba.druid.filter.FilterChainImpl.connection_connect(FilterChainImpl.java:149) ~[druid-1.1.9.jar:1.1.9]
	at com.alibaba.druid.filter.FilterAdapter.connection_connect(FilterAdapter.java:786) ~[druid-1.1.9.jar:1.1.9]
	at com.alibaba.druid.filter.FilterChainImpl.connection_connect(FilterChainImpl.java:143) ~[druid-1.1.9.jar:1.1.9]
	at com.alibaba.druid.pool.DruidAbstractDataSource.createPhysicalConnection(DruidAbstractDataSource.java:1515) ~[druid-1.1.9.jar:1.1.9]
	at com.alibaba.druid.pool.DruidAbstractDataSource.createPhysicalConnection(DruidAbstractDataSource.java:1578) ~[druid-1.1.9.jar:1.1.9]
	at com.alibaba.druid.pool.DruidDataSource$CreateConnectionThread.run(DruidDataSource.java:2466) ~[druid-1.1.9.jar:1.1.9]
Caused by: java.lang.NumberFormatException: For input string: "{tidb.port}"
	at java.lang.NumberFormatException.forInputString(NumberFormatException.java:65) ~[?:1.8.0_241]
	at java.lang.Integer.parseInt(Integer.java:580) ~[?:1.8.0_241]
	at java.lang.Integer.parseInt(Integer.java:615) ~[?:1.8.0_241]
	at com.mysql.jdbc.NonRegisteringDriver.port(NonRegisteringDriver.java:916) ~[mysql-connector-java-5.1.29.jar:?]
	at com.mysql.jdbc.NonRegisteringDriver.connect(NonRegisteringDriver.java:347) ~[mysql-connector-java-5.1.29.jar:?]
	... 6 more
2023-08-28 15:17:48.691 ERROR Druid-ConnectionPool-Create-2129636512 com.alibaba.druid.pool.DruidDataSource TID:  - create connection SQLException, url: jdbc:mysql://{tidb.host}:{tidb.port}/template?useSSL=false&allowMultiQueries=true, errorCode 0, state 08001
com.mysql.jdbc.exceptions.jdbc4.MySQLNonTransientConnectionException: Cannot load connection class because of underlying exception: 'java.lang.NumberFormatException: For input string: "{tidb.port}"'.
	at sun.reflect.GeneratedConstructorAccessor97.newInstance(Unknown Source) ~[?:?]
	at sun.reflect.DelegatingConstructorAccessorImpl.newInstance(DelegatingConstructorAccessorImpl.java:45) ~[?:1.8.0_241]
	at java.lang.reflect.Constructor.newInstance(Constructor.java:423) ~[?:1.8.0_241]
	at com.mysql.jdbc.Util.handleNewInstance(Util.java:411) ~[mysql-connector-java-5.1.29.jar:?]
	at com.mysql.jdbc.Util.getInstance(Util.java:386) ~[mysql-connector-java-5.1.29.jar:?]
	at com.mysql.jdbc.SQLError.createSQLException(SQLError.java:1015) ~[mysql-connector-java-5.1.29.jar:?]
	at com.mysql.jdbc.SQLError.createSQLException(SQLError.java:989) ~[mysql-connector-java-5.1.29.jar:?]
	at com.mysql.jdbc.SQLError.createSQLException(SQLError.java:975) ~[mysql-connector-java-5.1.29.jar:?]
	at com.mysql.jdbc.SQLError.createSQLException(SQLError.java:920) ~[mysql-connector-java-5.1.29.jar:?]
	at com.mysql.jdbc.NonRegisteringDriver.connect(NonRegisteringDriver.java:356) ~[mysql-connector-java-5.1.29.jar:?]
	at com.alibaba.druid.filter.FilterChainImpl.connection_connect(FilterChainImpl.java:149) ~[druid-1.1.9.jar:1.1.9]
	at com.alibaba.druid.filter.FilterAdapter.connection_connect(FilterAdapter.java:786) ~[druid-1.1.9.jar:1.1.9]
	at com.alibaba.druid.filter.FilterChainImpl.connection_connect(FilterChainImpl.java:143) ~[druid-1.1.9.jar:1.1.9]
	at com.alibaba.druid.pool.DruidAbstractDataSource.createPhysicalConnection(DruidAbstractDataSource.java:1515) ~[druid-1.1.9.jar:1.1.9]
	at com.alibaba.druid.pool.DruidAbstractDataSource.createPhysicalConnection(DruidAbstractDataSource.java:1578) ~[druid-1.1.9.jar:1.1.9]
	at com.alibaba.druid.pool.DruidDataSource$CreateConnectionThread.run(DruidDataSource.java:2466) ~[druid-1.1.9.jar:1.1.9]
Caused by: java.lang.NumberFormatException: For input string: "{tidb.port}"
	at java.lang.NumberFormatException.forInputString(NumberFormatException.java:65) ~[?:1.8.0_241]
	at java.lang.Integer.parseInt(Integer.java:580) ~[?:1.8.0_241]
	at java.lang.Integer.parseInt(Integer.java:615) ~[?:1.8.0_241]
	at com.mysql.jdbc.NonRegisteringDriver.port(NonRegisteringDriver.java:916) ~[mysql-connector-java-5.1.29.jar:?]
	at com.mysql.jdbc.NonRegisteringDriver.connect(NonRegisteringDriver.java:347) ~[mysql-connector-java-5.1.29.jar:?]
	... 6 more
2023-08-28 15:17:48.890 ERROR catalogWatchTaskScheduler-1 org.springframework.cloud.consul.discovery.ConsulDiscoveryClient - Error watching Consul CatalogServices
com.ecwid.consul.transport.TransportException: org.apache.http.conn.HttpHostConnectException: Connect to 127.0.0.1:8500 [/127.0.0.1] failed: Connection refused (Connection refused)
	at com.ecwid.consul.transport.AbstractHttpTransport.executeRequest(AbstractHttpTransport.java:83) ~[consul-api-1.4.5.jar:?]
	at com.ecwid.consul.transport.AbstractHttpTransport.makeGetRequest(AbstractHttpTransport.java:36) ~[consul-api-1.4.5.jar:?]
	at com.ecwid.consul.v1.ConsulRawClient.makeGetRequest(ConsulRawClient.java:139) ~[consul-api-1.4.5.jar:?]
	at com.ecwid.consul.v1.catalog.CatalogConsulClient.getCatalogServices(CatalogConsulClient.java:143) ~[consul-api-1.4.5.jar:?]
	at com.ecwid.consul.v1.ConsulClient.getCatalogServices(ConsulClient.java:400) ~[consul-api-1.4.5.jar:?]
	at org.springframework.cloud.consul.discovery.ConsulCatalogWatch.catalogServicesWatch(ConsulCatalogWatch.java:135) ~[spring-cloud-consul-discovery-2.2.6.RELEASE.jar:2.2.6.RELEASE]
	at org.springframework.scheduling.support.DelegatingErrorHandlingRunnable.run(DelegatingErrorHandlingRunnable.java:54) [spring-context-5.2.15.RELEASE.jar:5.2.15.RELEASE]
	at java.util.concurrent.Executors$RunnableAdapter.call(Executors.java:511) [?:1.8.0_241]
	at java.util.concurrent.FutureTask.runAndReset(FutureTask.java:308) [?:1.8.0_241]
	at java.util.concurrent.ScheduledThreadPoolExecutor$ScheduledFutureTask.access$301(ScheduledThreadPoolExecutor.java:180) [?:1.8.0_241]
	at java.util.concurrent.ScheduledThreadPoolExecutor$ScheduledFutureTask.run(ScheduledThreadPoolExecutor.java:294) [?:1.8.0_241]
	at java.util.concurrent.ThreadPoolExecutor.runWorker(ThreadPoolExecutor.java:1149) [?:1.8.0_241]
	at java.util.concurrent.ThreadPoolExecutor$Worker.run(ThreadPoolExecutor.java:624) [?:1.8.0_241]
	at java.lang.Thread.run(Thread.java:748) [?:1.8.0_241]
Caused by: org.apache.http.conn.HttpHostConnectException: Connect to 127.0.0.1:8500 [/127.0.0.1] failed: Connection refused (Connection refused)
	at org.apache.http.impl.conn.DefaultHttpClientConnectionOperator.connect(DefaultHttpClientConnectionOperator.java:156) ~[httpclient-4.5.13.jar:4.5.13]
	at org.apache.http.impl.conn.PoolingHttpClientConnectionManager.connect(PoolingHttpClientConnectionManager.java:376) ~[httpclient-4.5.13.jar:4.5.13]
	at org.apache.http.impl.execchain.MainClientExec.establishRoute(MainClientExec.java:393) ~[httpclient-4.5.13.jar:4.5.13]
	at org.apache.http.impl.execchain.MainClientExec.execute(MainClientExec.java:236) ~[httpclient-4.5.13.jar:4.5.13]
	at org.apache.http.impl.execchain.ProtocolExec.execute(ProtocolExec.java:186) ~[httpclient-4.5.13.jar:4.5.13]
	at org.apache.http.impl.execchain.RetryExec.execute(RetryExec.java:89) ~[httpclient-4.5.13.jar:4.5.13]
	at org.apache.http.impl.execchain.RedirectExec.execute(RedirectExec.java:110) ~[httpclient-4.5.13.jar:4.5.13]
	at org.apache.http.impl.client.InternalHttpClient.doExecute(InternalHttpClient.java:185) ~[httpclient-4.5.13.jar:4.5.13]
	at org.apache.http.impl.client.CloseableHttpClient.execute(CloseableHttpClient.java:72) ~[httpclient-4.5.13.jar:4.5.13]
	at org.apache.http.impl.client.CloseableHttpClient.execute(CloseableHttpClient.java:221) ~[httpclient-4.5.13.jar:4.5.13]
	at org.apache.http.impl.client.CloseableHttpClient.execute(CloseableHttpClient.java:165) ~[httpclient-4.5.13.jar:4.5.13]
	at org.apache.http.impl.client.CloseableHttpClient.execute(CloseableHttpClient.java:140) ~[httpclient-4.5.13.jar:4.5.13]
	at com.ecwid.consul.transport.AbstractHttpTransport.executeRequest(AbstractHttpTransport.java:70) ~[consul-api-1.4.5.jar:?]
	... 13 more
Caused by: java.net.ConnectException: Connection refused (Connection refused)
	at java.net.PlainSocketImpl.socketConnect(Native Method) ~[?:1.8.0_241]
	at java.net.AbstractPlainSocketImpl.doConnect(AbstractPlainSocketImpl.java:350) ~[?:1.8.0_241]
	at java.net.AbstractPlainSocketImpl.connectToAddress(AbstractPlainSocketImpl.java:206) ~[?:1.8.0_241]
	at java.net.AbstractPlainSocketImpl.connect(AbstractPlainSocketImpl.java:188) ~[?:1.8.0_241]
	at java.net.SocksSocketImpl.connect(SocksSocketImpl.java:392) ~[?:1.8.0_241]
	at java.net.Socket.connect(Socket.java:606) ~[?:1.8.0_241]
	at org.apache.http.conn.socket.PlainConnectionSocketFactory.connectSocket(PlainConnectionSocketFactory.java:75) ~[httpclient-4.5.13.jar:4.5.13]
	at org.apache.http.impl.conn.DefaultHttpClientConnectionOperator.connect(DefaultHttpClientConnectionOperator.java:142) ~[httpclient-4.5.13.jar:4.5.13]
	at org.apache.http.impl.conn.PoolingHttpClientConnectionManager.connect(PoolingHttpClientConnectionManager.java:376) ~[httpclient-4.5.13.jar:4.5.13]
	at org.apache.http.impl.execchain.MainClientExec.establishRoute(MainClientExec.java:393) ~[httpclient-4.5.13.jar:4.5.13]
	at org.apache.http.impl.execchain.MainClientExec.execute(MainClientExec.java:236) ~[httpclient-4.5.13.jar:4.5.13]
	at org.apache.http.impl.execchain.ProtocolExec.execute(ProtocolExec.java:186) ~[httpclient-4.5.13.jar:4.5.13]
	at org.apache.http.impl.execchain.RetryExec.execute(RetryExec.java:89) ~[httpclient-4.5.13.jar:4.5.13]
	at org.apache.http.impl.execchain.RedirectExec.execute(RedirectExec.java:110) ~[httpclient-4.5.13.jar:4.5.13]
	at org.apache.http.impl.client.InternalHttpClient.doExecute(InternalHttpClient.java:185) ~[httpclient-4.5.13.jar:4.5.13]
	at org.apache.http.impl.client.CloseableHttpClient.execute(CloseableHttpClient.java:72) ~[httpclient-4.5.13.jar:4.5.13]
	at org.apache.http.impl.client.CloseableHttpClient.execute(CloseableHttpClient.java:221) ~[httpclient-4.5.13.jar:4.5.13]
	at org.apache.http.impl.client.CloseableHttpClient.execute(CloseableHttpClient.java:165) ~[httpclient-4.5.13.jar:4.5.13]
	at org.apache.http.impl.client.CloseableHttpClient.execute(CloseableHttpClient.java:140) ~[httpclient-4.5.13.jar:4.5.13]
	at com.ecwid.consul.transport.AbstractHttpTransport.executeRequest(AbstractHttpTransport.java:70) ~[consul-api-1.4.5.jar:?]
	... 13 more
2023-08-28 15:17:49.192 ERROR Druid-ConnectionPool-Create-2129636512 com.alibaba.druid.pool.DruidDataSource TID:  - create connection SQLException, url: jdbc:mysql://{tidb.host}:{tidb.port}/template?useSSL=false&allowMultiQueries=true, errorCode 0, state 08001
com.mysql.jdbc.exceptions.jdbc4.MySQLNonTransientConnectionException: Cannot load connection class because of underlying exception: 'java.lang.NumberFormatException: For input string: "{tidb.port}"'.
	at sun.reflect.GeneratedConstructorAccessor97.newInstance(Unknown Source) ~[?:?]
	at sun.reflect.DelegatingConstructorAccessorImpl.newInstance(DelegatingConstructorAccessorImpl.java:45) ~[?:1.8.0_241]
	at java.lang.reflect.Constructor.newInstance(Constructor.java:423) ~[?:1.8.0_241]
	at com.mysql.jdbc.Util.handleNewInstance(Util.java:411) ~[mysql-connector-java-5.1.29.jar:?]
	at com.mysql.jdbc.Util.getInstance(Util.java:386) ~[mysql-connector-java-5.1.29.jar:?]
	at com.mysql.jdbc.SQLError.createSQLException(SQLError.java:1015) ~[mysql-connector-java-5.1.29.jar:?]
	at com.mysql.jdbc.SQLError.createSQLException(SQLError.java:989) ~[mysql-connector-java-5.1.29.jar:?]
	at com.mysql.jdbc.SQLError.createSQLException(SQLError.java:975) ~[mysql-connector-java-5.1.29.jar:?]
	at com.mysql.jdbc.SQLError.createSQLException(SQLError.java:920) ~[mysql-connector-java-5.1.29.jar:?]
	at com.mysql.jdbc.NonRegisteringDriver.connect(NonRegisteringDriver.java:356) ~[mysql-connector-java-5.1.29.jar:?]
	at com.alibaba.druid.filter.FilterChainImpl.connection_connect(FilterChainImpl.java:149) ~[druid-1.1.9.jar:1.1.9]
	at com.alibaba.druid.filter.FilterAdapter.connection_connect(FilterAdapter.java:786) ~[druid-1.1.9.jar:1.1.9]
	at com.alibaba.druid.filter.FilterChainImpl.connection_connect(FilterChainImpl.java:143) ~[druid-1.1.9.jar:1.1.9]
	at com.alibaba.druid.pool.DruidAbstractDataSource.createPhysicalConnection(DruidAbstractDataSource.java:1515) ~[druid-1.1.9.jar:1.1.9]
	at com.alibaba.druid.pool.DruidAbstractDataSource.createPhysicalConnection(DruidAbstractDataSource.java:1578) ~[druid-1.1.9.jar:1.1.9]
	at com.alibaba.druid.pool.DruidDataSource$CreateConnectionThread.run(DruidDataSource.java:2466) ~[druid-1.1.9.jar:1.1.9]
Caused by: java.lang.NumberFormatException: For input string: "{tidb.port}"
	at java.lang.NumberFormatException.forInputString(NumberFormatException.java:65) ~[?:1.8.0_241]
	at java.lang.Integer.parseInt(Integer.java:580) ~[?:1.8.0_241]
	at java.lang.Integer.parseInt(Integer.java:615) ~[?:1.8.0_241]
	at com.mysql.jdbc.NonRegisteringDriver.port(NonRegisteringDriver.java:916) ~[mysql-connector-java-5.1.29.jar:?]
	at com.mysql.jdbc.NonRegisteringDriver.connect(NonRegisteringDriver.java:347) ~[mysql-connector-java-5.1.29.jar:?]
	... 6 more
2023-08-28 15:17:49.693 ERROR Druid-ConnectionPool-Create-2129636512 com.alibaba.druid.pool.DruidDataSource TID:  - create connection SQLException, url: jdbc:mysql://{tidb.host}:{tidb.port}/template?useSSL=false&allowMultiQueries=true, errorCode 0, state 08001
com.mysql.jdbc.exceptions.jdbc4.MySQLNonTransientConnectionException: Cannot load connection class because of underlying exception: 'java.lang.NumberFormatException: For input string: "{tidb.port}"'.
	at sun.reflect.GeneratedConstructorAccessor97.newInstance(Unknown Source) ~[?:?]
	at sun.reflect.DelegatingConstructorAccessorImpl.newInstance(DelegatingConstructorAccessorImpl.java:45) ~[?:1.8.0_241]
	at java.lang.reflect.Constructor.newInstance(Constructor.java:423) ~[?:1.8.0_241]
	at com.mysql.jdbc.Util.handleNewInstance(Util.java:411) ~[mysql-connector-java-5.1.29.jar:?]
	at com.mysql.jdbc.Util.getInstance(Util.java:386) ~[mysql-connector-java-5.1.29.jar:?]
	at com.mysql.jdbc.SQLError.createSQLException(SQLError.java:1015) ~[mysql-connector-java-5.1.29.jar:?]
	at com.mysql.jdbc.SQLError.createSQLException(SQLError.java:989) ~[mysql-connector-java-5.1.29.jar:?]
	at com.mysql.jdbc.SQLError.createSQLException(SQLError.java:975) ~[mysql-connector-java-5.1.29.jar:?]
	at com.mysql.jdbc.SQLError.createSQLException(SQLError.java:920) ~[mysql-connector-java-5.1.29.jar:?]
	at com.mysql.jdbc.NonRegisteringDriver.connect(NonRegisteringDriver.java:356) ~[mysql-connector-java-5.1.29.jar:?]
	at com.alibaba.druid.filter.FilterChainImpl.connection_connect(FilterChainImpl.java:149) ~[druid-1.1.9.jar:1.1.9]
	at com.alibaba.druid.filter.FilterAdapter.connection_connect(FilterAdapter.java:786) ~[druid-1.1.9.jar:1.1.9]
	at com.alibaba.druid.filter.FilterChainImpl.connection_connect(FilterChainImpl.java:143) ~[druid-1.1.9.jar:1.1.9]
	at com.alibaba.druid.pool.DruidAbstractDataSource.createPhysicalConnection(DruidAbstractDataSource.java:1515) ~[druid-1.1.9.jar:1.1.9]
	at com.alibaba.druid.pool.DruidAbstractDataSource.createPhysicalConnection(DruidAbstractDataSource.java:1578) ~[druid-1.1.9.jar:1.1.9]
	at com.alibaba.druid.pool.DruidDataSource$CreateConnectionThread.run(DruidDataSource.java:2466) ~[druid-1.1.9.jar:1.1.9]
Caused by: java.lang.NumberFormatException: For input string: "{tidb.port}"
	at java.lang.NumberFormatException.forInputString(NumberFormatException.java:65) ~[?:1.8.0_241]
	at java.lang.Integer.parseInt(Integer.java:580) ~[?:1.8.0_241]
	at java.lang.Integer.parseInt(Integer.java:615) ~[?:1.8.0_241]
	at com.mysql.jdbc.NonRegisteringDriver.port(NonRegisteringDriver.java:916) ~[mysql-connector-java-5.1.29.jar:?]
	at com.mysql.jdbc.NonRegisteringDriver.connect(NonRegisteringDriver.java:347) ~[mysql-connector-java-5.1.29.jar:?]
	... 6 more
2023-08-28 15:17:49.898 ERROR catalogWatchTaskScheduler-1 org.springframework.cloud.consul.discovery.ConsulDiscoveryClient - Error watching Consul CatalogServices
com.ecwid.consul.transport.TransportException: org.apache.http.conn.HttpHostConnectException: Connect to 127.0.0.1:8500 [/127.0.0.1] failed: Connection refused (Connection refused)
	at com.ecwid.consul.transport.AbstractHttpTransport.executeRequest(AbstractHttpTransport.java:83) ~[consul-api-1.4.5.jar:?]
	at com.ecwid.consul.transport.AbstractHttpTransport.makeGetRequest(AbstractHttpTransport.java:36) ~[consul-api-1.4.5.jar:?]
	at com.ecwid.consul.v1.ConsulRawClient.makeGetRequest(ConsulRawClient.java:139) ~[consul-api-1.4.5.jar:?]
	at com.ecwid.consul.v1.catalog.CatalogConsulClient.getCatalogServices(CatalogConsulClient.java:143) ~[consul-api-1.4.5.jar:?]
	at com.ecwid.consul.v1.ConsulClient.getCatalogServices(ConsulClient.java:400) ~[consul-api-1.4.5.jar:?]
	at org.springframework.cloud.consul.discovery.ConsulCatalogWatch.catalogServicesWatch(ConsulCatalogWatch.java:135) ~[spring-cloud-consul-discovery-2.2.6.RELEASE.jar:2.2.6.RELEASE]
	at org.springframework.scheduling.support.DelegatingErrorHandlingRunnable.run(DelegatingErrorHandlingRunnable.java:54) [spring-context-5.2.15.RELEASE.jar:5.2.15.RELEASE]
	at java.util.concurrent.Executors$RunnableAdapter.call(Executors.java:511) [?:1.8.0_241]
	at java.util.concurrent.FutureTask.runAndReset(FutureTask.java:308) [?:1.8.0_241]
	at java.util.concurrent.ScheduledThreadPoolExecutor$ScheduledFutureTask.access$301(ScheduledThreadPoolExecutor.java:180) [?:1.8.0_241]
	at java.util.concurrent.ScheduledThreadPoolExecutor$ScheduledFutureTask.run(ScheduledThreadPoolExecutor.java:294) [?:1.8.0_241]
	at java.util.concurrent.ThreadPoolExecutor.runWorker(ThreadPoolExecutor.java:1149) [?:1.8.0_241]
	at java.util.concurrent.ThreadPoolExecutor$Worker.run(ThreadPoolExecutor.java:624) [?:1.8.0_241]
	at java.lang.Thread.run(Thread.java:748) [?:1.8.0_241]
Caused by: org.apache.http.conn.HttpHostConnectException: Connect to 127.0.0.1:8500 [/127.0.0.1] failed: Connection refused (Connection refused)
	at org.apache.http.impl.conn.DefaultHttpClientConnectionOperator.connect(DefaultHttpClientConnectionOperator.java:156) ~[httpclient-4.5.13.jar:4.5.13]
	at org.apache.http.impl.conn.PoolingHttpClientConnectionManager.connect(PoolingHttpClientConnectionManager.java:376) ~[httpclient-4.5.13.jar:4.5.13]
	at org.apache.http.impl.execchain.MainClientExec.establishRoute(MainClientExec.java:393) ~[httpclient-4.5.13.jar:4.5.13]
	at org.apache.http.impl.execchain.MainClientExec.execute(MainClientExec.java:236) ~[httpclient-4.5.13.jar:4.5.13]
	at org.apache.http.impl.execchain.ProtocolExec.execute(ProtocolExec.java:186) ~[httpclient-4.5.13.jar:4.5.13]
	at org.apache.http.impl.execchain.RetryExec.execute(RetryExec.java:89) ~[httpclient-4.5.13.jar:4.5.13]
	at org.apache.http.impl.execchain.RedirectExec.execute(RedirectExec.java:110) ~[httpclient-4.5.13.jar:4.5.13]
	at org.apache.http.impl.client.InternalHttpClient.doExecute(InternalHttpClient.java:185) ~[httpclient-4.5.13.jar:4.5.13]
	at org.apache.http.impl.client.CloseableHttpClient.execute(CloseableHttpClient.java:72) ~[httpclient-4.5.13.jar:4.5.13]
	at org.apache.http.impl.client.CloseableHttpClient.execute(CloseableHttpClient.java:221) ~[httpclient-4.5.13.jar:4.5.13]
	at org.apache.http.impl.client.CloseableHttpClient.execute(CloseableHttpClient.java:165) ~[httpclient-4.5.13.jar:4.5.13]
	at org.apache.http.impl.client.CloseableHttpClient.execute(CloseableHttpClient.java:140) ~[httpclient-4.5.13.jar:4.5.13]
	at com.ecwid.consul.transport.AbstractHttpTransport.executeRequest(AbstractHttpTransport.java:70) ~[consul-api-1.4.5.jar:?]
	... 13 more
Caused by: java.net.ConnectException: Connection refused (Connection refused)
	at java.net.PlainSocketImpl.socketConnect(Native Method) ~[?:1.8.0_241]
	at java.net.AbstractPlainSocketImpl.doConnect(AbstractPlainSocketImpl.java:350) ~[?:1.8.0_241]
	at java.net.AbstractPlainSocketImpl.connectToAddress(AbstractPlainSocketImpl.java:206) ~[?:1.8.0_241]
	at java.net.AbstractPlainSocketImpl.connect(AbstractPlainSocketImpl.java:188) ~[?:1.8.0_241]
	at java.net.SocksSocketImpl.connect(SocksSocketImpl.java:392) ~[?:1.8.0_241]
	at java.net.Socket.connect(Socket.java:606) ~[?:1.8.0_241]
	at org.apache.http.conn.socket.PlainConnectionSocketFactory.connectSocket(PlainConnectionSocketFactory.java:75) ~[httpclient-4.5.13.jar:4.5.13]
	at org.apache.http.impl.conn.DefaultHttpClientConnectionOperator.connect(DefaultHttpClientConnectionOperator.java:142) ~[httpclient-4.5.13.jar:4.5.13]
	at org.apache.http.impl.conn.PoolingHttpClientConnectionManager.connect(PoolingHttpClientConnectionManager.java:376) ~[httpclient-4.5.13.jar:4.5.13]
	at org.apache.http.impl.execchain.MainClientExec.establishRoute(MainClientExec.java:393) ~[httpclient-4.5.13.jar:4.5.13]
	at org.apache.http.impl.execchain.MainClientExec.execute(MainClientExec.java:236) ~[httpclient-4.5.13.jar:4.5.13]
	at org.apache.http.impl.execchain.ProtocolExec.execute(ProtocolExec.java:186) ~[httpclient-4.5.13.jar:4.5.13]
	at org.apache.http.impl.execchain.RetryExec.execute(RetryExec.java:89) ~[httpclient-4.5.13.jar:4.5.13]
	at org.apache.http.impl.execchain.RedirectExec.execute(RedirectExec.java:110) ~[httpclient-4.5.13.jar:4.5.13]
	at org.apache.http.impl.client.InternalHttpClient.doExecute(InternalHttpClient.java:185) ~[httpclient-4.5.13.jar:4.5.13]
	at org.apache.http.impl.client.CloseableHttpClient.execute(CloseableHttpClient.java:72) ~[httpclient-4.5.13.jar:4.5.13]
	at org.apache.http.impl.client.CloseableHttpClient.execute(CloseableHttpClient.java:221) ~[httpclient-4.5.13.jar:4.5.13]
	at org.apache.http.impl.client.CloseableHttpClient.execute(CloseableHttpClient.java:165) ~[httpclient-4.5.13.jar:4.5.13]
	at org.apache.http.impl.client.CloseableHttpClient.execute(CloseableHttpClient.java:140) ~[httpclient-4.5.13.jar:4.5.13]
	at com.ecwid.consul.transport.AbstractHttpTransport.executeRequest(AbstractHttpTransport.java:70) ~[consul-api-1.4.5.jar:?]
	... 13 more
2023-08-28 15:17:50.193 ERROR Druid-ConnectionPool-Create-2129636512 com.alibaba.druid.pool.DruidDataSource TID:  - create connection SQLException, url: jdbc:mysql://{tidb.host}:{tidb.port}/template?useSSL=false&allowMultiQueries=true, errorCode 0, state 08001
com.mysql.jdbc.exceptions.jdbc4.MySQLNonTransientConnectionException: Cannot load connection class because of underlying exception: 'java.lang.NumberFormatException: For input string: "{tidb.port}"'.
	at sun.reflect.GeneratedConstructorAccessor97.newInstance(Unknown Source) ~[?:?]
	at sun.reflect.DelegatingConstructorAccessorImpl.newInstance(DelegatingConstructorAccessorImpl.java:45) ~[?:1.8.0_241]
	at java.lang.reflect.Constructor.newInstance(Constructor.java:423) ~[?:1.8.0_241]
	at com.mysql.jdbc.Util.handleNewInstance(Util.java:411) ~[mysql-connector-java-5.1.29.jar:?]
	at com.mysql.jdbc.Util.getInstance(Util.java:386) ~[mysql-connector-java-5.1.29.jar:?]
	at com.mysql.jdbc.SQLError.createSQLException(SQLError.java:1015) ~[mysql-connector-java-5.1.29.jar:?]
	at com.mysql.jdbc.SQLError.createSQLException(SQLError.java:989) ~[mysql-connector-java-5.1.29.jar:?]
	at com.mysql.jdbc.SQLError.createSQLException(SQLError.java:975) ~[mysql-connector-java-5.1.29.jar:?]
	at com.mysql.jdbc.SQLError.createSQLException(SQLError.java:920) ~[mysql-connector-java-5.1.29.jar:?]
	at com.mysql.jdbc.NonRegisteringDriver.connect(NonRegisteringDriver.java:356) ~[mysql-connector-java-5.1.29.jar:?]
	at com.alibaba.druid.filter.FilterChainImpl.connection_connect(FilterChainImpl.java:149) ~[druid-1.1.9.jar:1.1.9]
	at com.alibaba.druid.filter.FilterAdapter.connection_connect(FilterAdapter.java:786) ~[druid-1.1.9.jar:1.1.9]
	at com.alibaba.druid.filter.FilterChainImpl.connection_connect(FilterChainImpl.java:143) ~[druid-1.1.9.jar:1.1.9]
	at com.alibaba.druid.pool.DruidAbstractDataSource.createPhysicalConnection(DruidAbstractDataSource.java:1515) ~[druid-1.1.9.jar:1.1.9]
	at com.alibaba.druid.pool.DruidAbstractDataSource.createPhysicalConnection(DruidAbstractDataSource.java:1578) ~[druid-1.1.9.jar:1.1.9]
	at com.alibaba.druid.pool.DruidDataSource$CreateConnectionThread.run(DruidDataSource.java:2466) ~[druid-1.1.9.jar:1.1.9]
Caused by: java.lang.NumberFormatException: For input string: "{tidb.port}"
	at java.lang.NumberFormatException.forInputString(NumberFormatException.java:65) ~[?:1.8.0_241]
	at java.lang.Integer.parseInt(Integer.java:580) ~[?:1.8.0_241]
	at java.lang.Integer.parseInt(Integer.java:615) ~[?:1.8.0_241]
	at com.mysql.jdbc.NonRegisteringDriver.port(NonRegisteringDriver.java:916) ~[mysql-connector-java-5.1.29.jar:?]
	at com.mysql.jdbc.NonRegisteringDriver.connect(NonRegisteringDriver.java:347) ~[mysql-connector-java-5.1.29.jar:?]
	... 6 more
2023-08-28 15:17:50.697 ERROR Druid-ConnectionPool-Create-2129636512 com.alibaba.druid.pool.DruidDataSource TID:  - create connection SQLException, url: jdbc:mysql://{tidb.host}:{tidb.port}/template?useSSL=false&allowMultiQueries=true, errorCode 0, state 08001
com.mysql.jdbc.exceptions.jdbc4.MySQLNonTransientConnectionException: Cannot load connection class because of underlying exception: 'java.lang.NumberFormatException: For input string: "{tidb.port}"'.
	at sun.reflect.GeneratedConstructorAccessor97.newInstance(Unknown Source) ~[?:?]
	at sun.reflect.DelegatingConstructorAccessorImpl.newInstance(DelegatingConstructorAccessorImpl.java:45) ~[?:1.8.0_241]
	at java.lang.reflect.Constructor.newInstance(Constructor.java:423) ~[?:1.8.0_241]
	at com.mysql.jdbc.Util.handleNewInstance(Util.java:411) ~[mysql-connector-java-5.1.29.jar:?]
	at com.mysql.jdbc.Util.getInstance(Util.java:386) ~[mysql-connector-java-5.1.29.jar:?]
	at com.mysql.jdbc.SQLError.createSQLException(SQLError.java:1015) ~[mysql-connector-java-5.1.29.jar:?]
	at com.mysql.jdbc.SQLError.createSQLException(SQLError.java:989) ~[mysql-connector-java-5.1.29.jar:?]
	at com.mysql.jdbc.SQLError.createSQLException(SQLError.java:975) ~[mysql-connector-java-5.1.29.jar:?]
	at com.mysql.jdbc.SQLError.createSQLException(SQLError.java:920) ~[mysql-connector-java-5.1.29.jar:?]
	at com.mysql.jdbc.NonRegisteringDriver.connect(NonRegisteringDriver.java:356) ~[mysql-connector-java-5.1.29.jar:?]
	at com.alibaba.druid.filter.FilterChainImpl.connection_connect(FilterChainImpl.java:149) ~[druid-1.1.9.jar:1.1.9]
	at com.alibaba.druid.filter.FilterAdapter.connection_connect(FilterAdapter.java:786) ~[druid-1.1.9.jar:1.1.9]
	at com.alibaba.druid.filter.FilterChainImpl.connection_connect(FilterChainImpl.java:143) ~[druid-1.1.9.jar:1.1.9]
	at com.alibaba.druid.pool.DruidAbstractDataSource.createPhysicalConnection(DruidAbstractDataSource.java:1515) ~[druid-1.1.9.jar:1.1.9]
	at com.alibaba.druid.pool.DruidAbstractDataSource.createPhysicalConnection(DruidAbstractDataSource.java:1578) ~[druid-1.1.9.jar:1.1.9]
	at com.alibaba.druid.pool.DruidDataSource$CreateConnectionThread.run(DruidDataSource.java:2466) ~[druid-1.1.9.jar:1.1.9]
Caused by: java.lang.NumberFormatException: For input string: "{tidb.port}"
	at java.lang.NumberFormatException.forInputString(NumberFormatException.java:65) ~[?:1.8.0_241]
	at java.lang.Integer.parseInt(Integer.java:580) ~[?:1.8.0_241]
	at java.lang.Integer.parseInt(Integer.java:615) ~[?:1.8.0_241]
	at com.mysql.jdbc.NonRegisteringDriver.port(NonRegisteringDriver.java:916) ~[mysql-connector-java-5.1.29.jar:?]
	at com.mysql.jdbc.NonRegisteringDriver.connect(NonRegisteringDriver.java:347) ~[mysql-connector-java-5.1.29.jar:?]
	... 6 more
2023-08-28 15:17:50.904 ERROR catalogWatchTaskScheduler-1 org.springframework.cloud.consul.discovery.ConsulDiscoveryClient - Error watching Consul CatalogServices
com.ecwid.consul.transport.TransportException: org.apache.http.conn.HttpHostConnectException: Connect to 127.0.0.1:8500 [/127.0.0.1] failed: Connection refused (Connection refused)
	at com.ecwid.consul.transport.AbstractHttpTransport.executeRequest(AbstractHttpTransport.java:83) ~[consul-api-1.4.5.jar:?]
	at com.ecwid.consul.transport.AbstractHttpTransport.makeGetRequest(AbstractHttpTransport.java:36) ~[consul-api-1.4.5.jar:?]
	at com.ecwid.consul.v1.ConsulRawClient.makeGetRequest(ConsulRawClient.java:139) ~[consul-api-1.4.5.jar:?]
	at com.ecwid.consul.v1.catalog.CatalogConsulClient.getCatalogServices(CatalogConsulClient.java:143) ~[consul-api-1.4.5.jar:?]
	at com.ecwid.consul.v1.ConsulClient.getCatalogServices(ConsulClient.java:400) ~[consul-api-1.4.5.jar:?]
	at org.springframework.cloud.consul.discovery.ConsulCatalogWatch.catalogServicesWatch(ConsulCatalogWatch.java:135) ~[spring-cloud-consul-discovery-2.2.6.RELEASE.jar:2.2.6.RELEASE]
	at org.springframework.scheduling.support.DelegatingErrorHandlingRunnable.run(DelegatingErrorHandlingRunnable.java:54) [spring-context-5.2.15.RELEASE.jar:5.2.15.RELEASE]
	at java.util.concurrent.Executors$RunnableAdapter.call(Executors.java:511) [?:1.8.0_241]
	at java.util.concurrent.FutureTask.runAndReset(FutureTask.java:308) [?:1.8.0_241]
	at java.util.concurrent.ScheduledThreadPoolExecutor$ScheduledFutureTask.access$301(ScheduledThreadPoolExecutor.java:180) [?:1.8.0_241]
	at java.util.concurrent.ScheduledThreadPoolExecutor$ScheduledFutureTask.run(ScheduledThreadPoolExecutor.java:294) [?:1.8.0_241]
	at java.util.concurrent.ThreadPoolExecutor.runWorker(ThreadPoolExecutor.java:1149) [?:1.8.0_241]
	at java.util.concurrent.ThreadPoolExecutor$Worker.run(ThreadPoolExecutor.java:624) [?:1.8.0_241]
	at java.lang.Thread.run(Thread.java:748) [?:1.8.0_241]
Caused by: org.apache.http.conn.HttpHostConnectException: Connect to 127.0.0.1:8500 [/127.0.0.1] failed: Connection refused (Connection refused)
	at org.apache.http.impl.conn.DefaultHttpClientConnectionOperator.connect(DefaultHttpClientConnectionOperator.java:156) ~[httpclient-4.5.13.jar:4.5.13]
	at org.apache.http.impl.conn.PoolingHttpClientConnectionManager.connect(PoolingHttpClientConnectionManager.java:376) ~[httpclient-4.5.13.jar:4.5.13]
	at org.apache.http.impl.execchain.MainClientExec.establishRoute(MainClientExec.java:393) ~[httpclient-4.5.13.jar:4.5.13]
	at org.apache.http.impl.execchain.MainClientExec.execute(MainClientExec.java:236) ~[httpclient-4.5.13.jar:4.5.13]
	at org.apache.http.impl.execchain.ProtocolExec.execute(ProtocolExec.java:186) ~[httpclient-4.5.13.jar:4.5.13]
	at org.apache.http.impl.execchain.RetryExec.execute(RetryExec.java:89) ~[httpclient-4.5.13.jar:4.5.13]
	at org.apache.http.impl.execchain.RedirectExec.execute(RedirectExec.java:110) ~[httpclient-4.5.13.jar:4.5.13]
	at org.apache.http.impl.client.InternalHttpClient.doExecute(InternalHttpClient.java:185) ~[httpclient-4.5.13.jar:4.5.13]
	at org.apache.http.impl.client.CloseableHttpClient.execute(CloseableHttpClient.java:72) ~[httpclient-4.5.13.jar:4.5.13]
	at org.apache.http.impl.client.CloseableHttpClient.execute(CloseableHttpClient.java:221) ~[httpclient-4.5.13.jar:4.5.13]
	at org.apache.http.impl.client.CloseableHttpClient.execute(CloseableHttpClient.java:165) ~[httpclient-4.5.13.jar:4.5.13]
	at org.apache.http.impl.client.CloseableHttpClient.execute(CloseableHttpClient.java:140) ~[httpclient-4.5.13.jar:4.5.13]
	at com.ecwid.consul.transport.AbstractHttpTransport.executeRequest(AbstractHttpTransport.java:70) ~[consul-api-1.4.5.jar:?]
	... 13 more
Caused by: java.net.ConnectException: Connection refused (Connection refused)
	at java.net.PlainSocketImpl.socketConnect(Native Method) ~[?:1.8.0_241]
	at java.net.AbstractPlainSocketImpl.doConnect(AbstractPlainSocketImpl.java:350) ~[?:1.8.0_241]
	at java.net.AbstractPlainSocketImpl.connectToAddress(AbstractPlainSocketImpl.java:206) ~[?:1.8.0_241]
	at java.net.AbstractPlainSocketImpl.connect(AbstractPlainSocketImpl.java:188) ~[?:1.8.0_241]
	at java.net.SocksSocketImpl.connect(SocksSocketImpl.java:392) ~[?:1.8.0_241]
	at java.net.Socket.connect(Socket.java:606) ~[?:1.8.0_241]
	at org.apache.http.conn.socket.PlainConnectionSocketFactory.connectSocket(PlainConnectionSocketFactory.java:75) ~[httpclient-4.5.13.jar:4.5.13]
	at org.apache.http.impl.conn.DefaultHttpClientConnectionOperator.connect(DefaultHttpClientConnectionOperator.java:142) ~[httpclient-4.5.13.jar:4.5.13]
	at org.apache.http.impl.conn.PoolingHttpClientConnectionManager.connect(PoolingHttpClientConnectionManager.java:376) ~[httpclient-4.5.13.jar:4.5.13]
	at org.apache.http.impl.execchain.MainClientExec.establishRoute(MainClientExec.java:393) ~[httpclient-4.5.13.jar:4.5.13]
	at org.apache.http.impl.execchain.MainClientExec.execute(MainClientExec.java:236) ~[httpclient-4.5.13.jar:4.5.13]
	at org.apache.http.impl.execchain.ProtocolExec.execute(ProtocolExec.java:186) ~[httpclient-4.5.13.jar:4.5.13]
	at org.apache.http.impl.execchain.RetryExec.execute(RetryExec.java:89) ~[httpclient-4.5.13.jar:4.5.13]
	at org.apache.http.impl.execchain.RedirectExec.execute(RedirectExec.java:110) ~[httpclient-4.5.13.jar:4.5.13]
	at org.apache.http.impl.client.InternalHttpClient.doExecute(InternalHttpClient.java:185) ~[httpclient-4.5.13.jar:4.5.13]
	at org.apache.http.impl.client.CloseableHttpClient.execute(CloseableHttpClient.java:72) ~[httpclient-4.5.13.jar:4.5.13]
	at org.apache.http.impl.client.CloseableHttpClient.execute(CloseableHttpClient.java:221) ~[httpclient-4.5.13.jar:4.5.13]
	at org.apache.http.impl.client.CloseableHttpClient.execute(CloseableHttpClient.java:165) ~[httpclient-4.5.13.jar:4.5.13]
	at org.apache.http.impl.client.CloseableHttpClient.execute(CloseableHttpClient.java:140) ~[httpclient-4.5.13.jar:4.5.13]
	at com.ecwid.consul.transport.AbstractHttpTransport.executeRequest(AbstractHttpTransport.java:70) ~[consul-api-1.4.5.jar:?]
	... 13 more
2023-08-28 15:17:51.200 ERROR Druid-ConnectionPool-Create-2129636512 com.alibaba.druid.pool.DruidDataSource TID:  - create connection SQLException, url: jdbc:mysql://{tidb.host}:{tidb.port}/template?useSSL=false&allowMultiQueries=true, errorCode 0, state 08001
com.mysql.jdbc.exceptions.jdbc4.MySQLNonTransientConnectionException: Cannot load connection class because of underlying exception: 'java.lang.NumberFormatException: For input string: "{tidb.port}"'.
	at sun.reflect.GeneratedConstructorAccessor97.newInstance(Unknown Source) ~[?:?]
	at sun.reflect.DelegatingConstructorAccessorImpl.newInstance(DelegatingConstructorAccessorImpl.java:45) ~[?:1.8.0_241]
	at java.lang.reflect.Constructor.newInstance(Constructor.java:423) ~[?:1.8.0_241]
	at com.mysql.jdbc.Util.handleNewInstance(Util.java:411) ~[mysql-connector-java-5.1.29.jar:?]
	at com.mysql.jdbc.Util.getInstance(Util.java:386) ~[mysql-connector-java-5.1.29.jar:?]
	at com.mysql.jdbc.SQLError.createSQLException(SQLError.java:1015) ~[mysql-connector-java-5.1.29.jar:?]
	at com.mysql.jdbc.SQLError.createSQLException(SQLError.java:989) ~[mysql-connector-java-5.1.29.jar:?]
	at com.mysql.jdbc.SQLError.createSQLException(SQLError.java:975) ~[mysql-connector-java-5.1.29.jar:?]
	at com.mysql.jdbc.SQLError.createSQLException(SQLError.java:920) ~[mysql-connector-java-5.1.29.jar:?]
	at com.mysql.jdbc.NonRegisteringDriver.connect(NonRegisteringDriver.java:356) ~[mysql-connector-java-5.1.29.jar:?]
	at com.alibaba.druid.filter.FilterChainImpl.connection_connect(FilterChainImpl.java:149) ~[druid-1.1.9.jar:1.1.9]
	at com.alibaba.druid.filter.FilterAdapter.connection_connect(FilterAdapter.java:786) ~[druid-1.1.9.jar:1.1.9]
	at com.alibaba.druid.filter.FilterChainImpl.connection_connect(FilterChainImpl.java:143) ~[druid-1.1.9.jar:1.1.9]
	at com.alibaba.druid.pool.DruidAbstractDataSource.createPhysicalConnection(DruidAbstractDataSource.java:1515) ~[druid-1.1.9.jar:1.1.9]
	at com.alibaba.druid.pool.DruidAbstractDataSource.createPhysicalConnection(DruidAbstractDataSource.java:1578) ~[druid-1.1.9.jar:1.1.9]
	at com.alibaba.druid.pool.DruidDataSource$CreateConnectionThread.run(DruidDataSource.java:2466) ~[druid-1.1.9.jar:1.1.9]
Caused by: java.lang.NumberFormatException: For input string: "{tidb.port}"
	at java.lang.NumberFormatException.forInputString(NumberFormatException.java:65) ~[?:1.8.0_241]
	at java.lang.Integer.parseInt(Integer.java:580) ~[?:1.8.0_241]
	at java.lang.Integer.parseInt(Integer.java:615) ~[?:1.8.0_241]
	at com.mysql.jdbc.NonRegisteringDriver.port(NonRegisteringDriver.java:916) ~[mysql-connector-java-5.1.29.jar:?]
	at com.mysql.jdbc.NonRegisteringDriver.connect(NonRegisteringDriver.java:347) ~[mysql-connector-java-5.1.29.jar:?]
	... 6 more
2023-08-28 15:17:51.702 ERROR Druid-ConnectionPool-Create-2129636512 com.alibaba.druid.pool.DruidDataSource TID:  - create connection SQLException, url: jdbc:mysql://{tidb.host}:{tidb.port}/template?useSSL=false&allowMultiQueries=true, errorCode 0, state 08001
com.mysql.jdbc.exceptions.jdbc4.MySQLNonTransientConnectionException: Cannot load connection class because of underlying exception: 'java.lang.NumberFormatException: For input string: "{tidb.port}"'.
	at sun.reflect.GeneratedConstructorAccessor97.newInstance(Unknown Source) ~[?:?]
	at sun.reflect.DelegatingConstructorAccessorImpl.newInstance(DelegatingConstructorAccessorImpl.java:45) ~[?:1.8.0_241]
	at java.lang.reflect.Constructor.newInstance(Constructor.java:423) ~[?:1.8.0_241]
	at com.mysql.jdbc.Util.handleNewInstance(Util.java:411) ~[mysql-connector-java-5.1.29.jar:?]
	at com.mysql.jdbc.Util.getInstance(Util.java:386) ~[mysql-connector-java-5.1.29.jar:?]
	at com.mysql.jdbc.SQLError.createSQLException(SQLError.java:1015) ~[mysql-connector-java-5.1.29.jar:?]
	at com.mysql.jdbc.SQLError.createSQLException(SQLError.java:989) ~[mysql-connector-java-5.1.29.jar:?]
	at com.mysql.jdbc.SQLError.createSQLException(SQLError.java:975) ~[mysql-connector-java-5.1.29.jar:?]
	at com.mysql.jdbc.SQLError.createSQLException(SQLError.java:920) ~[mysql-connector-java-5.1.29.jar:?]
	at com.mysql.jdbc.NonRegisteringDriver.connect(NonRegisteringDriver.java:356) ~[mysql-connector-java-5.1.29.jar:?]
	at com.alibaba.druid.filter.FilterChainImpl.connection_connect(FilterChainImpl.java:149) ~[druid-1.1.9.jar:1.1.9]
	at com.alibaba.druid.filter.FilterAdapter.connection_connect(FilterAdapter.java:786) ~[druid-1.1.9.jar:1.1.9]
	at com.alibaba.druid.filter.FilterChainImpl.connection_connect(FilterChainImpl.java:143) ~[druid-1.1.9.jar:1.1.9]
	at com.alibaba.druid.pool.DruidAbstractDataSource.createPhysicalConnection(DruidAbstractDataSource.java:1515) ~[druid-1.1.9.jar:1.1.9]
	at com.alibaba.druid.pool.DruidAbstractDataSource.createPhysicalConnection(DruidAbstractDataSource.java:1578) ~[druid-1.1.9.jar:1.1.9]
	at com.alibaba.druid.pool.DruidDataSource$CreateConnectionThread.run(DruidDataSource.java:2466) ~[druid-1.1.9.jar:1.1.9]
Caused by: java.lang.NumberFormatException: For input string: "{tidb.port}"
	at java.lang.NumberFormatException.forInputString(NumberFormatException.java:65) ~[?:1.8.0_241]
	at java.lang.Integer.parseInt(Integer.java:580) ~[?:1.8.0_241]
	at java.lang.Integer.parseInt(Integer.java:615) ~[?:1.8.0_241]
	at com.mysql.jdbc.NonRegisteringDriver.port(NonRegisteringDriver.java:916) ~[mysql-connector-java-5.1.29.jar:?]
	at com.mysql.jdbc.NonRegisteringDriver.connect(NonRegisteringDriver.java:347) ~[mysql-connector-java-5.1.29.jar:?]
	... 6 more
2023-08-28 15:17:51.909 ERROR catalogWatchTaskScheduler-1 org.springframework.cloud.consul.discovery.ConsulDiscoveryClient - Error watching Consul CatalogServices
com.ecwid.consul.transport.TransportException: org.apache.http.conn.HttpHostConnectException: Connect to 127.0.0.1:8500 [/127.0.0.1] failed: Connection refused (Connection refused)
	at com.ecwid.consul.transport.AbstractHttpTransport.executeRequest(AbstractHttpTransport.java:83) ~[consul-api-1.4.5.jar:?]
	at com.ecwid.consul.transport.AbstractHttpTransport.makeGetRequest(AbstractHttpTransport.java:36) ~[consul-api-1.4.5.jar:?]
	at com.ecwid.consul.v1.ConsulRawClient.makeGetRequest(ConsulRawClient.java:139) ~[consul-api-1.4.5.jar:?]
	at com.ecwid.consul.v1.catalog.CatalogConsulClient.getCatalogServices(CatalogConsulClient.java:143) ~[consul-api-1.4.5.jar:?]
	at com.ecwid.consul.v1.ConsulClient.getCatalogServices(ConsulClient.java:400) ~[consul-api-1.4.5.jar:?]
	at org.springframework.cloud.consul.discovery.ConsulCatalogWatch.catalogServicesWatch(ConsulCatalogWatch.java:135) ~[spring-cloud-consul-discovery-2.2.6.RELEASE.jar:2.2.6.RELEASE]
	at org.springframework.scheduling.support.DelegatingErrorHandlingRunnable.run(DelegatingErrorHandlingRunnable.java:54) [spring-context-5.2.15.RELEASE.jar:5.2.15.RELEASE]
	at java.util.concurrent.Executors$RunnableAdapter.call(Executors.java:511) [?:1.8.0_241]
	at java.util.concurrent.FutureTask.runAndReset(FutureTask.java:308) [?:1.8.0_241]
	at java.util.concurrent.ScheduledThreadPoolExecutor$ScheduledFutureTask.access$301(ScheduledThreadPoolExecutor.java:180) [?:1.8.0_241]
	at java.util.concurrent.ScheduledThreadPoolExecutor$ScheduledFutureTask.run(ScheduledThreadPoolExecutor.java:294) [?:1.8.0_241]
	at java.util.concurrent.ThreadPoolExecutor.runWorker(ThreadPoolExecutor.java:1149) [?:1.8.0_241]
	at java.util.concurrent.ThreadPoolExecutor$Worker.run(ThreadPoolExecutor.java:624) [?:1.8.0_241]
	at java.lang.Thread.run(Thread.java:748) [?:1.8.0_241]
Caused by: org.apache.http.conn.HttpHostConnectException: Connect to 127.0.0.1:8500 [/127.0.0.1] failed: Connection refused (Connection refused)
	at org.apache.http.impl.conn.DefaultHttpClientConnectionOperator.connect(DefaultHttpClientConnectionOperator.java:156) ~[httpclient-4.5.13.jar:4.5.13]
	at org.apache.http.impl.conn.PoolingHttpClientConnectionManager.connect(PoolingHttpClientConnectionManager.java:376) ~[httpclient-4.5.13.jar:4.5.13]
	at org.apache.http.impl.execchain.MainClientExec.establishRoute(MainClientExec.java:393) ~[httpclient-4.5.13.jar:4.5.13]
	at org.apache.http.impl.execchain.MainClientExec.execute(MainClientExec.java:236) ~[httpclient-4.5.13.jar:4.5.13]
	at org.apache.http.impl.execchain.ProtocolExec.execute(ProtocolExec.java:186) ~[httpclient-4.5.13.jar:4.5.13]
	at org.apache.http.impl.execchain.RetryExec.execute(RetryExec.java:89) ~[httpclient-4.5.13.jar:4.5.13]
	at org.apache.http.impl.execchain.RedirectExec.execute(RedirectExec.java:110) ~[httpclient-4.5.13.jar:4.5.13]
	at org.apache.http.impl.client.InternalHttpClient.doExecute(InternalHttpClient.java:185) ~[httpclient-4.5.13.jar:4.5.13]
	at org.apache.http.impl.client.CloseableHttpClient.execute(CloseableHttpClient.java:72) ~[httpclient-4.5.13.jar:4.5.13]
	at org.apache.http.impl.client.CloseableHttpClient.execute(CloseableHttpClient.java:221) ~[httpclient-4.5.13.jar:4.5.13]
	at org.apache.http.impl.client.CloseableHttpClient.execute(CloseableHttpClient.java:165) ~[httpclient-4.5.13.jar:4.5.13]
	at org.apache.http.impl.client.CloseableHttpClient.execute(CloseableHttpClient.java:140) ~[httpclient-4.5.13.jar:4.5.13]
	at com.ecwid.consul.transport.AbstractHttpTransport.executeRequest(AbstractHttpTransport.java:70) ~[consul-api-1.4.5.jar:?]
	... 13 more
Caused by: java.net.ConnectException: Connection refused (Connection refused)
	at java.net.PlainSocketImpl.socketConnect(Native Method) ~[?:1.8.0_241]
	at java.net.AbstractPlainSocketImpl.doConnect(AbstractPlainSocketImpl.java:350) ~[?:1.8.0_241]
	at java.net.AbstractPlainSocketImpl.connectToAddress(AbstractPlainSocketImpl.java:206) ~[?:1.8.0_241]
	at java.net.AbstractPlainSocketImpl.connect(AbstractPlainSocketImpl.java:188) ~[?:1.8.0_241]
	at java.net.SocksSocketImpl.connect(SocksSocketImpl.java:392) ~[?:1.8.0_241]
	at java.net.Socket.connect(Socket.java:606) ~[?:1.8.0_241]
	at org.apache.http.conn.socket.PlainConnectionSocketFactory.connectSocket(PlainConnectionSocketFactory.java:75) ~[httpclient-4.5.13.jar:4.5.13]
	at org.apache.http.impl.conn.DefaultHttpClientConnectionOperator.connect(DefaultHttpClientConnectionOperator.java:142) ~[httpclient-4.5.13.jar:4.5.13]
	at org.apache.http.impl.conn.PoolingHttpClientConnectionManager.connect(PoolingHttpClientConnectionManager.java:376) ~[httpclient-4.5.13.jar:4.5.13]
	at org.apache.http.impl.execchain.MainClientExec.establishRoute(MainClientExec.java:393) ~[httpclient-4.5.13.jar:4.5.13]
	at org.apache.http.impl.execchain.MainClientExec.execute(MainClientExec.java:236) ~[httpclient-4.5.13.jar:4.5.13]
	at org.apache.http.impl.execchain.ProtocolExec.execute(ProtocolExec.java:186) ~[httpclient-4.5.13.jar:4.5.13]
	at org.apache.http.impl.execchain.RetryExec.execute(RetryExec.java:89) ~[httpclient-4.5.13.jar:4.5.13]
	at org.apache.http.impl.execchain.RedirectExec.execute(RedirectExec.java:110) ~[httpclient-4.5.13.jar:4.5.13]
	at org.apache.http.impl.client.InternalHttpClient.doExecute(InternalHttpClient.java:185) ~[httpclient-4.5.13.jar:4.5.13]
	at org.apache.http.impl.client.CloseableHttpClient.execute(CloseableHttpClient.java:72) ~[httpclient-4.5.13.jar:4.5.13]
	at org.apache.http.impl.client.CloseableHttpClient.execute(CloseableHttpClient.java:221) ~[httpclient-4.5.13.jar:4.5.13]
	at org.apache.http.impl.client.CloseableHttpClient.execute(CloseableHttpClient.java:165) ~[httpclient-4.5.13.jar:4.5.13]
	at org.apache.http.impl.client.CloseableHttpClient.execute(CloseableHttpClient.java:140) ~[httpclient-4.5.13.jar:4.5.13]
	at com.ecwid.consul.transport.AbstractHttpTransport.executeRequest(AbstractHttpTransport.java:70) ~[consul-api-1.4.5.jar:?]
	... 13 more
2023-08-28 15:17:52.206 ERROR Druid-ConnectionPool-Create-2129636512 com.alibaba.druid.pool.DruidDataSource TID:  - create connection SQLException, url: jdbc:mysql://{tidb.host}:{tidb.port}/template?useSSL=false&allowMultiQueries=true, errorCode 0, state 08001
com.mysql.jdbc.exceptions.jdbc4.MySQLNonTransientConnectionException: Cannot load connection class because of underlying exception: 'java.lang.NumberFormatException: For input string: "{tidb.port}"'.
	at sun.reflect.GeneratedConstructorAccessor97.newInstance(Unknown Source) ~[?:?]
	at sun.reflect.DelegatingConstructorAccessorImpl.newInstance(DelegatingConstructorAccessorImpl.java:45) ~[?:1.8.0_241]
	at java.lang.reflect.Constructor.newInstance(Constructor.java:423) ~[?:1.8.0_241]
	at com.mysql.jdbc.Util.handleNewInstance(Util.java:411) ~[mysql-connector-java-5.1.29.jar:?]
	at com.mysql.jdbc.Util.getInstance(Util.java:386) ~[mysql-connector-java-5.1.29.jar:?]
	at com.mysql.jdbc.SQLError.createSQLException(SQLError.java:1015) ~[mysql-connector-java-5.1.29.jar:?]
	at com.mysql.jdbc.SQLError.createSQLException(SQLError.java:989) ~[mysql-connector-java-5.1.29.jar:?]
	at com.mysql.jdbc.SQLError.createSQLException(SQLError.java:975) ~[mysql-connector-java-5.1.29.jar:?]
	at com.mysql.jdbc.SQLError.createSQLException(SQLError.java:920) ~[mysql-connector-java-5.1.29.jar:?]
	at com.mysql.jdbc.NonRegisteringDriver.connect(NonRegisteringDriver.java:356) ~[mysql-connector-java-5.1.29.jar:?]
	at com.alibaba.druid.filter.FilterChainImpl.connection_connect(FilterChainImpl.java:149) ~[druid-1.1.9.jar:1.1.9]
	at com.alibaba.druid.filter.FilterAdapter.connection_connect(FilterAdapter.java:786) ~[druid-1.1.9.jar:1.1.9]
	at com.alibaba.druid.filter.FilterChainImpl.connection_connect(FilterChainImpl.java:143) ~[druid-1.1.9.jar:1.1.9]
	at com.alibaba.druid.pool.DruidAbstractDataSource.createPhysicalConnection(DruidAbstractDataSource.java:1515) ~[druid-1.1.9.jar:1.1.9]
	at com.alibaba.druid.pool.DruidAbstractDataSource.createPhysicalConnection(DruidAbstractDataSource.java:1578) ~[druid-1.1.9.jar:1.1.9]
	at com.alibaba.druid.pool.DruidDataSource$CreateConnectionThread.run(DruidDataSource.java:2466) ~[druid-1.1.9.jar:1.1.9]
Caused by: java.lang.NumberFormatException: For input string: "{tidb.port}"
	at java.lang.NumberFormatException.forInputString(NumberFormatException.java:65) ~[?:1.8.0_241]
	at java.lang.Integer.parseInt(Integer.java:580) ~[?:1.8.0_241]
	at java.lang.Integer.parseInt(Integer.java:615) ~[?:1.8.0_241]
	at com.mysql.jdbc.NonRegisteringDriver.port(NonRegisteringDriver.java:916) ~[mysql-connector-java-5.1.29.jar:?]
	at com.mysql.jdbc.NonRegisteringDriver.connect(NonRegisteringDriver.java:347) ~[mysql-connector-java-5.1.29.jar:?]
	... 6 more
2023-08-28 15:17:52.710 ERROR Druid-ConnectionPool-Create-2129636512 com.alibaba.druid.pool.DruidDataSource TID:  - create connection SQLException, url: jdbc:mysql://{tidb.host}:{tidb.port}/template?useSSL=false&allowMultiQueries=true, errorCode 0, state 08001
com.mysql.jdbc.exceptions.jdbc4.MySQLNonTransientConnectionException: Cannot load connection class because of underlying exception: 'java.lang.NumberFormatException: For input string: "{tidb.port}"'.
	at sun.reflect.GeneratedConstructorAccessor97.newInstance(Unknown Source) ~[?:?]
	at sun.reflect.DelegatingConstructorAccessorImpl.newInstance(DelegatingConstructorAccessorImpl.java:45) ~[?:1.8.0_241]
	at java.lang.reflect.Constructor.newInstance(Constructor.java:423) ~[?:1.8.0_241]
	at com.mysql.jdbc.Util.handleNewInstance(Util.java:411) ~[mysql-connector-java-5.1.29.jar:?]
	at com.mysql.jdbc.Util.getInstance(Util.java:386) ~[mysql-connector-java-5.1.29.jar:?]
	at com.mysql.jdbc.SQLError.createSQLException(SQLError.java:1015) ~[mysql-connector-java-5.1.29.jar:?]
	at com.mysql.jdbc.SQLError.createSQLException(SQLError.java:989) ~[mysql-connector-java-5.1.29.jar:?]
	at com.mysql.jdbc.SQLError.createSQLException(SQLError.java:975) ~[mysql-connector-java-5.1.29.jar:?]
	at com.mysql.jdbc.SQLError.createSQLException(SQLError.java:920) ~[mysql-connector-java-5.1.29.jar:?]
	at com.mysql.jdbc.NonRegisteringDriver.connect(NonRegisteringDriver.java:356) ~[mysql-connector-java-5.1.29.jar:?]
	at com.alibaba.druid.filter.FilterChainImpl.connection_connect(FilterChainImpl.java:149) ~[druid-1.1.9.jar:1.1.9]
	at com.alibaba.druid.filter.FilterAdapter.connection_connect(FilterAdapter.java:786) ~[druid-1.1.9.jar:1.1.9]
	at com.alibaba.druid.filter.FilterChainImpl.connection_connect(FilterChainImpl.java:143) ~[druid-1.1.9.jar:1.1.9]
	at com.alibaba.druid.pool.DruidAbstractDataSource.createPhysicalConnection(DruidAbstractDataSource.java:1515) ~[druid-1.1.9.jar:1.1.9]
	at com.alibaba.druid.pool.DruidAbstractDataSource.createPhysicalConnection(DruidAbstractDataSource.java:1578) ~[druid-1.1.9.jar:1.1.9]
	at com.alibaba.druid.pool.DruidDataSource$CreateConnectionThread.run(DruidDataSource.java:2466) ~[druid-1.1.9.jar:1.1.9]
Caused by: java.lang.NumberFormatException: For input string: "{tidb.port}"
	at java.lang.NumberFormatException.forInputString(NumberFormatException.java:65) ~[?:1.8.0_241]
	at java.lang.Integer.parseInt(Integer.java:580) ~[?:1.8.0_241]
	at java.lang.Integer.parseInt(Integer.java:615) ~[?:1.8.0_241]
	at com.mysql.jdbc.NonRegisteringDriver.port(NonRegisteringDriver.java:916) ~[mysql-connector-java-5.1.29.jar:?]
	at com.mysql.jdbc.NonRegisteringDriver.connect(NonRegisteringDriver.java:347) ~[mysql-connector-java-5.1.29.jar:?]
	... 6 more
2023-08-28 15:17:52.917 ERROR catalogWatchTaskScheduler-1 org.springframework.cloud.consul.discovery.ConsulDiscoveryClient - Error watching Consul CatalogServices
com.ecwid.consul.transport.TransportException: org.apache.http.conn.HttpHostConnectException: Connect to 127.0.0.1:8500 [/127.0.0.1] failed: Connection refused (Connection refused)
	at com.ecwid.consul.transport.AbstractHttpTransport.executeRequest(AbstractHttpTransport.java:83) ~[consul-api-1.4.5.jar:?]
	at com.ecwid.consul.transport.AbstractHttpTransport.makeGetRequest(AbstractHttpTransport.java:36) ~[consul-api-1.4.5.jar:?]
	at com.ecwid.consul.v1.ConsulRawClient.makeGetRequest(ConsulRawClient.java:139) ~[consul-api-1.4.5.jar:?]
	at com.ecwid.consul.v1.catalog.CatalogConsulClient.getCatalogServices(CatalogConsulClient.java:143) ~[consul-api-1.4.5.jar:?]
	at com.ecwid.consul.v1.ConsulClient.getCatalogServices(ConsulClient.java:400) ~[consul-api-1.4.5.jar:?]
	at org.springframework.cloud.consul.discovery.ConsulCatalogWatch.catalogServicesWatch(ConsulCatalogWatch.java:135) ~[spring-cloud-consul-discovery-2.2.6.RELEASE.jar:2.2.6.RELEASE]
	at org.springframework.scheduling.support.DelegatingErrorHandlingRunnable.run(DelegatingErrorHandlingRunnable.java:54) [spring-context-5.2.15.RELEASE.jar:5.2.15.RELEASE]
	at java.util.concurrent.Executors$RunnableAdapter.call(Executors.java:511) [?:1.8.0_241]
	at java.util.concurrent.FutureTask.runAndReset(FutureTask.java:308) [?:1.8.0_241]
	at java.util.concurrent.ScheduledThreadPoolExecutor$ScheduledFutureTask.access$301(ScheduledThreadPoolExecutor.java:180) [?:1.8.0_241]
	at java.util.concurrent.ScheduledThreadPoolExecutor$ScheduledFutureTask.run(ScheduledThreadPoolExecutor.java:294) [?:1.8.0_241]
	at java.util.concurrent.ThreadPoolExecutor.runWorker(ThreadPoolExecutor.java:1149) [?:1.8.0_241]
	at java.util.concurrent.ThreadPoolExecutor$Worker.run(ThreadPoolExecutor.java:624) [?:1.8.0_241]
	at java.lang.Thread.run(Thread.java:748) [?:1.8.0_241]
Caused by: org.apache.http.conn.HttpHostConnectException: Connect to 127.0.0.1:8500 [/127.0.0.1] failed: Connection refused (Connection refused)
	at org.apache.http.impl.conn.DefaultHttpClientConnectionOperator.connect(DefaultHttpClientConnectionOperator.java:156) ~[httpclient-4.5.13.jar:4.5.13]
	at org.apache.http.impl.conn.PoolingHttpClientConnectionManager.connect(PoolingHttpClientConnectionManager.java:376) ~[httpclient-4.5.13.jar:4.5.13]
	at org.apache.http.impl.execchain.MainClientExec.establishRoute(MainClientExec.java:393) ~[httpclient-4.5.13.jar:4.5.13]
	at org.apache.http.impl.execchain.MainClientExec.execute(MainClientExec.java:236) ~[httpclient-4.5.13.jar:4.5.13]
	at org.apache.http.impl.execchain.ProtocolExec.execute(ProtocolExec.java:186) ~[httpclient-4.5.13.jar:4.5.13]
	at org.apache.http.impl.execchain.RetryExec.execute(RetryExec.java:89) ~[httpclient-4.5.13.jar:4.5.13]
	at org.apache.http.impl.execchain.RedirectExec.execute(RedirectExec.java:110) ~[httpclient-4.5.13.jar:4.5.13]
	at org.apache.http.impl.client.InternalHttpClient.doExecute(InternalHttpClient.java:185) ~[httpclient-4.5.13.jar:4.5.13]
	at org.apache.http.impl.client.CloseableHttpClient.execute(CloseableHttpClient.java:72) ~[httpclient-4.5.13.jar:4.5.13]
	at org.apache.http.impl.client.CloseableHttpClient.execute(CloseableHttpClient.java:221) ~[httpclient-4.5.13.jar:4.5.13]
	at org.apache.http.impl.client.CloseableHttpClient.execute(CloseableHttpClient.java:165) ~[httpclient-4.5.13.jar:4.5.13]
	at org.apache.http.impl.client.CloseableHttpClient.execute(CloseableHttpClient.java:140) ~[httpclient-4.5.13.jar:4.5.13]
	at com.ecwid.consul.transport.AbstractHttpTransport.executeRequest(AbstractHttpTransport.java:70) ~[consul-api-1.4.5.jar:?]
	... 13 more
Caused by: java.net.ConnectException: Connection refused (Connection refused)
	at java.net.PlainSocketImpl.socketConnect(Native Method) ~[?:1.8.0_241]
	at java.net.AbstractPlainSocketImpl.doConnect(AbstractPlainSocketImpl.java:350) ~[?:1.8.0_241]
	at java.net.AbstractPlainSocketImpl.connectToAddress(AbstractPlainSocketImpl.java:206) ~[?:1.8.0_241]
	at java.net.AbstractPlainSocketImpl.connect(AbstractPlainSocketImpl.java:188) ~[?:1.8.0_241]
	at java.net.SocksSocketImpl.connect(SocksSocketImpl.java:392) ~[?:1.8.0_241]
	at java.net.Socket.connect(Socket.java:606) ~[?:1.8.0_241]
	at org.apache.http.conn.socket.PlainConnectionSocketFactory.connectSocket(PlainConnectionSocketFactory.java:75) ~[httpclient-4.5.13.jar:4.5.13]
	at org.apache.http.impl.conn.DefaultHttpClientConnectionOperator.connect(DefaultHttpClientConnectionOperator.java:142) ~[httpclient-4.5.13.jar:4.5.13]
	at org.apache.http.impl.conn.PoolingHttpClientConnectionManager.connect(PoolingHttpClientConnectionManager.java:376) ~[httpclient-4.5.13.jar:4.5.13]
	at org.apache.http.impl.execchain.MainClientExec.establishRoute(MainClientExec.java:393) ~[httpclient-4.5.13.jar:4.5.13]
	at org.apache.http.impl.execchain.MainClientExec.execute(MainClientExec.java:236) ~[httpclient-4.5.13.jar:4.5.13]
	at org.apache.http.impl.execchain.ProtocolExec.execute(ProtocolExec.java:186) ~[httpclient-4.5.13.jar:4.5.13]
	at org.apache.http.impl.execchain.RetryExec.execute(RetryExec.java:89) ~[httpclient-4.5.13.jar:4.5.13]
	at org.apache.http.impl.execchain.RedirectExec.execute(RedirectExec.java:110) ~[httpclient-4.5.13.jar:4.5.13]
	at org.apache.http.impl.client.InternalHttpClient.doExecute(InternalHttpClient.java:185) ~[httpclient-4.5.13.jar:4.5.13]
	at org.apache.http.impl.client.CloseableHttpClient.execute(CloseableHttpClient.java:72) ~[httpclient-4.5.13.jar:4.5.13]
	at org.apache.http.impl.client.CloseableHttpClient.execute(CloseableHttpClient.java:221) ~[httpclient-4.5.13.jar:4.5.13]
	at org.apache.http.impl.client.CloseableHttpClient.execute(CloseableHttpClient.java:165) ~[httpclient-4.5.13.jar:4.5.13]
	at org.apache.http.impl.client.CloseableHttpClient.execute(CloseableHttpClient.java:140) ~[httpclient-4.5.13.jar:4.5.13]
	at com.ecwid.consul.transport.AbstractHttpTransport.executeRequest(AbstractHttpTransport.java:70) ~[consul-api-1.4.5.jar:?]
	... 13 more
2023-08-28 15:17:53.211 ERROR Druid-ConnectionPool-Create-2129636512 com.alibaba.druid.pool.DruidDataSource TID:  - create connection SQLException, url: jdbc:mysql://{tidb.host}:{tidb.port}/template?useSSL=false&allowMultiQueries=true, errorCode 0, state 08001
com.mysql.jdbc.exceptions.jdbc4.MySQLNonTransientConnectionException: Cannot load connection class because of underlying exception: 'java.lang.NumberFormatException: For input string: "{tidb.port}"'.
	at sun.reflect.GeneratedConstructorAccessor97.newInstance(Unknown Source) ~[?:?]
	at sun.reflect.DelegatingConstructorAccessorImpl.newInstance(DelegatingConstructorAccessorImpl.java:45) ~[?:1.8.0_241]
	at java.lang.reflect.Constructor.newInstance(Constructor.java:423) ~[?:1.8.0_241]
	at com.mysql.jdbc.Util.handleNewInstance(Util.java:411) ~[mysql-connector-java-5.1.29.jar:?]
	at com.mysql.jdbc.Util.getInstance(Util.java:386) ~[mysql-connector-java-5.1.29.jar:?]
	at com.mysql.jdbc.SQLError.createSQLException(SQLError.java:1015) ~[mysql-connector-java-5.1.29.jar:?]
	at com.mysql.jdbc.SQLError.createSQLException(SQLError.java:989) ~[mysql-connector-java-5.1.29.jar:?]
	at com.mysql.jdbc.SQLError.createSQLException(SQLError.java:975) ~[mysql-connector-java-5.1.29.jar:?]
	at com.mysql.jdbc.SQLError.createSQLException(SQLError.java:920) ~[mysql-connector-java-5.1.29.jar:?]
	at com.mysql.jdbc.NonRegisteringDriver.connect(NonRegisteringDriver.java:356) ~[mysql-connector-java-5.1.29.jar:?]
	at com.alibaba.druid.filter.FilterChainImpl.connection_connect(FilterChainImpl.java:149) ~[druid-1.1.9.jar:1.1.9]
	at com.alibaba.druid.filter.FilterAdapter.connection_connect(FilterAdapter.java:786) ~[druid-1.1.9.jar:1.1.9]
	at com.alibaba.druid.filter.FilterChainImpl.connection_connect(FilterChainImpl.java:143) ~[druid-1.1.9.jar:1.1.9]
	at com.alibaba.druid.pool.DruidAbstractDataSource.createPhysicalConnection(DruidAbstractDataSource.java:1515) ~[druid-1.1.9.jar:1.1.9]
	at com.alibaba.druid.pool.DruidAbstractDataSource.createPhysicalConnection(DruidAbstractDataSource.java:1578) ~[druid-1.1.9.jar:1.1.9]
	at com.alibaba.druid.pool.DruidDataSource$CreateConnectionThread.run(DruidDataSource.java:2466) ~[druid-1.1.9.jar:1.1.9]
Caused by: java.lang.NumberFormatException: For input string: "{tidb.port}"
	at java.lang.NumberFormatException.forInputString(NumberFormatException.java:65) ~[?:1.8.0_241]
	at java.lang.Integer.parseInt(Integer.java:580) ~[?:1.8.0_241]
	at java.lang.Integer.parseInt(Integer.java:615) ~[?:1.8.0_241]
	at com.mysql.jdbc.NonRegisteringDriver.port(NonRegisteringDriver.java:916) ~[mysql-connector-java-5.1.29.jar:?]
	at com.mysql.jdbc.NonRegisteringDriver.connect(NonRegisteringDriver.java:347) ~[mysql-connector-java-5.1.29.jar:?]
	... 6 more
2023-08-28 15:17:53.314 WARN  Thread-5 com.alibaba.nacos.common.http.HttpClientBeanHolder TID:  - [HttpClientBeanHolder] Start destroying common HttpClient
2023-08-28 15:17:53.315 WARN  Thread-5 com.alibaba.nacos.common.http.HttpClientBeanHolder TID:  - [HttpClientBeanHolder] Destruction of the end
2023-08-28 15:20:03.576 WARN  main com.alibaba.cloud.nacos.client.NacosPropertySourceBuilder TID:  - Ignore the empty nacos configuration and get it based on dataId[template-dev.yaml] & group[dev]
2023-08-28 15:20:03.587 WARN  main com.alibaba.cloud.nacos.client.NacosPropertySourceBuilder TID:  - Ignore the empty nacos configuration and get it based on dataId[template] & group[DEFAULT_GROUP]
2023-08-28 15:20:03.594 WARN  main com.alibaba.cloud.nacos.client.NacosPropertySourceBuilder TID:  - Ignore the empty nacos configuration and get it based on dataId[template.yaml] & group[DEFAULT_GROUP]
2023-08-28 15:20:05.237 WARN  main org.springframework.boot.actuate.endpoint.EndpointId - Endpoint ID 'service-registry' contains invalid characters, please migrate to a valid format.
2023-08-28 15:20:07.774 WARN  main com.netflix.config.sources.URLConfigurationSource TID:  - No URLs will be polled as dynamic configuration sources.
2023-08-28 15:20:07.787 WARN  main com.netflix.config.sources.URLConfigurationSource TID:  - No URLs will be polled as dynamic configuration sources.
2023-08-28 15:20:10.817 WARN  main org.springframework.cloud.loadbalancer.config.BlockingLoadBalancerClientAutoConfiguration$BlockingLoadBalancerClientRibbonWarnLogger - You already have RibbonLoadBalancerClient on your classpath. It will be used by default. As Spring Cloud Ribbon is in maintenance mode. We recommend switching to BlockingLoadBalancerClient instead. In order to use it, set the value of `spring.cloud.loadbalancer.ribbon.enabled` to `false` or remove spring-cloud-starter-netflix-ribbon from your project.
2023-08-28 15:20:13.936 ERROR Druid-ConnectionPool-Create-1038907896 com.alibaba.druid.pool.DruidDataSource TID:  - create connection SQLException, url: jdbc:mysql://{tidb.host}:{tidb.port}/template?useSSL=false&allowMultiQueries=true, errorCode 0, state 08001
com.mysql.jdbc.exceptions.jdbc4.MySQLNonTransientConnectionException: Cannot load connection class because of underlying exception: 'java.lang.NumberFormatException: For input string: "{tidb.port}"'.
	at sun.reflect.NativeConstructorAccessorImpl.newInstance0(Native Method) ~[?:1.8.0_241]
	at sun.reflect.NativeConstructorAccessorImpl.newInstance(NativeConstructorAccessorImpl.java:62) ~[?:1.8.0_241]
	at sun.reflect.DelegatingConstructorAccessorImpl.newInstance(DelegatingConstructorAccessorImpl.java:45) ~[?:1.8.0_241]
	at java.lang.reflect.Constructor.newInstance(Constructor.java:423) ~[?:1.8.0_241]
	at com.mysql.jdbc.Util.handleNewInstance(Util.java:411) ~[mysql-connector-java-5.1.29.jar:?]
	at com.mysql.jdbc.Util.getInstance(Util.java:386) ~[mysql-connector-java-5.1.29.jar:?]
	at com.mysql.jdbc.SQLError.createSQLException(SQLError.java:1015) ~[mysql-connector-java-5.1.29.jar:?]
	at com.mysql.jdbc.SQLError.createSQLException(SQLError.java:989) ~[mysql-connector-java-5.1.29.jar:?]
	at com.mysql.jdbc.SQLError.createSQLException(SQLError.java:975) ~[mysql-connector-java-5.1.29.jar:?]
	at com.mysql.jdbc.SQLError.createSQLException(SQLError.java:920) ~[mysql-connector-java-5.1.29.jar:?]
	at com.mysql.jdbc.NonRegisteringDriver.connect(NonRegisteringDriver.java:356) ~[mysql-connector-java-5.1.29.jar:?]
	at com.alibaba.druid.filter.FilterChainImpl.connection_connect(FilterChainImpl.java:149) ~[druid-1.1.9.jar:1.1.9]
	at com.alibaba.druid.filter.FilterAdapter.connection_connect(FilterAdapter.java:786) ~[druid-1.1.9.jar:1.1.9]
	at com.alibaba.druid.filter.FilterChainImpl.connection_connect(FilterChainImpl.java:143) ~[druid-1.1.9.jar:1.1.9]
	at com.alibaba.druid.pool.DruidAbstractDataSource.createPhysicalConnection(DruidAbstractDataSource.java:1515) ~[druid-1.1.9.jar:1.1.9]
	at com.alibaba.druid.pool.DruidAbstractDataSource.createPhysicalConnection(DruidAbstractDataSource.java:1578) ~[druid-1.1.9.jar:1.1.9]
	at com.alibaba.druid.pool.DruidDataSource$CreateConnectionThread.run(DruidDataSource.java:2466) ~[druid-1.1.9.jar:1.1.9]
Caused by: java.lang.NumberFormatException: For input string: "{tidb.port}"
	at java.lang.NumberFormatException.forInputString(NumberFormatException.java:65) ~[?:1.8.0_241]
	at java.lang.Integer.parseInt(Integer.java:580) ~[?:1.8.0_241]
	at java.lang.Integer.parseInt(Integer.java:615) ~[?:1.8.0_241]
	at com.mysql.jdbc.NonRegisteringDriver.port(NonRegisteringDriver.java:916) ~[mysql-connector-java-5.1.29.jar:?]
	at com.mysql.jdbc.NonRegisteringDriver.connect(NonRegisteringDriver.java:347) ~[mysql-connector-java-5.1.29.jar:?]
	... 6 more
2023-08-28 15:20:13.936 ERROR Druid-ConnectionPool-Create-1038907896 com.alibaba.druid.pool.DruidDataSource TID:  - create connection SQLException, url: jdbc:mysql://{tidb.host}:{tidb.port}/template?useSSL=false&allowMultiQueries=true, errorCode 0, state 08001
com.mysql.jdbc.exceptions.jdbc4.MySQLNonTransientConnectionException: Cannot load connection class because of underlying exception: 'java.lang.NumberFormatException: For input string: "{tidb.port}"'.
	at sun.reflect.NativeConstructorAccessorImpl.newInstance0(Native Method) ~[?:1.8.0_241]
	at sun.reflect.NativeConstructorAccessorImpl.newInstance(NativeConstructorAccessorImpl.java:62) ~[?:1.8.0_241]
	at sun.reflect.DelegatingConstructorAccessorImpl.newInstance(DelegatingConstructorAccessorImpl.java:45) ~[?:1.8.0_241]
	at java.lang.reflect.Constructor.newInstance(Constructor.java:423) ~[?:1.8.0_241]
	at com.mysql.jdbc.Util.handleNewInstance(Util.java:411) ~[mysql-connector-java-5.1.29.jar:?]
	at com.mysql.jdbc.Util.getInstance(Util.java:386) ~[mysql-connector-java-5.1.29.jar:?]
	at com.mysql.jdbc.SQLError.createSQLException(SQLError.java:1015) ~[mysql-connector-java-5.1.29.jar:?]
	at com.mysql.jdbc.SQLError.createSQLException(SQLError.java:989) ~[mysql-connector-java-5.1.29.jar:?]
	at com.mysql.jdbc.SQLError.createSQLException(SQLError.java:975) ~[mysql-connector-java-5.1.29.jar:?]
	at com.mysql.jdbc.SQLError.createSQLException(SQLError.java:920) ~[mysql-connector-java-5.1.29.jar:?]
	at com.mysql.jdbc.NonRegisteringDriver.connect(NonRegisteringDriver.java:356) ~[mysql-connector-java-5.1.29.jar:?]
	at com.alibaba.druid.filter.FilterChainImpl.connection_connect(FilterChainImpl.java:149) ~[druid-1.1.9.jar:1.1.9]
	at com.alibaba.druid.filter.FilterAdapter.connection_connect(FilterAdapter.java:786) ~[druid-1.1.9.jar:1.1.9]
	at com.alibaba.druid.filter.FilterChainImpl.connection_connect(FilterChainImpl.java:143) ~[druid-1.1.9.jar:1.1.9]
	at com.alibaba.druid.pool.DruidAbstractDataSource.createPhysicalConnection(DruidAbstractDataSource.java:1515) ~[druid-1.1.9.jar:1.1.9]
	at com.alibaba.druid.pool.DruidAbstractDataSource.createPhysicalConnection(DruidAbstractDataSource.java:1578) ~[druid-1.1.9.jar:1.1.9]
	at com.alibaba.druid.pool.DruidDataSource$CreateConnectionThread.run(DruidDataSource.java:2466) ~[druid-1.1.9.jar:1.1.9]
Caused by: java.lang.NumberFormatException: For input string: "{tidb.port}"
	at java.lang.NumberFormatException.forInputString(NumberFormatException.java:65) ~[?:1.8.0_241]
	at java.lang.Integer.parseInt(Integer.java:580) ~[?:1.8.0_241]
	at java.lang.Integer.parseInt(Integer.java:615) ~[?:1.8.0_241]
	at com.mysql.jdbc.NonRegisteringDriver.port(NonRegisteringDriver.java:916) ~[mysql-connector-java-5.1.29.jar:?]
	at com.mysql.jdbc.NonRegisteringDriver.connect(NonRegisteringDriver.java:347) ~[mysql-connector-java-5.1.29.jar:?]
	... 6 more
2023-08-28 15:20:14.438 ERROR Druid-ConnectionPool-Create-1038907896 com.alibaba.druid.pool.DruidDataSource TID:  - create connection SQLException, url: jdbc:mysql://{tidb.host}:{tidb.port}/template?useSSL=false&allowMultiQueries=true, errorCode 0, state 08001
com.mysql.jdbc.exceptions.jdbc4.MySQLNonTransientConnectionException: Cannot load connection class because of underlying exception: 'java.lang.NumberFormatException: For input string: "{tidb.port}"'.
	at sun.reflect.NativeConstructorAccessorImpl.newInstance0(Native Method) ~[?:1.8.0_241]
	at sun.reflect.NativeConstructorAccessorImpl.newInstance(NativeConstructorAccessorImpl.java:62) ~[?:1.8.0_241]
	at sun.reflect.DelegatingConstructorAccessorImpl.newInstance(DelegatingConstructorAccessorImpl.java:45) ~[?:1.8.0_241]
	at java.lang.reflect.Constructor.newInstance(Constructor.java:423) ~[?:1.8.0_241]
	at com.mysql.jdbc.Util.handleNewInstance(Util.java:411) ~[mysql-connector-java-5.1.29.jar:?]
	at com.mysql.jdbc.Util.getInstance(Util.java:386) ~[mysql-connector-java-5.1.29.jar:?]
	at com.mysql.jdbc.SQLError.createSQLException(SQLError.java:1015) ~[mysql-connector-java-5.1.29.jar:?]
	at com.mysql.jdbc.SQLError.createSQLException(SQLError.java:989) ~[mysql-connector-java-5.1.29.jar:?]
	at com.mysql.jdbc.SQLError.createSQLException(SQLError.java:975) ~[mysql-connector-java-5.1.29.jar:?]
	at com.mysql.jdbc.SQLError.createSQLException(SQLError.java:920) ~[mysql-connector-java-5.1.29.jar:?]
	at com.mysql.jdbc.NonRegisteringDriver.connect(NonRegisteringDriver.java:356) ~[mysql-connector-java-5.1.29.jar:?]
	at com.alibaba.druid.filter.FilterChainImpl.connection_connect(FilterChainImpl.java:149) ~[druid-1.1.9.jar:1.1.9]
	at com.alibaba.druid.filter.FilterAdapter.connection_connect(FilterAdapter.java:786) ~[druid-1.1.9.jar:1.1.9]
	at com.alibaba.druid.filter.FilterChainImpl.connection_connect(FilterChainImpl.java:143) ~[druid-1.1.9.jar:1.1.9]
	at com.alibaba.druid.pool.DruidAbstractDataSource.createPhysicalConnection(DruidAbstractDataSource.java:1515) ~[druid-1.1.9.jar:1.1.9]
	at com.alibaba.druid.pool.DruidAbstractDataSource.createPhysicalConnection(DruidAbstractDataSource.java:1578) ~[druid-1.1.9.jar:1.1.9]
	at com.alibaba.druid.pool.DruidDataSource$CreateConnectionThread.run(DruidDataSource.java:2466) ~[druid-1.1.9.jar:1.1.9]
Caused by: java.lang.NumberFormatException: For input string: "{tidb.port}"
	at java.lang.NumberFormatException.forInputString(NumberFormatException.java:65) ~[?:1.8.0_241]
	at java.lang.Integer.parseInt(Integer.java:580) ~[?:1.8.0_241]
	at java.lang.Integer.parseInt(Integer.java:615) ~[?:1.8.0_241]
	at com.mysql.jdbc.NonRegisteringDriver.port(NonRegisteringDriver.java:916) ~[mysql-connector-java-5.1.29.jar:?]
	at com.mysql.jdbc.NonRegisteringDriver.connect(NonRegisteringDriver.java:347) ~[mysql-connector-java-5.1.29.jar:?]
	... 6 more
2023-08-28 15:20:14.940 ERROR Druid-ConnectionPool-Create-1038907896 com.alibaba.druid.pool.DruidDataSource TID:  - create connection SQLException, url: jdbc:mysql://{tidb.host}:{tidb.port}/template?useSSL=false&allowMultiQueries=true, errorCode 0, state 08001
com.mysql.jdbc.exceptions.jdbc4.MySQLNonTransientConnectionException: Cannot load connection class because of underlying exception: 'java.lang.NumberFormatException: For input string: "{tidb.port}"'.
	at sun.reflect.NativeConstructorAccessorImpl.newInstance0(Native Method) ~[?:1.8.0_241]
	at sun.reflect.NativeConstructorAccessorImpl.newInstance(NativeConstructorAccessorImpl.java:62) ~[?:1.8.0_241]
	at sun.reflect.DelegatingConstructorAccessorImpl.newInstance(DelegatingConstructorAccessorImpl.java:45) ~[?:1.8.0_241]
	at java.lang.reflect.Constructor.newInstance(Constructor.java:423) ~[?:1.8.0_241]
	at com.mysql.jdbc.Util.handleNewInstance(Util.java:411) ~[mysql-connector-java-5.1.29.jar:?]
	at com.mysql.jdbc.Util.getInstance(Util.java:386) ~[mysql-connector-java-5.1.29.jar:?]
	at com.mysql.jdbc.SQLError.createSQLException(SQLError.java:1015) ~[mysql-connector-java-5.1.29.jar:?]
	at com.mysql.jdbc.SQLError.createSQLException(SQLError.java:989) ~[mysql-connector-java-5.1.29.jar:?]
	at com.mysql.jdbc.SQLError.createSQLException(SQLError.java:975) ~[mysql-connector-java-5.1.29.jar:?]
	at com.mysql.jdbc.SQLError.createSQLException(SQLError.java:920) ~[mysql-connector-java-5.1.29.jar:?]
	at com.mysql.jdbc.NonRegisteringDriver.connect(NonRegisteringDriver.java:356) ~[mysql-connector-java-5.1.29.jar:?]
	at com.alibaba.druid.filter.FilterChainImpl.connection_connect(FilterChainImpl.java:149) ~[druid-1.1.9.jar:1.1.9]
	at com.alibaba.druid.filter.FilterAdapter.connection_connect(FilterAdapter.java:786) ~[druid-1.1.9.jar:1.1.9]
	at com.alibaba.druid.filter.FilterChainImpl.connection_connect(FilterChainImpl.java:143) ~[druid-1.1.9.jar:1.1.9]
	at com.alibaba.druid.pool.DruidAbstractDataSource.createPhysicalConnection(DruidAbstractDataSource.java:1515) ~[druid-1.1.9.jar:1.1.9]
	at com.alibaba.druid.pool.DruidAbstractDataSource.createPhysicalConnection(DruidAbstractDataSource.java:1578) ~[druid-1.1.9.jar:1.1.9]
	at com.alibaba.druid.pool.DruidDataSource$CreateConnectionThread.run(DruidDataSource.java:2466) ~[druid-1.1.9.jar:1.1.9]
Caused by: java.lang.NumberFormatException: For input string: "{tidb.port}"
	at java.lang.NumberFormatException.forInputString(NumberFormatException.java:65) ~[?:1.8.0_241]
	at java.lang.Integer.parseInt(Integer.java:580) ~[?:1.8.0_241]
	at java.lang.Integer.parseInt(Integer.java:615) ~[?:1.8.0_241]
	at com.mysql.jdbc.NonRegisteringDriver.port(NonRegisteringDriver.java:916) ~[mysql-connector-java-5.1.29.jar:?]
	at com.mysql.jdbc.NonRegisteringDriver.connect(NonRegisteringDriver.java:347) ~[mysql-connector-java-5.1.29.jar:?]
	... 6 more
2023-08-28 15:20:15.444 ERROR Druid-ConnectionPool-Create-1038907896 com.alibaba.druid.pool.DruidDataSource TID:  - create connection SQLException, url: jdbc:mysql://{tidb.host}:{tidb.port}/template?useSSL=false&allowMultiQueries=true, errorCode 0, state 08001
com.mysql.jdbc.exceptions.jdbc4.MySQLNonTransientConnectionException: Cannot load connection class because of underlying exception: 'java.lang.NumberFormatException: For input string: "{tidb.port}"'.
	at sun.reflect.NativeConstructorAccessorImpl.newInstance0(Native Method) ~[?:1.8.0_241]
	at sun.reflect.NativeConstructorAccessorImpl.newInstance(NativeConstructorAccessorImpl.java:62) ~[?:1.8.0_241]
	at sun.reflect.DelegatingConstructorAccessorImpl.newInstance(DelegatingConstructorAccessorImpl.java:45) ~[?:1.8.0_241]
	at java.lang.reflect.Constructor.newInstance(Constructor.java:423) ~[?:1.8.0_241]
	at com.mysql.jdbc.Util.handleNewInstance(Util.java:411) ~[mysql-connector-java-5.1.29.jar:?]
	at com.mysql.jdbc.Util.getInstance(Util.java:386) ~[mysql-connector-java-5.1.29.jar:?]
	at com.mysql.jdbc.SQLError.createSQLException(SQLError.java:1015) ~[mysql-connector-java-5.1.29.jar:?]
	at com.mysql.jdbc.SQLError.createSQLException(SQLError.java:989) ~[mysql-connector-java-5.1.29.jar:?]
	at com.mysql.jdbc.SQLError.createSQLException(SQLError.java:975) ~[mysql-connector-java-5.1.29.jar:?]
	at com.mysql.jdbc.SQLError.createSQLException(SQLError.java:920) ~[mysql-connector-java-5.1.29.jar:?]
	at com.mysql.jdbc.NonRegisteringDriver.connect(NonRegisteringDriver.java:356) ~[mysql-connector-java-5.1.29.jar:?]
	at com.alibaba.druid.filter.FilterChainImpl.connection_connect(FilterChainImpl.java:149) ~[druid-1.1.9.jar:1.1.9]
	at com.alibaba.druid.filter.FilterAdapter.connection_connect(FilterAdapter.java:786) ~[druid-1.1.9.jar:1.1.9]
	at com.alibaba.druid.filter.FilterChainImpl.connection_connect(FilterChainImpl.java:143) ~[druid-1.1.9.jar:1.1.9]
	at com.alibaba.druid.pool.DruidAbstractDataSource.createPhysicalConnection(DruidAbstractDataSource.java:1515) ~[druid-1.1.9.jar:1.1.9]
	at com.alibaba.druid.pool.DruidAbstractDataSource.createPhysicalConnection(DruidAbstractDataSource.java:1578) ~[druid-1.1.9.jar:1.1.9]
	at com.alibaba.druid.pool.DruidDataSource$CreateConnectionThread.run(DruidDataSource.java:2466) ~[druid-1.1.9.jar:1.1.9]
Caused by: java.lang.NumberFormatException: For input string: "{tidb.port}"
	at java.lang.NumberFormatException.forInputString(NumberFormatException.java:65) ~[?:1.8.0_241]
	at java.lang.Integer.parseInt(Integer.java:580) ~[?:1.8.0_241]
	at java.lang.Integer.parseInt(Integer.java:615) ~[?:1.8.0_241]
	at com.mysql.jdbc.NonRegisteringDriver.port(NonRegisteringDriver.java:916) ~[mysql-connector-java-5.1.29.jar:?]
	at com.mysql.jdbc.NonRegisteringDriver.connect(NonRegisteringDriver.java:347) ~[mysql-connector-java-5.1.29.jar:?]
	... 6 more
2023-08-28 15:20:15.949 ERROR Druid-ConnectionPool-Create-1038907896 com.alibaba.druid.pool.DruidDataSource TID:  - create connection SQLException, url: jdbc:mysql://{tidb.host}:{tidb.port}/template?useSSL=false&allowMultiQueries=true, errorCode 0, state 08001
com.mysql.jdbc.exceptions.jdbc4.MySQLNonTransientConnectionException: Cannot load connection class because of underlying exception: 'java.lang.NumberFormatException: For input string: "{tidb.port}"'.
	at sun.reflect.NativeConstructorAccessorImpl.newInstance0(Native Method) ~[?:1.8.0_241]
	at sun.reflect.NativeConstructorAccessorImpl.newInstance(NativeConstructorAccessorImpl.java:62) ~[?:1.8.0_241]
	at sun.reflect.DelegatingConstructorAccessorImpl.newInstance(DelegatingConstructorAccessorImpl.java:45) ~[?:1.8.0_241]
	at java.lang.reflect.Constructor.newInstance(Constructor.java:423) ~[?:1.8.0_241]
	at com.mysql.jdbc.Util.handleNewInstance(Util.java:411) ~[mysql-connector-java-5.1.29.jar:?]
	at com.mysql.jdbc.Util.getInstance(Util.java:386) ~[mysql-connector-java-5.1.29.jar:?]
	at com.mysql.jdbc.SQLError.createSQLException(SQLError.java:1015) ~[mysql-connector-java-5.1.29.jar:?]
	at com.mysql.jdbc.SQLError.createSQLException(SQLError.java:989) ~[mysql-connector-java-5.1.29.jar:?]
	at com.mysql.jdbc.SQLError.createSQLException(SQLError.java:975) ~[mysql-connector-java-5.1.29.jar:?]
	at com.mysql.jdbc.SQLError.createSQLException(SQLError.java:920) ~[mysql-connector-java-5.1.29.jar:?]
	at com.mysql.jdbc.NonRegisteringDriver.connect(NonRegisteringDriver.java:356) ~[mysql-connector-java-5.1.29.jar:?]
	at com.alibaba.druid.filter.FilterChainImpl.connection_connect(FilterChainImpl.java:149) ~[druid-1.1.9.jar:1.1.9]
	at com.alibaba.druid.filter.FilterAdapter.connection_connect(FilterAdapter.java:786) ~[druid-1.1.9.jar:1.1.9]
	at com.alibaba.druid.filter.FilterChainImpl.connection_connect(FilterChainImpl.java:143) ~[druid-1.1.9.jar:1.1.9]
	at com.alibaba.druid.pool.DruidAbstractDataSource.createPhysicalConnection(DruidAbstractDataSource.java:1515) ~[druid-1.1.9.jar:1.1.9]
	at com.alibaba.druid.pool.DruidAbstractDataSource.createPhysicalConnection(DruidAbstractDataSource.java:1578) ~[druid-1.1.9.jar:1.1.9]
	at com.alibaba.druid.pool.DruidDataSource$CreateConnectionThread.run(DruidDataSource.java:2466) ~[druid-1.1.9.jar:1.1.9]
Caused by: java.lang.NumberFormatException: For input string: "{tidb.port}"
	at java.lang.NumberFormatException.forInputString(NumberFormatException.java:65) ~[?:1.8.0_241]
	at java.lang.Integer.parseInt(Integer.java:580) ~[?:1.8.0_241]
	at java.lang.Integer.parseInt(Integer.java:615) ~[?:1.8.0_241]
	at com.mysql.jdbc.NonRegisteringDriver.port(NonRegisteringDriver.java:916) ~[mysql-connector-java-5.1.29.jar:?]
	at com.mysql.jdbc.NonRegisteringDriver.connect(NonRegisteringDriver.java:347) ~[mysql-connector-java-5.1.29.jar:?]
	... 6 more
2023-08-28 15:20:16.453 ERROR Druid-ConnectionPool-Create-1038907896 com.alibaba.druid.pool.DruidDataSource TID:  - create connection SQLException, url: jdbc:mysql://{tidb.host}:{tidb.port}/template?useSSL=false&allowMultiQueries=true, errorCode 0, state 08001
com.mysql.jdbc.exceptions.jdbc4.MySQLNonTransientConnectionException: Cannot load connection class because of underlying exception: 'java.lang.NumberFormatException: For input string: "{tidb.port}"'.
	at sun.reflect.NativeConstructorAccessorImpl.newInstance0(Native Method) ~[?:1.8.0_241]
	at sun.reflect.NativeConstructorAccessorImpl.newInstance(NativeConstructorAccessorImpl.java:62) ~[?:1.8.0_241]
	at sun.reflect.DelegatingConstructorAccessorImpl.newInstance(DelegatingConstructorAccessorImpl.java:45) ~[?:1.8.0_241]
	at java.lang.reflect.Constructor.newInstance(Constructor.java:423) ~[?:1.8.0_241]
	at com.mysql.jdbc.Util.handleNewInstance(Util.java:411) ~[mysql-connector-java-5.1.29.jar:?]
	at com.mysql.jdbc.Util.getInstance(Util.java:386) ~[mysql-connector-java-5.1.29.jar:?]
	at com.mysql.jdbc.SQLError.createSQLException(SQLError.java:1015) ~[mysql-connector-java-5.1.29.jar:?]
	at com.mysql.jdbc.SQLError.createSQLException(SQLError.java:989) ~[mysql-connector-java-5.1.29.jar:?]
	at com.mysql.jdbc.SQLError.createSQLException(SQLError.java:975) ~[mysql-connector-java-5.1.29.jar:?]
	at com.mysql.jdbc.SQLError.createSQLException(SQLError.java:920) ~[mysql-connector-java-5.1.29.jar:?]
	at com.mysql.jdbc.NonRegisteringDriver.connect(NonRegisteringDriver.java:356) ~[mysql-connector-java-5.1.29.jar:?]
	at com.alibaba.druid.filter.FilterChainImpl.connection_connect(FilterChainImpl.java:149) ~[druid-1.1.9.jar:1.1.9]
	at com.alibaba.druid.filter.FilterAdapter.connection_connect(FilterAdapter.java:786) ~[druid-1.1.9.jar:1.1.9]
	at com.alibaba.druid.filter.FilterChainImpl.connection_connect(FilterChainImpl.java:143) ~[druid-1.1.9.jar:1.1.9]
	at com.alibaba.druid.pool.DruidAbstractDataSource.createPhysicalConnection(DruidAbstractDataSource.java:1515) ~[druid-1.1.9.jar:1.1.9]
	at com.alibaba.druid.pool.DruidAbstractDataSource.createPhysicalConnection(DruidAbstractDataSource.java:1578) ~[druid-1.1.9.jar:1.1.9]
	at com.alibaba.druid.pool.DruidDataSource$CreateConnectionThread.run(DruidDataSource.java:2466) ~[druid-1.1.9.jar:1.1.9]
Caused by: java.lang.NumberFormatException: For input string: "{tidb.port}"
	at java.lang.NumberFormatException.forInputString(NumberFormatException.java:65) ~[?:1.8.0_241]
	at java.lang.Integer.parseInt(Integer.java:580) ~[?:1.8.0_241]
	at java.lang.Integer.parseInt(Integer.java:615) ~[?:1.8.0_241]
	at com.mysql.jdbc.NonRegisteringDriver.port(NonRegisteringDriver.java:916) ~[mysql-connector-java-5.1.29.jar:?]
	at com.mysql.jdbc.NonRegisteringDriver.connect(NonRegisteringDriver.java:347) ~[mysql-connector-java-5.1.29.jar:?]
	... 6 more
2023-08-28 15:20:16.954 ERROR Druid-ConnectionPool-Create-1038907896 com.alibaba.druid.pool.DruidDataSource TID:  - create connection SQLException, url: jdbc:mysql://{tidb.host}:{tidb.port}/template?useSSL=false&allowMultiQueries=true, errorCode 0, state 08001
com.mysql.jdbc.exceptions.jdbc4.MySQLNonTransientConnectionException: Cannot load connection class because of underlying exception: 'java.lang.NumberFormatException: For input string: "{tidb.port}"'.
	at sun.reflect.NativeConstructorAccessorImpl.newInstance0(Native Method) ~[?:1.8.0_241]
	at sun.reflect.NativeConstructorAccessorImpl.newInstance(NativeConstructorAccessorImpl.java:62) ~[?:1.8.0_241]
	at sun.reflect.DelegatingConstructorAccessorImpl.newInstance(DelegatingConstructorAccessorImpl.java:45) ~[?:1.8.0_241]
	at java.lang.reflect.Constructor.newInstance(Constructor.java:423) ~[?:1.8.0_241]
	at com.mysql.jdbc.Util.handleNewInstance(Util.java:411) ~[mysql-connector-java-5.1.29.jar:?]
	at com.mysql.jdbc.Util.getInstance(Util.java:386) ~[mysql-connector-java-5.1.29.jar:?]
	at com.mysql.jdbc.SQLError.createSQLException(SQLError.java:1015) ~[mysql-connector-java-5.1.29.jar:?]
	at com.mysql.jdbc.SQLError.createSQLException(SQLError.java:989) ~[mysql-connector-java-5.1.29.jar:?]
	at com.mysql.jdbc.SQLError.createSQLException(SQLError.java:975) ~[mysql-connector-java-5.1.29.jar:?]
	at com.mysql.jdbc.SQLError.createSQLException(SQLError.java:920) ~[mysql-connector-java-5.1.29.jar:?]
	at com.mysql.jdbc.NonRegisteringDriver.connect(NonRegisteringDriver.java:356) ~[mysql-connector-java-5.1.29.jar:?]
	at com.alibaba.druid.filter.FilterChainImpl.connection_connect(FilterChainImpl.java:149) ~[druid-1.1.9.jar:1.1.9]
	at com.alibaba.druid.filter.FilterAdapter.connection_connect(FilterAdapter.java:786) ~[druid-1.1.9.jar:1.1.9]
	at com.alibaba.druid.filter.FilterChainImpl.connection_connect(FilterChainImpl.java:143) ~[druid-1.1.9.jar:1.1.9]
	at com.alibaba.druid.pool.DruidAbstractDataSource.createPhysicalConnection(DruidAbstractDataSource.java:1515) ~[druid-1.1.9.jar:1.1.9]
	at com.alibaba.druid.pool.DruidAbstractDataSource.createPhysicalConnection(DruidAbstractDataSource.java:1578) ~[druid-1.1.9.jar:1.1.9]
	at com.alibaba.druid.pool.DruidDataSource$CreateConnectionThread.run(DruidDataSource.java:2466) ~[druid-1.1.9.jar:1.1.9]
Caused by: java.lang.NumberFormatException: For input string: "{tidb.port}"
	at java.lang.NumberFormatException.forInputString(NumberFormatException.java:65) ~[?:1.8.0_241]
	at java.lang.Integer.parseInt(Integer.java:580) ~[?:1.8.0_241]
	at java.lang.Integer.parseInt(Integer.java:615) ~[?:1.8.0_241]
	at com.mysql.jdbc.NonRegisteringDriver.port(NonRegisteringDriver.java:916) ~[mysql-connector-java-5.1.29.jar:?]
	at com.mysql.jdbc.NonRegisteringDriver.connect(NonRegisteringDriver.java:347) ~[mysql-connector-java-5.1.29.jar:?]
	... 6 more
2023-08-28 15:20:17.459 ERROR Druid-ConnectionPool-Create-1038907896 com.alibaba.druid.pool.DruidDataSource TID:  - create connection SQLException, url: jdbc:mysql://{tidb.host}:{tidb.port}/template?useSSL=false&allowMultiQueries=true, errorCode 0, state 08001
com.mysql.jdbc.exceptions.jdbc4.MySQLNonTransientConnectionException: Cannot load connection class because of underlying exception: 'java.lang.NumberFormatException: For input string: "{tidb.port}"'.
	at sun.reflect.NativeConstructorAccessorImpl.newInstance0(Native Method) ~[?:1.8.0_241]
	at sun.reflect.NativeConstructorAccessorImpl.newInstance(NativeConstructorAccessorImpl.java:62) ~[?:1.8.0_241]
	at sun.reflect.DelegatingConstructorAccessorImpl.newInstance(DelegatingConstructorAccessorImpl.java:45) ~[?:1.8.0_241]
	at java.lang.reflect.Constructor.newInstance(Constructor.java:423) ~[?:1.8.0_241]
	at com.mysql.jdbc.Util.handleNewInstance(Util.java:411) ~[mysql-connector-java-5.1.29.jar:?]
	at com.mysql.jdbc.Util.getInstance(Util.java:386) ~[mysql-connector-java-5.1.29.jar:?]
	at com.mysql.jdbc.SQLError.createSQLException(SQLError.java:1015) ~[mysql-connector-java-5.1.29.jar:?]
	at com.mysql.jdbc.SQLError.createSQLException(SQLError.java:989) ~[mysql-connector-java-5.1.29.jar:?]
	at com.mysql.jdbc.SQLError.createSQLException(SQLError.java:975) ~[mysql-connector-java-5.1.29.jar:?]
	at com.mysql.jdbc.SQLError.createSQLException(SQLError.java:920) ~[mysql-connector-java-5.1.29.jar:?]
	at com.mysql.jdbc.NonRegisteringDriver.connect(NonRegisteringDriver.java:356) ~[mysql-connector-java-5.1.29.jar:?]
	at com.alibaba.druid.filter.FilterChainImpl.connection_connect(FilterChainImpl.java:149) ~[druid-1.1.9.jar:1.1.9]
	at com.alibaba.druid.filter.FilterAdapter.connection_connect(FilterAdapter.java:786) ~[druid-1.1.9.jar:1.1.9]
	at com.alibaba.druid.filter.FilterChainImpl.connection_connect(FilterChainImpl.java:143) ~[druid-1.1.9.jar:1.1.9]
	at com.alibaba.druid.pool.DruidAbstractDataSource.createPhysicalConnection(DruidAbstractDataSource.java:1515) ~[druid-1.1.9.jar:1.1.9]
	at com.alibaba.druid.pool.DruidAbstractDataSource.createPhysicalConnection(DruidAbstractDataSource.java:1578) ~[druid-1.1.9.jar:1.1.9]
	at com.alibaba.druid.pool.DruidDataSource$CreateConnectionThread.run(DruidDataSource.java:2466) ~[druid-1.1.9.jar:1.1.9]
Caused by: java.lang.NumberFormatException: For input string: "{tidb.port}"
	at java.lang.NumberFormatException.forInputString(NumberFormatException.java:65) ~[?:1.8.0_241]
	at java.lang.Integer.parseInt(Integer.java:580) ~[?:1.8.0_241]
	at java.lang.Integer.parseInt(Integer.java:615) ~[?:1.8.0_241]
	at com.mysql.jdbc.NonRegisteringDriver.port(NonRegisteringDriver.java:916) ~[mysql-connector-java-5.1.29.jar:?]
	at com.mysql.jdbc.NonRegisteringDriver.connect(NonRegisteringDriver.java:347) ~[mysql-connector-java-5.1.29.jar:?]
	... 6 more
2023-08-28 15:20:17.961 ERROR Druid-ConnectionPool-Create-1038907896 com.alibaba.druid.pool.DruidDataSource TID:  - create connection SQLException, url: jdbc:mysql://{tidb.host}:{tidb.port}/template?useSSL=false&allowMultiQueries=true, errorCode 0, state 08001
com.mysql.jdbc.exceptions.jdbc4.MySQLNonTransientConnectionException: Cannot load connection class because of underlying exception: 'java.lang.NumberFormatException: For input string: "{tidb.port}"'.
	at sun.reflect.NativeConstructorAccessorImpl.newInstance0(Native Method) ~[?:1.8.0_241]
	at sun.reflect.NativeConstructorAccessorImpl.newInstance(NativeConstructorAccessorImpl.java:62) ~[?:1.8.0_241]
	at sun.reflect.DelegatingConstructorAccessorImpl.newInstance(DelegatingConstructorAccessorImpl.java:45) ~[?:1.8.0_241]
	at java.lang.reflect.Constructor.newInstance(Constructor.java:423) ~[?:1.8.0_241]
	at com.mysql.jdbc.Util.handleNewInstance(Util.java:411) ~[mysql-connector-java-5.1.29.jar:?]
	at com.mysql.jdbc.Util.getInstance(Util.java:386) ~[mysql-connector-java-5.1.29.jar:?]
	at com.mysql.jdbc.SQLError.createSQLException(SQLError.java:1015) ~[mysql-connector-java-5.1.29.jar:?]
	at com.mysql.jdbc.SQLError.createSQLException(SQLError.java:989) ~[mysql-connector-java-5.1.29.jar:?]
	at com.mysql.jdbc.SQLError.createSQLException(SQLError.java:975) ~[mysql-connector-java-5.1.29.jar:?]
	at com.mysql.jdbc.SQLError.createSQLException(SQLError.java:920) ~[mysql-connector-java-5.1.29.jar:?]
	at com.mysql.jdbc.NonRegisteringDriver.connect(NonRegisteringDriver.java:356) ~[mysql-connector-java-5.1.29.jar:?]
	at com.alibaba.druid.filter.FilterChainImpl.connection_connect(FilterChainImpl.java:149) ~[druid-1.1.9.jar:1.1.9]
	at com.alibaba.druid.filter.FilterAdapter.connection_connect(FilterAdapter.java:786) ~[druid-1.1.9.jar:1.1.9]
	at com.alibaba.druid.filter.FilterChainImpl.connection_connect(FilterChainImpl.java:143) ~[druid-1.1.9.jar:1.1.9]
	at com.alibaba.druid.pool.DruidAbstractDataSource.createPhysicalConnection(DruidAbstractDataSource.java:1515) ~[druid-1.1.9.jar:1.1.9]
	at com.alibaba.druid.pool.DruidAbstractDataSource.createPhysicalConnection(DruidAbstractDataSource.java:1578) ~[druid-1.1.9.jar:1.1.9]
	at com.alibaba.druid.pool.DruidDataSource$CreateConnectionThread.run(DruidDataSource.java:2466) ~[druid-1.1.9.jar:1.1.9]
Caused by: java.lang.NumberFormatException: For input string: "{tidb.port}"
	at java.lang.NumberFormatException.forInputString(NumberFormatException.java:65) ~[?:1.8.0_241]
	at java.lang.Integer.parseInt(Integer.java:580) ~[?:1.8.0_241]
	at java.lang.Integer.parseInt(Integer.java:615) ~[?:1.8.0_241]
	at com.mysql.jdbc.NonRegisteringDriver.port(NonRegisteringDriver.java:916) ~[mysql-connector-java-5.1.29.jar:?]
	at com.mysql.jdbc.NonRegisteringDriver.connect(NonRegisteringDriver.java:347) ~[mysql-connector-java-5.1.29.jar:?]
	... 6 more
2023-08-28 15:20:18.466 ERROR Druid-ConnectionPool-Create-1038907896 com.alibaba.druid.pool.DruidDataSource TID:  - create connection SQLException, url: jdbc:mysql://{tidb.host}:{tidb.port}/template?useSSL=false&allowMultiQueries=true, errorCode 0, state 08001
com.mysql.jdbc.exceptions.jdbc4.MySQLNonTransientConnectionException: Cannot load connection class because of underlying exception: 'java.lang.NumberFormatException: For input string: "{tidb.port}"'.
	at sun.reflect.NativeConstructorAccessorImpl.newInstance0(Native Method) ~[?:1.8.0_241]
	at sun.reflect.NativeConstructorAccessorImpl.newInstance(NativeConstructorAccessorImpl.java:62) ~[?:1.8.0_241]
	at sun.reflect.DelegatingConstructorAccessorImpl.newInstance(DelegatingConstructorAccessorImpl.java:45) ~[?:1.8.0_241]
	at java.lang.reflect.Constructor.newInstance(Constructor.java:423) ~[?:1.8.0_241]
	at com.mysql.jdbc.Util.handleNewInstance(Util.java:411) ~[mysql-connector-java-5.1.29.jar:?]
	at com.mysql.jdbc.Util.getInstance(Util.java:386) ~[mysql-connector-java-5.1.29.jar:?]
	at com.mysql.jdbc.SQLError.createSQLException(SQLError.java:1015) ~[mysql-connector-java-5.1.29.jar:?]
	at com.mysql.jdbc.SQLError.createSQLException(SQLError.java:989) ~[mysql-connector-java-5.1.29.jar:?]
	at com.mysql.jdbc.SQLError.createSQLException(SQLError.java:975) ~[mysql-connector-java-5.1.29.jar:?]
	at com.mysql.jdbc.SQLError.createSQLException(SQLError.java:920) ~[mysql-connector-java-5.1.29.jar:?]
	at com.mysql.jdbc.NonRegisteringDriver.connect(NonRegisteringDriver.java:356) ~[mysql-connector-java-5.1.29.jar:?]
	at com.alibaba.druid.filter.FilterChainImpl.connection_connect(FilterChainImpl.java:149) ~[druid-1.1.9.jar:1.1.9]
	at com.alibaba.druid.filter.FilterAdapter.connection_connect(FilterAdapter.java:786) ~[druid-1.1.9.jar:1.1.9]
	at com.alibaba.druid.filter.FilterChainImpl.connection_connect(FilterChainImpl.java:143) ~[druid-1.1.9.jar:1.1.9]
	at com.alibaba.druid.pool.DruidAbstractDataSource.createPhysicalConnection(DruidAbstractDataSource.java:1515) ~[druid-1.1.9.jar:1.1.9]
	at com.alibaba.druid.pool.DruidAbstractDataSource.createPhysicalConnection(DruidAbstractDataSource.java:1578) ~[druid-1.1.9.jar:1.1.9]
	at com.alibaba.druid.pool.DruidDataSource$CreateConnectionThread.run(DruidDataSource.java:2466) ~[druid-1.1.9.jar:1.1.9]
Caused by: java.lang.NumberFormatException: For input string: "{tidb.port}"
	at java.lang.NumberFormatException.forInputString(NumberFormatException.java:65) ~[?:1.8.0_241]
	at java.lang.Integer.parseInt(Integer.java:580) ~[?:1.8.0_241]
	at java.lang.Integer.parseInt(Integer.java:615) ~[?:1.8.0_241]
	at com.mysql.jdbc.NonRegisteringDriver.port(NonRegisteringDriver.java:916) ~[mysql-connector-java-5.1.29.jar:?]
	at com.mysql.jdbc.NonRegisteringDriver.connect(NonRegisteringDriver.java:347) ~[mysql-connector-java-5.1.29.jar:?]
	... 6 more
2023-08-28 15:20:18.971 ERROR Druid-ConnectionPool-Create-1038907896 com.alibaba.druid.pool.DruidDataSource TID:  - create connection SQLException, url: jdbc:mysql://{tidb.host}:{tidb.port}/template?useSSL=false&allowMultiQueries=true, errorCode 0, state 08001
com.mysql.jdbc.exceptions.jdbc4.MySQLNonTransientConnectionException: Cannot load connection class because of underlying exception: 'java.lang.NumberFormatException: For input string: "{tidb.port}"'.
	at sun.reflect.NativeConstructorAccessorImpl.newInstance0(Native Method) ~[?:1.8.0_241]
	at sun.reflect.NativeConstructorAccessorImpl.newInstance(NativeConstructorAccessorImpl.java:62) ~[?:1.8.0_241]
	at sun.reflect.DelegatingConstructorAccessorImpl.newInstance(DelegatingConstructorAccessorImpl.java:45) ~[?:1.8.0_241]
	at java.lang.reflect.Constructor.newInstance(Constructor.java:423) ~[?:1.8.0_241]
	at com.mysql.jdbc.Util.handleNewInstance(Util.java:411) ~[mysql-connector-java-5.1.29.jar:?]
	at com.mysql.jdbc.Util.getInstance(Util.java:386) ~[mysql-connector-java-5.1.29.jar:?]
	at com.mysql.jdbc.SQLError.createSQLException(SQLError.java:1015) ~[mysql-connector-java-5.1.29.jar:?]
	at com.mysql.jdbc.SQLError.createSQLException(SQLError.java:989) ~[mysql-connector-java-5.1.29.jar:?]
	at com.mysql.jdbc.SQLError.createSQLException(SQLError.java:975) ~[mysql-connector-java-5.1.29.jar:?]
	at com.mysql.jdbc.SQLError.createSQLException(SQLError.java:920) ~[mysql-connector-java-5.1.29.jar:?]
	at com.mysql.jdbc.NonRegisteringDriver.connect(NonRegisteringDriver.java:356) ~[mysql-connector-java-5.1.29.jar:?]
	at com.alibaba.druid.filter.FilterChainImpl.connection_connect(FilterChainImpl.java:149) ~[druid-1.1.9.jar:1.1.9]
	at com.alibaba.druid.filter.FilterAdapter.connection_connect(FilterAdapter.java:786) ~[druid-1.1.9.jar:1.1.9]
	at com.alibaba.druid.filter.FilterChainImpl.connection_connect(FilterChainImpl.java:143) ~[druid-1.1.9.jar:1.1.9]
	at com.alibaba.druid.pool.DruidAbstractDataSource.createPhysicalConnection(DruidAbstractDataSource.java:1515) ~[druid-1.1.9.jar:1.1.9]
	at com.alibaba.druid.pool.DruidAbstractDataSource.createPhysicalConnection(DruidAbstractDataSource.java:1578) ~[druid-1.1.9.jar:1.1.9]
	at com.alibaba.druid.pool.DruidDataSource$CreateConnectionThread.run(DruidDataSource.java:2466) ~[druid-1.1.9.jar:1.1.9]
Caused by: java.lang.NumberFormatException: For input string: "{tidb.port}"
	at java.lang.NumberFormatException.forInputString(NumberFormatException.java:65) ~[?:1.8.0_241]
	at java.lang.Integer.parseInt(Integer.java:580) ~[?:1.8.0_241]
	at java.lang.Integer.parseInt(Integer.java:615) ~[?:1.8.0_241]
	at com.mysql.jdbc.NonRegisteringDriver.port(NonRegisteringDriver.java:916) ~[mysql-connector-java-5.1.29.jar:?]
	at com.mysql.jdbc.NonRegisteringDriver.connect(NonRegisteringDriver.java:347) ~[mysql-connector-java-5.1.29.jar:?]
	... 6 more
2023-08-28 15:20:19.475 ERROR Druid-ConnectionPool-Create-1038907896 com.alibaba.druid.pool.DruidDataSource TID:  - create connection SQLException, url: jdbc:mysql://{tidb.host}:{tidb.port}/template?useSSL=false&allowMultiQueries=true, errorCode 0, state 08001
com.mysql.jdbc.exceptions.jdbc4.MySQLNonTransientConnectionException: Cannot load connection class because of underlying exception: 'java.lang.NumberFormatException: For input string: "{tidb.port}"'.
	at sun.reflect.NativeConstructorAccessorImpl.newInstance0(Native Method) ~[?:1.8.0_241]
	at sun.reflect.NativeConstructorAccessorImpl.newInstance(NativeConstructorAccessorImpl.java:62) ~[?:1.8.0_241]
	at sun.reflect.DelegatingConstructorAccessorImpl.newInstance(DelegatingConstructorAccessorImpl.java:45) ~[?:1.8.0_241]
	at java.lang.reflect.Constructor.newInstance(Constructor.java:423) ~[?:1.8.0_241]
	at com.mysql.jdbc.Util.handleNewInstance(Util.java:411) ~[mysql-connector-java-5.1.29.jar:?]
	at com.mysql.jdbc.Util.getInstance(Util.java:386) ~[mysql-connector-java-5.1.29.jar:?]
	at com.mysql.jdbc.SQLError.createSQLException(SQLError.java:1015) ~[mysql-connector-java-5.1.29.jar:?]
	at com.mysql.jdbc.SQLError.createSQLException(SQLError.java:989) ~[mysql-connector-java-5.1.29.jar:?]
	at com.mysql.jdbc.SQLError.createSQLException(SQLError.java:975) ~[mysql-connector-java-5.1.29.jar:?]
	at com.mysql.jdbc.SQLError.createSQLException(SQLError.java:920) ~[mysql-connector-java-5.1.29.jar:?]
	at com.mysql.jdbc.NonRegisteringDriver.connect(NonRegisteringDriver.java:356) ~[mysql-connector-java-5.1.29.jar:?]
	at com.alibaba.druid.filter.FilterChainImpl.connection_connect(FilterChainImpl.java:149) ~[druid-1.1.9.jar:1.1.9]
	at com.alibaba.druid.filter.FilterAdapter.connection_connect(FilterAdapter.java:786) ~[druid-1.1.9.jar:1.1.9]
	at com.alibaba.druid.filter.FilterChainImpl.connection_connect(FilterChainImpl.java:143) ~[druid-1.1.9.jar:1.1.9]
	at com.alibaba.druid.pool.DruidAbstractDataSource.createPhysicalConnection(DruidAbstractDataSource.java:1515) ~[druid-1.1.9.jar:1.1.9]
	at com.alibaba.druid.pool.DruidAbstractDataSource.createPhysicalConnection(DruidAbstractDataSource.java:1578) ~[druid-1.1.9.jar:1.1.9]
	at com.alibaba.druid.pool.DruidDataSource$CreateConnectionThread.run(DruidDataSource.java:2466) ~[druid-1.1.9.jar:1.1.9]
Caused by: java.lang.NumberFormatException: For input string: "{tidb.port}"
	at java.lang.NumberFormatException.forInputString(NumberFormatException.java:65) ~[?:1.8.0_241]
	at java.lang.Integer.parseInt(Integer.java:580) ~[?:1.8.0_241]
	at java.lang.Integer.parseInt(Integer.java:615) ~[?:1.8.0_241]
	at com.mysql.jdbc.NonRegisteringDriver.port(NonRegisteringDriver.java:916) ~[mysql-connector-java-5.1.29.jar:?]
	at com.mysql.jdbc.NonRegisteringDriver.connect(NonRegisteringDriver.java:347) ~[mysql-connector-java-5.1.29.jar:?]
	... 6 more
2023-08-28 15:20:19.980 ERROR Druid-ConnectionPool-Create-1038907896 com.alibaba.druid.pool.DruidDataSource TID:  - create connection SQLException, url: jdbc:mysql://{tidb.host}:{tidb.port}/template?useSSL=false&allowMultiQueries=true, errorCode 0, state 08001
com.mysql.jdbc.exceptions.jdbc4.MySQLNonTransientConnectionException: Cannot load connection class because of underlying exception: 'java.lang.NumberFormatException: For input string: "{tidb.port}"'.
	at sun.reflect.NativeConstructorAccessorImpl.newInstance0(Native Method) ~[?:1.8.0_241]
	at sun.reflect.NativeConstructorAccessorImpl.newInstance(NativeConstructorAccessorImpl.java:62) ~[?:1.8.0_241]
	at sun.reflect.DelegatingConstructorAccessorImpl.newInstance(DelegatingConstructorAccessorImpl.java:45) ~[?:1.8.0_241]
	at java.lang.reflect.Constructor.newInstance(Constructor.java:423) ~[?:1.8.0_241]
	at com.mysql.jdbc.Util.handleNewInstance(Util.java:411) ~[mysql-connector-java-5.1.29.jar:?]
	at com.mysql.jdbc.Util.getInstance(Util.java:386) ~[mysql-connector-java-5.1.29.jar:?]
	at com.mysql.jdbc.SQLError.createSQLException(SQLError.java:1015) ~[mysql-connector-java-5.1.29.jar:?]
	at com.mysql.jdbc.SQLError.createSQLException(SQLError.java:989) ~[mysql-connector-java-5.1.29.jar:?]
	at com.mysql.jdbc.SQLError.createSQLException(SQLError.java:975) ~[mysql-connector-java-5.1.29.jar:?]
	at com.mysql.jdbc.SQLError.createSQLException(SQLError.java:920) ~[mysql-connector-java-5.1.29.jar:?]
	at com.mysql.jdbc.NonRegisteringDriver.connect(NonRegisteringDriver.java:356) ~[mysql-connector-java-5.1.29.jar:?]
	at com.alibaba.druid.filter.FilterChainImpl.connection_connect(FilterChainImpl.java:149) ~[druid-1.1.9.jar:1.1.9]
	at com.alibaba.druid.filter.FilterAdapter.connection_connect(FilterAdapter.java:786) ~[druid-1.1.9.jar:1.1.9]
	at com.alibaba.druid.filter.FilterChainImpl.connection_connect(FilterChainImpl.java:143) ~[druid-1.1.9.jar:1.1.9]
	at com.alibaba.druid.pool.DruidAbstractDataSource.createPhysicalConnection(DruidAbstractDataSource.java:1515) ~[druid-1.1.9.jar:1.1.9]
	at com.alibaba.druid.pool.DruidAbstractDataSource.createPhysicalConnection(DruidAbstractDataSource.java:1578) ~[druid-1.1.9.jar:1.1.9]
	at com.alibaba.druid.pool.DruidDataSource$CreateConnectionThread.run(DruidDataSource.java:2466) ~[druid-1.1.9.jar:1.1.9]
Caused by: java.lang.NumberFormatException: For input string: "{tidb.port}"
	at java.lang.NumberFormatException.forInputString(NumberFormatException.java:65) ~[?:1.8.0_241]
	at java.lang.Integer.parseInt(Integer.java:580) ~[?:1.8.0_241]
	at java.lang.Integer.parseInt(Integer.java:615) ~[?:1.8.0_241]
	at com.mysql.jdbc.NonRegisteringDriver.port(NonRegisteringDriver.java:916) ~[mysql-connector-java-5.1.29.jar:?]
	at com.mysql.jdbc.NonRegisteringDriver.connect(NonRegisteringDriver.java:347) ~[mysql-connector-java-5.1.29.jar:?]
	... 6 more
2023-08-28 15:20:20.484 ERROR Druid-ConnectionPool-Create-1038907896 com.alibaba.druid.pool.DruidDataSource TID:  - create connection SQLException, url: jdbc:mysql://{tidb.host}:{tidb.port}/template?useSSL=false&allowMultiQueries=true, errorCode 0, state 08001
com.mysql.jdbc.exceptions.jdbc4.MySQLNonTransientConnectionException: Cannot load connection class because of underlying exception: 'java.lang.NumberFormatException: For input string: "{tidb.port}"'.
	at sun.reflect.NativeConstructorAccessorImpl.newInstance0(Native Method) ~[?:1.8.0_241]
	at sun.reflect.NativeConstructorAccessorImpl.newInstance(NativeConstructorAccessorImpl.java:62) ~[?:1.8.0_241]
	at sun.reflect.DelegatingConstructorAccessorImpl.newInstance(DelegatingConstructorAccessorImpl.java:45) ~[?:1.8.0_241]
	at java.lang.reflect.Constructor.newInstance(Constructor.java:423) ~[?:1.8.0_241]
	at com.mysql.jdbc.Util.handleNewInstance(Util.java:411) ~[mysql-connector-java-5.1.29.jar:?]
	at com.mysql.jdbc.Util.getInstance(Util.java:386) ~[mysql-connector-java-5.1.29.jar:?]
	at com.mysql.jdbc.SQLError.createSQLException(SQLError.java:1015) ~[mysql-connector-java-5.1.29.jar:?]
	at com.mysql.jdbc.SQLError.createSQLException(SQLError.java:989) ~[mysql-connector-java-5.1.29.jar:?]
	at com.mysql.jdbc.SQLError.createSQLException(SQLError.java:975) ~[mysql-connector-java-5.1.29.jar:?]
	at com.mysql.jdbc.SQLError.createSQLException(SQLError.java:920) ~[mysql-connector-java-5.1.29.jar:?]
	at com.mysql.jdbc.NonRegisteringDriver.connect(NonRegisteringDriver.java:356) ~[mysql-connector-java-5.1.29.jar:?]
	at com.alibaba.druid.filter.FilterChainImpl.connection_connect(FilterChainImpl.java:149) ~[druid-1.1.9.jar:1.1.9]
	at com.alibaba.druid.filter.FilterAdapter.connection_connect(FilterAdapter.java:786) ~[druid-1.1.9.jar:1.1.9]
	at com.alibaba.druid.filter.FilterChainImpl.connection_connect(FilterChainImpl.java:143) ~[druid-1.1.9.jar:1.1.9]
	at com.alibaba.druid.pool.DruidAbstractDataSource.createPhysicalConnection(DruidAbstractDataSource.java:1515) ~[druid-1.1.9.jar:1.1.9]
	at com.alibaba.druid.pool.DruidAbstractDataSource.createPhysicalConnection(DruidAbstractDataSource.java:1578) ~[druid-1.1.9.jar:1.1.9]
	at com.alibaba.druid.pool.DruidDataSource$CreateConnectionThread.run(DruidDataSource.java:2466) ~[druid-1.1.9.jar:1.1.9]
Caused by: java.lang.NumberFormatException: For input string: "{tidb.port}"
	at java.lang.NumberFormatException.forInputString(NumberFormatException.java:65) ~[?:1.8.0_241]
	at java.lang.Integer.parseInt(Integer.java:580) ~[?:1.8.0_241]
	at java.lang.Integer.parseInt(Integer.java:615) ~[?:1.8.0_241]
	at com.mysql.jdbc.NonRegisteringDriver.port(NonRegisteringDriver.java:916) ~[mysql-connector-java-5.1.29.jar:?]
	at com.mysql.jdbc.NonRegisteringDriver.connect(NonRegisteringDriver.java:347) ~[mysql-connector-java-5.1.29.jar:?]
	... 6 more
2023-08-28 15:20:20.989 ERROR Druid-ConnectionPool-Create-1038907896 com.alibaba.druid.pool.DruidDataSource TID:  - create connection SQLException, url: jdbc:mysql://{tidb.host}:{tidb.port}/template?useSSL=false&allowMultiQueries=true, errorCode 0, state 08001
com.mysql.jdbc.exceptions.jdbc4.MySQLNonTransientConnectionException: Cannot load connection class because of underlying exception: 'java.lang.NumberFormatException: For input string: "{tidb.port}"'.
	at sun.reflect.NativeConstructorAccessorImpl.newInstance0(Native Method) ~[?:1.8.0_241]
	at sun.reflect.NativeConstructorAccessorImpl.newInstance(NativeConstructorAccessorImpl.java:62) ~[?:1.8.0_241]
	at sun.reflect.DelegatingConstructorAccessorImpl.newInstance(DelegatingConstructorAccessorImpl.java:45) ~[?:1.8.0_241]
	at java.lang.reflect.Constructor.newInstance(Constructor.java:423) ~[?:1.8.0_241]
	at com.mysql.jdbc.Util.handleNewInstance(Util.java:411) ~[mysql-connector-java-5.1.29.jar:?]
	at com.mysql.jdbc.Util.getInstance(Util.java:386) ~[mysql-connector-java-5.1.29.jar:?]
	at com.mysql.jdbc.SQLError.createSQLException(SQLError.java:1015) ~[mysql-connector-java-5.1.29.jar:?]
	at com.mysql.jdbc.SQLError.createSQLException(SQLError.java:989) ~[mysql-connector-java-5.1.29.jar:?]
	at com.mysql.jdbc.SQLError.createSQLException(SQLError.java:975) ~[mysql-connector-java-5.1.29.jar:?]
	at com.mysql.jdbc.SQLError.createSQLException(SQLError.java:920) ~[mysql-connector-java-5.1.29.jar:?]
	at com.mysql.jdbc.NonRegisteringDriver.connect(NonRegisteringDriver.java:356) ~[mysql-connector-java-5.1.29.jar:?]
	at com.alibaba.druid.filter.FilterChainImpl.connection_connect(FilterChainImpl.java:149) ~[druid-1.1.9.jar:1.1.9]
	at com.alibaba.druid.filter.FilterAdapter.connection_connect(FilterAdapter.java:786) ~[druid-1.1.9.jar:1.1.9]
	at com.alibaba.druid.filter.FilterChainImpl.connection_connect(FilterChainImpl.java:143) ~[druid-1.1.9.jar:1.1.9]
	at com.alibaba.druid.pool.DruidAbstractDataSource.createPhysicalConnection(DruidAbstractDataSource.java:1515) ~[druid-1.1.9.jar:1.1.9]
	at com.alibaba.druid.pool.DruidAbstractDataSource.createPhysicalConnection(DruidAbstractDataSource.java:1578) ~[druid-1.1.9.jar:1.1.9]
	at com.alibaba.druid.pool.DruidDataSource$CreateConnectionThread.run(DruidDataSource.java:2466) ~[druid-1.1.9.jar:1.1.9]
Caused by: java.lang.NumberFormatException: For input string: "{tidb.port}"
	at java.lang.NumberFormatException.forInputString(NumberFormatException.java:65) ~[?:1.8.0_241]
	at java.lang.Integer.parseInt(Integer.java:580) ~[?:1.8.0_241]
	at java.lang.Integer.parseInt(Integer.java:615) ~[?:1.8.0_241]
	at com.mysql.jdbc.NonRegisteringDriver.port(NonRegisteringDriver.java:916) ~[mysql-connector-java-5.1.29.jar:?]
	at com.mysql.jdbc.NonRegisteringDriver.connect(NonRegisteringDriver.java:347) ~[mysql-connector-java-5.1.29.jar:?]
	... 6 more
2023-08-28 15:20:21.492 ERROR Druid-ConnectionPool-Create-1038907896 com.alibaba.druid.pool.DruidDataSource TID:  - create connection SQLException, url: jdbc:mysql://{tidb.host}:{tidb.port}/template?useSSL=false&allowMultiQueries=true, errorCode 0, state 08001
com.mysql.jdbc.exceptions.jdbc4.MySQLNonTransientConnectionException: Cannot load connection class because of underlying exception: 'java.lang.NumberFormatException: For input string: "{tidb.port}"'.
	at sun.reflect.GeneratedConstructorAccessor97.newInstance(Unknown Source) ~[?:?]
	at sun.reflect.DelegatingConstructorAccessorImpl.newInstance(DelegatingConstructorAccessorImpl.java:45) ~[?:1.8.0_241]
	at java.lang.reflect.Constructor.newInstance(Constructor.java:423) ~[?:1.8.0_241]
	at com.mysql.jdbc.Util.handleNewInstance(Util.java:411) ~[mysql-connector-java-5.1.29.jar:?]
	at com.mysql.jdbc.Util.getInstance(Util.java:386) ~[mysql-connector-java-5.1.29.jar:?]
	at com.mysql.jdbc.SQLError.createSQLException(SQLError.java:1015) ~[mysql-connector-java-5.1.29.jar:?]
	at com.mysql.jdbc.SQLError.createSQLException(SQLError.java:989) ~[mysql-connector-java-5.1.29.jar:?]
	at com.mysql.jdbc.SQLError.createSQLException(SQLError.java:975) ~[mysql-connector-java-5.1.29.jar:?]
	at com.mysql.jdbc.SQLError.createSQLException(SQLError.java:920) ~[mysql-connector-java-5.1.29.jar:?]
	at com.mysql.jdbc.NonRegisteringDriver.connect(NonRegisteringDriver.java:356) ~[mysql-connector-java-5.1.29.jar:?]
	at com.alibaba.druid.filter.FilterChainImpl.connection_connect(FilterChainImpl.java:149) ~[druid-1.1.9.jar:1.1.9]
	at com.alibaba.druid.filter.FilterAdapter.connection_connect(FilterAdapter.java:786) ~[druid-1.1.9.jar:1.1.9]
	at com.alibaba.druid.filter.FilterChainImpl.connection_connect(FilterChainImpl.java:143) ~[druid-1.1.9.jar:1.1.9]
	at com.alibaba.druid.pool.DruidAbstractDataSource.createPhysicalConnection(DruidAbstractDataSource.java:1515) ~[druid-1.1.9.jar:1.1.9]
	at com.alibaba.druid.pool.DruidAbstractDataSource.createPhysicalConnection(DruidAbstractDataSource.java:1578) ~[druid-1.1.9.jar:1.1.9]
	at com.alibaba.druid.pool.DruidDataSource$CreateConnectionThread.run(DruidDataSource.java:2466) ~[druid-1.1.9.jar:1.1.9]
Caused by: java.lang.NumberFormatException: For input string: "{tidb.port}"
	at java.lang.NumberFormatException.forInputString(NumberFormatException.java:65) ~[?:1.8.0_241]
	at java.lang.Integer.parseInt(Integer.java:580) ~[?:1.8.0_241]
	at java.lang.Integer.parseInt(Integer.java:615) ~[?:1.8.0_241]
	at com.mysql.jdbc.NonRegisteringDriver.port(NonRegisteringDriver.java:916) ~[mysql-connector-java-5.1.29.jar:?]
	at com.mysql.jdbc.NonRegisteringDriver.connect(NonRegisteringDriver.java:347) ~[mysql-connector-java-5.1.29.jar:?]
	... 6 more
2023-08-28 15:20:21.997 ERROR Druid-ConnectionPool-Create-1038907896 com.alibaba.druid.pool.DruidDataSource TID:  - create connection SQLException, url: jdbc:mysql://{tidb.host}:{tidb.port}/template?useSSL=false&allowMultiQueries=true, errorCode 0, state 08001
com.mysql.jdbc.exceptions.jdbc4.MySQLNonTransientConnectionException: Cannot load connection class because of underlying exception: 'java.lang.NumberFormatException: For input string: "{tidb.port}"'.
	at sun.reflect.GeneratedConstructorAccessor97.newInstance(Unknown Source) ~[?:?]
	at sun.reflect.DelegatingConstructorAccessorImpl.newInstance(DelegatingConstructorAccessorImpl.java:45) ~[?:1.8.0_241]
	at java.lang.reflect.Constructor.newInstance(Constructor.java:423) ~[?:1.8.0_241]
	at com.mysql.jdbc.Util.handleNewInstance(Util.java:411) ~[mysql-connector-java-5.1.29.jar:?]
	at com.mysql.jdbc.Util.getInstance(Util.java:386) ~[mysql-connector-java-5.1.29.jar:?]
	at com.mysql.jdbc.SQLError.createSQLException(SQLError.java:1015) ~[mysql-connector-java-5.1.29.jar:?]
	at com.mysql.jdbc.SQLError.createSQLException(SQLError.java:989) ~[mysql-connector-java-5.1.29.jar:?]
	at com.mysql.jdbc.SQLError.createSQLException(SQLError.java:975) ~[mysql-connector-java-5.1.29.jar:?]
	at com.mysql.jdbc.SQLError.createSQLException(SQLError.java:920) ~[mysql-connector-java-5.1.29.jar:?]
	at com.mysql.jdbc.NonRegisteringDriver.connect(NonRegisteringDriver.java:356) ~[mysql-connector-java-5.1.29.jar:?]
	at com.alibaba.druid.filter.FilterChainImpl.connection_connect(FilterChainImpl.java:149) ~[druid-1.1.9.jar:1.1.9]
	at com.alibaba.druid.filter.FilterAdapter.connection_connect(FilterAdapter.java:786) ~[druid-1.1.9.jar:1.1.9]
	at com.alibaba.druid.filter.FilterChainImpl.connection_connect(FilterChainImpl.java:143) ~[druid-1.1.9.jar:1.1.9]
	at com.alibaba.druid.pool.DruidAbstractDataSource.createPhysicalConnection(DruidAbstractDataSource.java:1515) ~[druid-1.1.9.jar:1.1.9]
	at com.alibaba.druid.pool.DruidAbstractDataSource.createPhysicalConnection(DruidAbstractDataSource.java:1578) ~[druid-1.1.9.jar:1.1.9]
	at com.alibaba.druid.pool.DruidDataSource$CreateConnectionThread.run(DruidDataSource.java:2466) ~[druid-1.1.9.jar:1.1.9]
Caused by: java.lang.NumberFormatException: For input string: "{tidb.port}"
	at java.lang.NumberFormatException.forInputString(NumberFormatException.java:65) ~[?:1.8.0_241]
	at java.lang.Integer.parseInt(Integer.java:580) ~[?:1.8.0_241]
	at java.lang.Integer.parseInt(Integer.java:615) ~[?:1.8.0_241]
	at com.mysql.jdbc.NonRegisteringDriver.port(NonRegisteringDriver.java:916) ~[mysql-connector-java-5.1.29.jar:?]
	at com.mysql.jdbc.NonRegisteringDriver.connect(NonRegisteringDriver.java:347) ~[mysql-connector-java-5.1.29.jar:?]
	... 6 more
2023-08-28 15:20:22.499 ERROR Druid-ConnectionPool-Create-1038907896 com.alibaba.druid.pool.DruidDataSource TID:  - create connection SQLException, url: jdbc:mysql://{tidb.host}:{tidb.port}/template?useSSL=false&allowMultiQueries=true, errorCode 0, state 08001
com.mysql.jdbc.exceptions.jdbc4.MySQLNonTransientConnectionException: Cannot load connection class because of underlying exception: 'java.lang.NumberFormatException: For input string: "{tidb.port}"'.
	at sun.reflect.GeneratedConstructorAccessor97.newInstance(Unknown Source) ~[?:?]
	at sun.reflect.DelegatingConstructorAccessorImpl.newInstance(DelegatingConstructorAccessorImpl.java:45) ~[?:1.8.0_241]
	at java.lang.reflect.Constructor.newInstance(Constructor.java:423) ~[?:1.8.0_241]
	at com.mysql.jdbc.Util.handleNewInstance(Util.java:411) ~[mysql-connector-java-5.1.29.jar:?]
	at com.mysql.jdbc.Util.getInstance(Util.java:386) ~[mysql-connector-java-5.1.29.jar:?]
	at com.mysql.jdbc.SQLError.createSQLException(SQLError.java:1015) ~[mysql-connector-java-5.1.29.jar:?]
	at com.mysql.jdbc.SQLError.createSQLException(SQLError.java:989) ~[mysql-connector-java-5.1.29.jar:?]
	at com.mysql.jdbc.SQLError.createSQLException(SQLError.java:975) ~[mysql-connector-java-5.1.29.jar:?]
	at com.mysql.jdbc.SQLError.createSQLException(SQLError.java:920) ~[mysql-connector-java-5.1.29.jar:?]
	at com.mysql.jdbc.NonRegisteringDriver.connect(NonRegisteringDriver.java:356) ~[mysql-connector-java-5.1.29.jar:?]
	at com.alibaba.druid.filter.FilterChainImpl.connection_connect(FilterChainImpl.java:149) ~[druid-1.1.9.jar:1.1.9]
	at com.alibaba.druid.filter.FilterAdapter.connection_connect(FilterAdapter.java:786) ~[druid-1.1.9.jar:1.1.9]
	at com.alibaba.druid.filter.FilterChainImpl.connection_connect(FilterChainImpl.java:143) ~[druid-1.1.9.jar:1.1.9]
	at com.alibaba.druid.pool.DruidAbstractDataSource.createPhysicalConnection(DruidAbstractDataSource.java:1515) ~[druid-1.1.9.jar:1.1.9]
	at com.alibaba.druid.pool.DruidAbstractDataSource.createPhysicalConnection(DruidAbstractDataSource.java:1578) ~[druid-1.1.9.jar:1.1.9]
	at com.alibaba.druid.pool.DruidDataSource$CreateConnectionThread.run(DruidDataSource.java:2466) ~[druid-1.1.9.jar:1.1.9]
Caused by: java.lang.NumberFormatException: For input string: "{tidb.port}"
	at java.lang.NumberFormatException.forInputString(NumberFormatException.java:65) ~[?:1.8.0_241]
	at java.lang.Integer.parseInt(Integer.java:580) ~[?:1.8.0_241]
	at java.lang.Integer.parseInt(Integer.java:615) ~[?:1.8.0_241]
	at com.mysql.jdbc.NonRegisteringDriver.port(NonRegisteringDriver.java:916) ~[mysql-connector-java-5.1.29.jar:?]
	at com.mysql.jdbc.NonRegisteringDriver.connect(NonRegisteringDriver.java:347) ~[mysql-connector-java-5.1.29.jar:?]
	... 6 more
2023-08-28 15:20:23.001 ERROR Druid-ConnectionPool-Create-1038907896 com.alibaba.druid.pool.DruidDataSource TID:  - create connection SQLException, url: jdbc:mysql://{tidb.host}:{tidb.port}/template?useSSL=false&allowMultiQueries=true, errorCode 0, state 08001
com.mysql.jdbc.exceptions.jdbc4.MySQLNonTransientConnectionException: Cannot load connection class because of underlying exception: 'java.lang.NumberFormatException: For input string: "{tidb.port}"'.
	at sun.reflect.GeneratedConstructorAccessor97.newInstance(Unknown Source) ~[?:?]
	at sun.reflect.DelegatingConstructorAccessorImpl.newInstance(DelegatingConstructorAccessorImpl.java:45) ~[?:1.8.0_241]
	at java.lang.reflect.Constructor.newInstance(Constructor.java:423) ~[?:1.8.0_241]
	at com.mysql.jdbc.Util.handleNewInstance(Util.java:411) ~[mysql-connector-java-5.1.29.jar:?]
	at com.mysql.jdbc.Util.getInstance(Util.java:386) ~[mysql-connector-java-5.1.29.jar:?]
	at com.mysql.jdbc.SQLError.createSQLException(SQLError.java:1015) ~[mysql-connector-java-5.1.29.jar:?]
	at com.mysql.jdbc.SQLError.createSQLException(SQLError.java:989) ~[mysql-connector-java-5.1.29.jar:?]
	at com.mysql.jdbc.SQLError.createSQLException(SQLError.java:975) ~[mysql-connector-java-5.1.29.jar:?]
	at com.mysql.jdbc.SQLError.createSQLException(SQLError.java:920) ~[mysql-connector-java-5.1.29.jar:?]
	at com.mysql.jdbc.NonRegisteringDriver.connect(NonRegisteringDriver.java:356) ~[mysql-connector-java-5.1.29.jar:?]
	at com.alibaba.druid.filter.FilterChainImpl.connection_connect(FilterChainImpl.java:149) ~[druid-1.1.9.jar:1.1.9]
	at com.alibaba.druid.filter.FilterAdapter.connection_connect(FilterAdapter.java:786) ~[druid-1.1.9.jar:1.1.9]
	at com.alibaba.druid.filter.FilterChainImpl.connection_connect(FilterChainImpl.java:143) ~[druid-1.1.9.jar:1.1.9]
	at com.alibaba.druid.pool.DruidAbstractDataSource.createPhysicalConnection(DruidAbstractDataSource.java:1515) ~[druid-1.1.9.jar:1.1.9]
	at com.alibaba.druid.pool.DruidAbstractDataSource.createPhysicalConnection(DruidAbstractDataSource.java:1578) ~[druid-1.1.9.jar:1.1.9]
	at com.alibaba.druid.pool.DruidDataSource$CreateConnectionThread.run(DruidDataSource.java:2466) ~[druid-1.1.9.jar:1.1.9]
Caused by: java.lang.NumberFormatException: For input string: "{tidb.port}"
	at java.lang.NumberFormatException.forInputString(NumberFormatException.java:65) ~[?:1.8.0_241]
	at java.lang.Integer.parseInt(Integer.java:580) ~[?:1.8.0_241]
	at java.lang.Integer.parseInt(Integer.java:615) ~[?:1.8.0_241]
	at com.mysql.jdbc.NonRegisteringDriver.port(NonRegisteringDriver.java:916) ~[mysql-connector-java-5.1.29.jar:?]
	at com.mysql.jdbc.NonRegisteringDriver.connect(NonRegisteringDriver.java:347) ~[mysql-connector-java-5.1.29.jar:?]
	... 6 more
2023-08-28 15:20:23.503 ERROR Druid-ConnectionPool-Create-1038907896 com.alibaba.druid.pool.DruidDataSource TID:  - create connection SQLException, url: jdbc:mysql://{tidb.host}:{tidb.port}/template?useSSL=false&allowMultiQueries=true, errorCode 0, state 08001
com.mysql.jdbc.exceptions.jdbc4.MySQLNonTransientConnectionException: Cannot load connection class because of underlying exception: 'java.lang.NumberFormatException: For input string: "{tidb.port}"'.
	at sun.reflect.GeneratedConstructorAccessor97.newInstance(Unknown Source) ~[?:?]
	at sun.reflect.DelegatingConstructorAccessorImpl.newInstance(DelegatingConstructorAccessorImpl.java:45) ~[?:1.8.0_241]
	at java.lang.reflect.Constructor.newInstance(Constructor.java:423) ~[?:1.8.0_241]
	at com.mysql.jdbc.Util.handleNewInstance(Util.java:411) ~[mysql-connector-java-5.1.29.jar:?]
	at com.mysql.jdbc.Util.getInstance(Util.java:386) ~[mysql-connector-java-5.1.29.jar:?]
	at com.mysql.jdbc.SQLError.createSQLException(SQLError.java:1015) ~[mysql-connector-java-5.1.29.jar:?]
	at com.mysql.jdbc.SQLError.createSQLException(SQLError.java:989) ~[mysql-connector-java-5.1.29.jar:?]
	at com.mysql.jdbc.SQLError.createSQLException(SQLError.java:975) ~[mysql-connector-java-5.1.29.jar:?]
	at com.mysql.jdbc.SQLError.createSQLException(SQLError.java:920) ~[mysql-connector-java-5.1.29.jar:?]
	at com.mysql.jdbc.NonRegisteringDriver.connect(NonRegisteringDriver.java:356) ~[mysql-connector-java-5.1.29.jar:?]
	at com.alibaba.druid.filter.FilterChainImpl.connection_connect(FilterChainImpl.java:149) ~[druid-1.1.9.jar:1.1.9]
	at com.alibaba.druid.filter.FilterAdapter.connection_connect(FilterAdapter.java:786) ~[druid-1.1.9.jar:1.1.9]
	at com.alibaba.druid.filter.FilterChainImpl.connection_connect(FilterChainImpl.java:143) ~[druid-1.1.9.jar:1.1.9]
	at com.alibaba.druid.pool.DruidAbstractDataSource.createPhysicalConnection(DruidAbstractDataSource.java:1515) ~[druid-1.1.9.jar:1.1.9]
	at com.alibaba.druid.pool.DruidAbstractDataSource.createPhysicalConnection(DruidAbstractDataSource.java:1578) ~[druid-1.1.9.jar:1.1.9]
	at com.alibaba.druid.pool.DruidDataSource$CreateConnectionThread.run(DruidDataSource.java:2466) ~[druid-1.1.9.jar:1.1.9]
Caused by: java.lang.NumberFormatException: For input string: "{tidb.port}"
	at java.lang.NumberFormatException.forInputString(NumberFormatException.java:65) ~[?:1.8.0_241]
	at java.lang.Integer.parseInt(Integer.java:580) ~[?:1.8.0_241]
	at java.lang.Integer.parseInt(Integer.java:615) ~[?:1.8.0_241]
	at com.mysql.jdbc.NonRegisteringDriver.port(NonRegisteringDriver.java:916) ~[mysql-connector-java-5.1.29.jar:?]
	at com.mysql.jdbc.NonRegisteringDriver.connect(NonRegisteringDriver.java:347) ~[mysql-connector-java-5.1.29.jar:?]
	... 6 more
2023-08-28 15:20:23.874 WARN  Thread-5 com.alibaba.nacos.common.http.HttpClientBeanHolder TID:  - [HttpClientBeanHolder] Start destroying common HttpClient
2023-08-28 15:20:23.876 WARN  Thread-5 com.alibaba.nacos.common.http.HttpClientBeanHolder TID:  - [HttpClientBeanHolder] Destruction of the end
2023-08-28 15:21:44.897 WARN  main com.alibaba.cloud.nacos.client.NacosPropertySourceBuilder TID:  - Ignore the empty nacos configuration and get it based on dataId[template-dev.yaml] & group[dev]
2023-08-28 15:21:44.906 WARN  main com.alibaba.cloud.nacos.client.NacosPropertySourceBuilder TID:  - Ignore the empty nacos configuration and get it based on dataId[template] & group[DEFAULT_GROUP]
2023-08-28 15:21:44.912 WARN  main com.alibaba.cloud.nacos.client.NacosPropertySourceBuilder TID:  - Ignore the empty nacos configuration and get it based on dataId[template.yaml] & group[DEFAULT_GROUP]
2023-08-28 15:21:46.544 WARN  main org.springframework.boot.actuate.endpoint.EndpointId - Endpoint ID 'service-registry' contains invalid characters, please migrate to a valid format.
2023-08-28 15:21:49.719 WARN  main com.netflix.config.sources.URLConfigurationSource TID:  - No URLs will be polled as dynamic configuration sources.
2023-08-28 15:21:49.733 WARN  main com.netflix.config.sources.URLConfigurationSource TID:  - No URLs will be polled as dynamic configuration sources.
2023-08-28 15:21:53.646 WARN  main org.springframework.cloud.loadbalancer.config.BlockingLoadBalancerClientAutoConfiguration$BlockingLoadBalancerClientRibbonWarnLogger - You already have RibbonLoadBalancerClient on your classpath. It will be used by default. As Spring Cloud Ribbon is in maintenance mode. We recommend switching to BlockingLoadBalancerClient instead. In order to use it, set the value of `spring.cloud.loadbalancer.ribbon.enabled` to `false` or remove spring-cloud-starter-netflix-ribbon from your project.
2023-08-28 15:21:57.217 ERROR Druid-ConnectionPool-Create-884858691 com.alibaba.druid.pool.DruidDataSource TID:  - create connection SQLException, url: jdbc:mysql://{tidb.host}:{tidb.port}/template?useSSL=false&allowMultiQueries=true, errorCode 0, state 08001
com.mysql.jdbc.exceptions.jdbc4.MySQLNonTransientConnectionException: Cannot load connection class because of underlying exception: 'java.lang.NumberFormatException: For input string: "{tidb.port}"'.
	at sun.reflect.NativeConstructorAccessorImpl.newInstance0(Native Method) ~[?:1.8.0_241]
	at sun.reflect.NativeConstructorAccessorImpl.newInstance(NativeConstructorAccessorImpl.java:62) ~[?:1.8.0_241]
	at sun.reflect.DelegatingConstructorAccessorImpl.newInstance(DelegatingConstructorAccessorImpl.java:45) ~[?:1.8.0_241]
	at java.lang.reflect.Constructor.newInstance(Constructor.java:423) ~[?:1.8.0_241]
	at com.mysql.jdbc.Util.handleNewInstance(Util.java:411) ~[mysql-connector-java-5.1.29.jar:?]
	at com.mysql.jdbc.Util.getInstance(Util.java:386) ~[mysql-connector-java-5.1.29.jar:?]
	at com.mysql.jdbc.SQLError.createSQLException(SQLError.java:1015) ~[mysql-connector-java-5.1.29.jar:?]
	at com.mysql.jdbc.SQLError.createSQLException(SQLError.java:989) ~[mysql-connector-java-5.1.29.jar:?]
	at com.mysql.jdbc.SQLError.createSQLException(SQLError.java:975) ~[mysql-connector-java-5.1.29.jar:?]
	at com.mysql.jdbc.SQLError.createSQLException(SQLError.java:920) ~[mysql-connector-java-5.1.29.jar:?]
	at com.mysql.jdbc.NonRegisteringDriver.connect(NonRegisteringDriver.java:356) ~[mysql-connector-java-5.1.29.jar:?]
	at com.alibaba.druid.filter.FilterChainImpl.connection_connect(FilterChainImpl.java:149) ~[druid-1.1.9.jar:1.1.9]
	at com.alibaba.druid.filter.FilterAdapter.connection_connect(FilterAdapter.java:786) ~[druid-1.1.9.jar:1.1.9]
	at com.alibaba.druid.filter.FilterChainImpl.connection_connect(FilterChainImpl.java:143) ~[druid-1.1.9.jar:1.1.9]
	at com.alibaba.druid.pool.DruidAbstractDataSource.createPhysicalConnection(DruidAbstractDataSource.java:1515) ~[druid-1.1.9.jar:1.1.9]
	at com.alibaba.druid.pool.DruidAbstractDataSource.createPhysicalConnection(DruidAbstractDataSource.java:1578) ~[druid-1.1.9.jar:1.1.9]
	at com.alibaba.druid.pool.DruidDataSource$CreateConnectionThread.run(DruidDataSource.java:2466) ~[druid-1.1.9.jar:1.1.9]
Caused by: java.lang.NumberFormatException: For input string: "{tidb.port}"
	at java.lang.NumberFormatException.forInputString(NumberFormatException.java:65) ~[?:1.8.0_241]
	at java.lang.Integer.parseInt(Integer.java:580) ~[?:1.8.0_241]
	at java.lang.Integer.parseInt(Integer.java:615) ~[?:1.8.0_241]
	at com.mysql.jdbc.NonRegisteringDriver.port(NonRegisteringDriver.java:916) ~[mysql-connector-java-5.1.29.jar:?]
	at com.mysql.jdbc.NonRegisteringDriver.connect(NonRegisteringDriver.java:347) ~[mysql-connector-java-5.1.29.jar:?]
	... 6 more
2023-08-28 15:21:57.217 ERROR Druid-ConnectionPool-Create-884858691 com.alibaba.druid.pool.DruidDataSource TID:  - create connection SQLException, url: jdbc:mysql://{tidb.host}:{tidb.port}/template?useSSL=false&allowMultiQueries=true, errorCode 0, state 08001
com.mysql.jdbc.exceptions.jdbc4.MySQLNonTransientConnectionException: Cannot load connection class because of underlying exception: 'java.lang.NumberFormatException: For input string: "{tidb.port}"'.
	at sun.reflect.NativeConstructorAccessorImpl.newInstance0(Native Method) ~[?:1.8.0_241]
	at sun.reflect.NativeConstructorAccessorImpl.newInstance(NativeConstructorAccessorImpl.java:62) ~[?:1.8.0_241]
	at sun.reflect.DelegatingConstructorAccessorImpl.newInstance(DelegatingConstructorAccessorImpl.java:45) ~[?:1.8.0_241]
	at java.lang.reflect.Constructor.newInstance(Constructor.java:423) ~[?:1.8.0_241]
	at com.mysql.jdbc.Util.handleNewInstance(Util.java:411) ~[mysql-connector-java-5.1.29.jar:?]
	at com.mysql.jdbc.Util.getInstance(Util.java:386) ~[mysql-connector-java-5.1.29.jar:?]
	at com.mysql.jdbc.SQLError.createSQLException(SQLError.java:1015) ~[mysql-connector-java-5.1.29.jar:?]
	at com.mysql.jdbc.SQLError.createSQLException(SQLError.java:989) ~[mysql-connector-java-5.1.29.jar:?]
	at com.mysql.jdbc.SQLError.createSQLException(SQLError.java:975) ~[mysql-connector-java-5.1.29.jar:?]
	at com.mysql.jdbc.SQLError.createSQLException(SQLError.java:920) ~[mysql-connector-java-5.1.29.jar:?]
	at com.mysql.jdbc.NonRegisteringDriver.connect(NonRegisteringDriver.java:356) ~[mysql-connector-java-5.1.29.jar:?]
	at com.alibaba.druid.filter.FilterChainImpl.connection_connect(FilterChainImpl.java:149) ~[druid-1.1.9.jar:1.1.9]
	at com.alibaba.druid.filter.FilterAdapter.connection_connect(FilterAdapter.java:786) ~[druid-1.1.9.jar:1.1.9]
	at com.alibaba.druid.filter.FilterChainImpl.connection_connect(FilterChainImpl.java:143) ~[druid-1.1.9.jar:1.1.9]
	at com.alibaba.druid.pool.DruidAbstractDataSource.createPhysicalConnection(DruidAbstractDataSource.java:1515) ~[druid-1.1.9.jar:1.1.9]
	at com.alibaba.druid.pool.DruidAbstractDataSource.createPhysicalConnection(DruidAbstractDataSource.java:1578) ~[druid-1.1.9.jar:1.1.9]
	at com.alibaba.druid.pool.DruidDataSource$CreateConnectionThread.run(DruidDataSource.java:2466) ~[druid-1.1.9.jar:1.1.9]
Caused by: java.lang.NumberFormatException: For input string: "{tidb.port}"
	at java.lang.NumberFormatException.forInputString(NumberFormatException.java:65) ~[?:1.8.0_241]
	at java.lang.Integer.parseInt(Integer.java:580) ~[?:1.8.0_241]
	at java.lang.Integer.parseInt(Integer.java:615) ~[?:1.8.0_241]
	at com.mysql.jdbc.NonRegisteringDriver.port(NonRegisteringDriver.java:916) ~[mysql-connector-java-5.1.29.jar:?]
	at com.mysql.jdbc.NonRegisteringDriver.connect(NonRegisteringDriver.java:347) ~[mysql-connector-java-5.1.29.jar:?]
	... 6 more
2023-08-28 15:21:57.722 ERROR Druid-ConnectionPool-Create-884858691 com.alibaba.druid.pool.DruidDataSource TID:  - create connection SQLException, url: jdbc:mysql://{tidb.host}:{tidb.port}/template?useSSL=false&allowMultiQueries=true, errorCode 0, state 08001
com.mysql.jdbc.exceptions.jdbc4.MySQLNonTransientConnectionException: Cannot load connection class because of underlying exception: 'java.lang.NumberFormatException: For input string: "{tidb.port}"'.
	at sun.reflect.NativeConstructorAccessorImpl.newInstance0(Native Method) ~[?:1.8.0_241]
	at sun.reflect.NativeConstructorAccessorImpl.newInstance(NativeConstructorAccessorImpl.java:62) ~[?:1.8.0_241]
	at sun.reflect.DelegatingConstructorAccessorImpl.newInstance(DelegatingConstructorAccessorImpl.java:45) ~[?:1.8.0_241]
	at java.lang.reflect.Constructor.newInstance(Constructor.java:423) ~[?:1.8.0_241]
	at com.mysql.jdbc.Util.handleNewInstance(Util.java:411) ~[mysql-connector-java-5.1.29.jar:?]
	at com.mysql.jdbc.Util.getInstance(Util.java:386) ~[mysql-connector-java-5.1.29.jar:?]
	at com.mysql.jdbc.SQLError.createSQLException(SQLError.java:1015) ~[mysql-connector-java-5.1.29.jar:?]
	at com.mysql.jdbc.SQLError.createSQLException(SQLError.java:989) ~[mysql-connector-java-5.1.29.jar:?]
	at com.mysql.jdbc.SQLError.createSQLException(SQLError.java:975) ~[mysql-connector-java-5.1.29.jar:?]
	at com.mysql.jdbc.SQLError.createSQLException(SQLError.java:920) ~[mysql-connector-java-5.1.29.jar:?]
	at com.mysql.jdbc.NonRegisteringDriver.connect(NonRegisteringDriver.java:356) ~[mysql-connector-java-5.1.29.jar:?]
	at com.alibaba.druid.filter.FilterChainImpl.connection_connect(FilterChainImpl.java:149) ~[druid-1.1.9.jar:1.1.9]
	at com.alibaba.druid.filter.FilterAdapter.connection_connect(FilterAdapter.java:786) ~[druid-1.1.9.jar:1.1.9]
	at com.alibaba.druid.filter.FilterChainImpl.connection_connect(FilterChainImpl.java:143) ~[druid-1.1.9.jar:1.1.9]
	at com.alibaba.druid.pool.DruidAbstractDataSource.createPhysicalConnection(DruidAbstractDataSource.java:1515) ~[druid-1.1.9.jar:1.1.9]
	at com.alibaba.druid.pool.DruidAbstractDataSource.createPhysicalConnection(DruidAbstractDataSource.java:1578) ~[druid-1.1.9.jar:1.1.9]
	at com.alibaba.druid.pool.DruidDataSource$CreateConnectionThread.run(DruidDataSource.java:2466) ~[druid-1.1.9.jar:1.1.9]
Caused by: java.lang.NumberFormatException: For input string: "{tidb.port}"
	at java.lang.NumberFormatException.forInputString(NumberFormatException.java:65) ~[?:1.8.0_241]
	at java.lang.Integer.parseInt(Integer.java:580) ~[?:1.8.0_241]
	at java.lang.Integer.parseInt(Integer.java:615) ~[?:1.8.0_241]
	at com.mysql.jdbc.NonRegisteringDriver.port(NonRegisteringDriver.java:916) ~[mysql-connector-java-5.1.29.jar:?]
	at com.mysql.jdbc.NonRegisteringDriver.connect(NonRegisteringDriver.java:347) ~[mysql-connector-java-5.1.29.jar:?]
	... 6 more
2023-08-28 15:21:58.226 ERROR Druid-ConnectionPool-Create-884858691 com.alibaba.druid.pool.DruidDataSource TID:  - create connection SQLException, url: jdbc:mysql://{tidb.host}:{tidb.port}/template?useSSL=false&allowMultiQueries=true, errorCode 0, state 08001
com.mysql.jdbc.exceptions.jdbc4.MySQLNonTransientConnectionException: Cannot load connection class because of underlying exception: 'java.lang.NumberFormatException: For input string: "{tidb.port}"'.
	at sun.reflect.NativeConstructorAccessorImpl.newInstance0(Native Method) ~[?:1.8.0_241]
	at sun.reflect.NativeConstructorAccessorImpl.newInstance(NativeConstructorAccessorImpl.java:62) ~[?:1.8.0_241]
	at sun.reflect.DelegatingConstructorAccessorImpl.newInstance(DelegatingConstructorAccessorImpl.java:45) ~[?:1.8.0_241]
	at java.lang.reflect.Constructor.newInstance(Constructor.java:423) ~[?:1.8.0_241]
	at com.mysql.jdbc.Util.handleNewInstance(Util.java:411) ~[mysql-connector-java-5.1.29.jar:?]
	at com.mysql.jdbc.Util.getInstance(Util.java:386) ~[mysql-connector-java-5.1.29.jar:?]
	at com.mysql.jdbc.SQLError.createSQLException(SQLError.java:1015) ~[mysql-connector-java-5.1.29.jar:?]
	at com.mysql.jdbc.SQLError.createSQLException(SQLError.java:989) ~[mysql-connector-java-5.1.29.jar:?]
	at com.mysql.jdbc.SQLError.createSQLException(SQLError.java:975) ~[mysql-connector-java-5.1.29.jar:?]
	at com.mysql.jdbc.SQLError.createSQLException(SQLError.java:920) ~[mysql-connector-java-5.1.29.jar:?]
	at com.mysql.jdbc.NonRegisteringDriver.connect(NonRegisteringDriver.java:356) ~[mysql-connector-java-5.1.29.jar:?]
	at com.alibaba.druid.filter.FilterChainImpl.connection_connect(FilterChainImpl.java:149) ~[druid-1.1.9.jar:1.1.9]
	at com.alibaba.druid.filter.FilterAdapter.connection_connect(FilterAdapter.java:786) ~[druid-1.1.9.jar:1.1.9]
	at com.alibaba.druid.filter.FilterChainImpl.connection_connect(FilterChainImpl.java:143) ~[druid-1.1.9.jar:1.1.9]
	at com.alibaba.druid.pool.DruidAbstractDataSource.createPhysicalConnection(DruidAbstractDataSource.java:1515) ~[druid-1.1.9.jar:1.1.9]
	at com.alibaba.druid.pool.DruidAbstractDataSource.createPhysicalConnection(DruidAbstractDataSource.java:1578) ~[druid-1.1.9.jar:1.1.9]
	at com.alibaba.druid.pool.DruidDataSource$CreateConnectionThread.run(DruidDataSource.java:2466) ~[druid-1.1.9.jar:1.1.9]
Caused by: java.lang.NumberFormatException: For input string: "{tidb.port}"
	at java.lang.NumberFormatException.forInputString(NumberFormatException.java:65) ~[?:1.8.0_241]
	at java.lang.Integer.parseInt(Integer.java:580) ~[?:1.8.0_241]
	at java.lang.Integer.parseInt(Integer.java:615) ~[?:1.8.0_241]
	at com.mysql.jdbc.NonRegisteringDriver.port(NonRegisteringDriver.java:916) ~[mysql-connector-java-5.1.29.jar:?]
	at com.mysql.jdbc.NonRegisteringDriver.connect(NonRegisteringDriver.java:347) ~[mysql-connector-java-5.1.29.jar:?]
	... 6 more
2023-08-28 15:21:58.729 ERROR Druid-ConnectionPool-Create-884858691 com.alibaba.druid.pool.DruidDataSource TID:  - create connection SQLException, url: jdbc:mysql://{tidb.host}:{tidb.port}/template?useSSL=false&allowMultiQueries=true, errorCode 0, state 08001
com.mysql.jdbc.exceptions.jdbc4.MySQLNonTransientConnectionException: Cannot load connection class because of underlying exception: 'java.lang.NumberFormatException: For input string: "{tidb.port}"'.
	at sun.reflect.NativeConstructorAccessorImpl.newInstance0(Native Method) ~[?:1.8.0_241]
	at sun.reflect.NativeConstructorAccessorImpl.newInstance(NativeConstructorAccessorImpl.java:62) ~[?:1.8.0_241]
	at sun.reflect.DelegatingConstructorAccessorImpl.newInstance(DelegatingConstructorAccessorImpl.java:45) ~[?:1.8.0_241]
	at java.lang.reflect.Constructor.newInstance(Constructor.java:423) ~[?:1.8.0_241]
	at com.mysql.jdbc.Util.handleNewInstance(Util.java:411) ~[mysql-connector-java-5.1.29.jar:?]
	at com.mysql.jdbc.Util.getInstance(Util.java:386) ~[mysql-connector-java-5.1.29.jar:?]
	at com.mysql.jdbc.SQLError.createSQLException(SQLError.java:1015) ~[mysql-connector-java-5.1.29.jar:?]
	at com.mysql.jdbc.SQLError.createSQLException(SQLError.java:989) ~[mysql-connector-java-5.1.29.jar:?]
	at com.mysql.jdbc.SQLError.createSQLException(SQLError.java:975) ~[mysql-connector-java-5.1.29.jar:?]
	at com.mysql.jdbc.SQLError.createSQLException(SQLError.java:920) ~[mysql-connector-java-5.1.29.jar:?]
	at com.mysql.jdbc.NonRegisteringDriver.connect(NonRegisteringDriver.java:356) ~[mysql-connector-java-5.1.29.jar:?]
	at com.alibaba.druid.filter.FilterChainImpl.connection_connect(FilterChainImpl.java:149) ~[druid-1.1.9.jar:1.1.9]
	at com.alibaba.druid.filter.FilterAdapter.connection_connect(FilterAdapter.java:786) ~[druid-1.1.9.jar:1.1.9]
	at com.alibaba.druid.filter.FilterChainImpl.connection_connect(FilterChainImpl.java:143) ~[druid-1.1.9.jar:1.1.9]
	at com.alibaba.druid.pool.DruidAbstractDataSource.createPhysicalConnection(DruidAbstractDataSource.java:1515) ~[druid-1.1.9.jar:1.1.9]
	at com.alibaba.druid.pool.DruidAbstractDataSource.createPhysicalConnection(DruidAbstractDataSource.java:1578) ~[druid-1.1.9.jar:1.1.9]
	at com.alibaba.druid.pool.DruidDataSource$CreateConnectionThread.run(DruidDataSource.java:2466) ~[druid-1.1.9.jar:1.1.9]
Caused by: java.lang.NumberFormatException: For input string: "{tidb.port}"
	at java.lang.NumberFormatException.forInputString(NumberFormatException.java:65) ~[?:1.8.0_241]
	at java.lang.Integer.parseInt(Integer.java:580) ~[?:1.8.0_241]
	at java.lang.Integer.parseInt(Integer.java:615) ~[?:1.8.0_241]
	at com.mysql.jdbc.NonRegisteringDriver.port(NonRegisteringDriver.java:916) ~[mysql-connector-java-5.1.29.jar:?]
	at com.mysql.jdbc.NonRegisteringDriver.connect(NonRegisteringDriver.java:347) ~[mysql-connector-java-5.1.29.jar:?]
	... 6 more
2023-08-28 15:21:59.231 ERROR Druid-ConnectionPool-Create-884858691 com.alibaba.druid.pool.DruidDataSource TID:  - create connection SQLException, url: jdbc:mysql://{tidb.host}:{tidb.port}/template?useSSL=false&allowMultiQueries=true, errorCode 0, state 08001
com.mysql.jdbc.exceptions.jdbc4.MySQLNonTransientConnectionException: Cannot load connection class because of underlying exception: 'java.lang.NumberFormatException: For input string: "{tidb.port}"'.
	at sun.reflect.NativeConstructorAccessorImpl.newInstance0(Native Method) ~[?:1.8.0_241]
	at sun.reflect.NativeConstructorAccessorImpl.newInstance(NativeConstructorAccessorImpl.java:62) ~[?:1.8.0_241]
	at sun.reflect.DelegatingConstructorAccessorImpl.newInstance(DelegatingConstructorAccessorImpl.java:45) ~[?:1.8.0_241]
	at java.lang.reflect.Constructor.newInstance(Constructor.java:423) ~[?:1.8.0_241]
	at com.mysql.jdbc.Util.handleNewInstance(Util.java:411) ~[mysql-connector-java-5.1.29.jar:?]
	at com.mysql.jdbc.Util.getInstance(Util.java:386) ~[mysql-connector-java-5.1.29.jar:?]
	at com.mysql.jdbc.SQLError.createSQLException(SQLError.java:1015) ~[mysql-connector-java-5.1.29.jar:?]
	at com.mysql.jdbc.SQLError.createSQLException(SQLError.java:989) ~[mysql-connector-java-5.1.29.jar:?]
	at com.mysql.jdbc.SQLError.createSQLException(SQLError.java:975) ~[mysql-connector-java-5.1.29.jar:?]
	at com.mysql.jdbc.SQLError.createSQLException(SQLError.java:920) ~[mysql-connector-java-5.1.29.jar:?]
	at com.mysql.jdbc.NonRegisteringDriver.connect(NonRegisteringDriver.java:356) ~[mysql-connector-java-5.1.29.jar:?]
	at com.alibaba.druid.filter.FilterChainImpl.connection_connect(FilterChainImpl.java:149) ~[druid-1.1.9.jar:1.1.9]
	at com.alibaba.druid.filter.FilterAdapter.connection_connect(FilterAdapter.java:786) ~[druid-1.1.9.jar:1.1.9]
	at com.alibaba.druid.filter.FilterChainImpl.connection_connect(FilterChainImpl.java:143) ~[druid-1.1.9.jar:1.1.9]
	at com.alibaba.druid.pool.DruidAbstractDataSource.createPhysicalConnection(DruidAbstractDataSource.java:1515) ~[druid-1.1.9.jar:1.1.9]
	at com.alibaba.druid.pool.DruidAbstractDataSource.createPhysicalConnection(DruidAbstractDataSource.java:1578) ~[druid-1.1.9.jar:1.1.9]
	at com.alibaba.druid.pool.DruidDataSource$CreateConnectionThread.run(DruidDataSource.java:2466) ~[druid-1.1.9.jar:1.1.9]
Caused by: java.lang.NumberFormatException: For input string: "{tidb.port}"
	at java.lang.NumberFormatException.forInputString(NumberFormatException.java:65) ~[?:1.8.0_241]
	at java.lang.Integer.parseInt(Integer.java:580) ~[?:1.8.0_241]
	at java.lang.Integer.parseInt(Integer.java:615) ~[?:1.8.0_241]
	at com.mysql.jdbc.NonRegisteringDriver.port(NonRegisteringDriver.java:916) ~[mysql-connector-java-5.1.29.jar:?]
	at com.mysql.jdbc.NonRegisteringDriver.connect(NonRegisteringDriver.java:347) ~[mysql-connector-java-5.1.29.jar:?]
	... 6 more
2023-08-28 15:21:59.734 ERROR Druid-ConnectionPool-Create-884858691 com.alibaba.druid.pool.DruidDataSource TID:  - create connection SQLException, url: jdbc:mysql://{tidb.host}:{tidb.port}/template?useSSL=false&allowMultiQueries=true, errorCode 0, state 08001
com.mysql.jdbc.exceptions.jdbc4.MySQLNonTransientConnectionException: Cannot load connection class because of underlying exception: 'java.lang.NumberFormatException: For input string: "{tidb.port}"'.
	at sun.reflect.NativeConstructorAccessorImpl.newInstance0(Native Method) ~[?:1.8.0_241]
	at sun.reflect.NativeConstructorAccessorImpl.newInstance(NativeConstructorAccessorImpl.java:62) ~[?:1.8.0_241]
	at sun.reflect.DelegatingConstructorAccessorImpl.newInstance(DelegatingConstructorAccessorImpl.java:45) ~[?:1.8.0_241]
	at java.lang.reflect.Constructor.newInstance(Constructor.java:423) ~[?:1.8.0_241]
	at com.mysql.jdbc.Util.handleNewInstance(Util.java:411) ~[mysql-connector-java-5.1.29.jar:?]
	at com.mysql.jdbc.Util.getInstance(Util.java:386) ~[mysql-connector-java-5.1.29.jar:?]
	at com.mysql.jdbc.SQLError.createSQLException(SQLError.java:1015) ~[mysql-connector-java-5.1.29.jar:?]
	at com.mysql.jdbc.SQLError.createSQLException(SQLError.java:989) ~[mysql-connector-java-5.1.29.jar:?]
	at com.mysql.jdbc.SQLError.createSQLException(SQLError.java:975) ~[mysql-connector-java-5.1.29.jar:?]
	at com.mysql.jdbc.SQLError.createSQLException(SQLError.java:920) ~[mysql-connector-java-5.1.29.jar:?]
	at com.mysql.jdbc.NonRegisteringDriver.connect(NonRegisteringDriver.java:356) ~[mysql-connector-java-5.1.29.jar:?]
	at com.alibaba.druid.filter.FilterChainImpl.connection_connect(FilterChainImpl.java:149) ~[druid-1.1.9.jar:1.1.9]
	at com.alibaba.druid.filter.FilterAdapter.connection_connect(FilterAdapter.java:786) ~[druid-1.1.9.jar:1.1.9]
	at com.alibaba.druid.filter.FilterChainImpl.connection_connect(FilterChainImpl.java:143) ~[druid-1.1.9.jar:1.1.9]
	at com.alibaba.druid.pool.DruidAbstractDataSource.createPhysicalConnection(DruidAbstractDataSource.java:1515) ~[druid-1.1.9.jar:1.1.9]
	at com.alibaba.druid.pool.DruidAbstractDataSource.createPhysicalConnection(DruidAbstractDataSource.java:1578) ~[druid-1.1.9.jar:1.1.9]
	at com.alibaba.druid.pool.DruidDataSource$CreateConnectionThread.run(DruidDataSource.java:2466) ~[druid-1.1.9.jar:1.1.9]
Caused by: java.lang.NumberFormatException: For input string: "{tidb.port}"
	at java.lang.NumberFormatException.forInputString(NumberFormatException.java:65) ~[?:1.8.0_241]
	at java.lang.Integer.parseInt(Integer.java:580) ~[?:1.8.0_241]
	at java.lang.Integer.parseInt(Integer.java:615) ~[?:1.8.0_241]
	at com.mysql.jdbc.NonRegisteringDriver.port(NonRegisteringDriver.java:916) ~[mysql-connector-java-5.1.29.jar:?]
	at com.mysql.jdbc.NonRegisteringDriver.connect(NonRegisteringDriver.java:347) ~[mysql-connector-java-5.1.29.jar:?]
	... 6 more
2023-08-28 15:22:00.238 ERROR Druid-ConnectionPool-Create-884858691 com.alibaba.druid.pool.DruidDataSource TID:  - create connection SQLException, url: jdbc:mysql://{tidb.host}:{tidb.port}/template?useSSL=false&allowMultiQueries=true, errorCode 0, state 08001
com.mysql.jdbc.exceptions.jdbc4.MySQLNonTransientConnectionException: Cannot load connection class because of underlying exception: 'java.lang.NumberFormatException: For input string: "{tidb.port}"'.
	at sun.reflect.NativeConstructorAccessorImpl.newInstance0(Native Method) ~[?:1.8.0_241]
	at sun.reflect.NativeConstructorAccessorImpl.newInstance(NativeConstructorAccessorImpl.java:62) ~[?:1.8.0_241]
	at sun.reflect.DelegatingConstructorAccessorImpl.newInstance(DelegatingConstructorAccessorImpl.java:45) ~[?:1.8.0_241]
	at java.lang.reflect.Constructor.newInstance(Constructor.java:423) ~[?:1.8.0_241]
	at com.mysql.jdbc.Util.handleNewInstance(Util.java:411) ~[mysql-connector-java-5.1.29.jar:?]
	at com.mysql.jdbc.Util.getInstance(Util.java:386) ~[mysql-connector-java-5.1.29.jar:?]
	at com.mysql.jdbc.SQLError.createSQLException(SQLError.java:1015) ~[mysql-connector-java-5.1.29.jar:?]
	at com.mysql.jdbc.SQLError.createSQLException(SQLError.java:989) ~[mysql-connector-java-5.1.29.jar:?]
	at com.mysql.jdbc.SQLError.createSQLException(SQLError.java:975) ~[mysql-connector-java-5.1.29.jar:?]
	at com.mysql.jdbc.SQLError.createSQLException(SQLError.java:920) ~[mysql-connector-java-5.1.29.jar:?]
	at com.mysql.jdbc.NonRegisteringDriver.connect(NonRegisteringDriver.java:356) ~[mysql-connector-java-5.1.29.jar:?]
	at com.alibaba.druid.filter.FilterChainImpl.connection_connect(FilterChainImpl.java:149) ~[druid-1.1.9.jar:1.1.9]
	at com.alibaba.druid.filter.FilterAdapter.connection_connect(FilterAdapter.java:786) ~[druid-1.1.9.jar:1.1.9]
	at com.alibaba.druid.filter.FilterChainImpl.connection_connect(FilterChainImpl.java:143) ~[druid-1.1.9.jar:1.1.9]
	at com.alibaba.druid.pool.DruidAbstractDataSource.createPhysicalConnection(DruidAbstractDataSource.java:1515) ~[druid-1.1.9.jar:1.1.9]
	at com.alibaba.druid.pool.DruidAbstractDataSource.createPhysicalConnection(DruidAbstractDataSource.java:1578) ~[druid-1.1.9.jar:1.1.9]
	at com.alibaba.druid.pool.DruidDataSource$CreateConnectionThread.run(DruidDataSource.java:2466) ~[druid-1.1.9.jar:1.1.9]
Caused by: java.lang.NumberFormatException: For input string: "{tidb.port}"
	at java.lang.NumberFormatException.forInputString(NumberFormatException.java:65) ~[?:1.8.0_241]
	at java.lang.Integer.parseInt(Integer.java:580) ~[?:1.8.0_241]
	at java.lang.Integer.parseInt(Integer.java:615) ~[?:1.8.0_241]
	at com.mysql.jdbc.NonRegisteringDriver.port(NonRegisteringDriver.java:916) ~[mysql-connector-java-5.1.29.jar:?]
	at com.mysql.jdbc.NonRegisteringDriver.connect(NonRegisteringDriver.java:347) ~[mysql-connector-java-5.1.29.jar:?]
	... 6 more
2023-08-28 15:22:00.741 ERROR Druid-ConnectionPool-Create-884858691 com.alibaba.druid.pool.DruidDataSource TID:  - create connection SQLException, url: jdbc:mysql://{tidb.host}:{tidb.port}/template?useSSL=false&allowMultiQueries=true, errorCode 0, state 08001
com.mysql.jdbc.exceptions.jdbc4.MySQLNonTransientConnectionException: Cannot load connection class because of underlying exception: 'java.lang.NumberFormatException: For input string: "{tidb.port}"'.
	at sun.reflect.NativeConstructorAccessorImpl.newInstance0(Native Method) ~[?:1.8.0_241]
	at sun.reflect.NativeConstructorAccessorImpl.newInstance(NativeConstructorAccessorImpl.java:62) ~[?:1.8.0_241]
	at sun.reflect.DelegatingConstructorAccessorImpl.newInstance(DelegatingConstructorAccessorImpl.java:45) ~[?:1.8.0_241]
	at java.lang.reflect.Constructor.newInstance(Constructor.java:423) ~[?:1.8.0_241]
	at com.mysql.jdbc.Util.handleNewInstance(Util.java:411) ~[mysql-connector-java-5.1.29.jar:?]
	at com.mysql.jdbc.Util.getInstance(Util.java:386) ~[mysql-connector-java-5.1.29.jar:?]
	at com.mysql.jdbc.SQLError.createSQLException(SQLError.java:1015) ~[mysql-connector-java-5.1.29.jar:?]
	at com.mysql.jdbc.SQLError.createSQLException(SQLError.java:989) ~[mysql-connector-java-5.1.29.jar:?]
	at com.mysql.jdbc.SQLError.createSQLException(SQLError.java:975) ~[mysql-connector-java-5.1.29.jar:?]
	at com.mysql.jdbc.SQLError.createSQLException(SQLError.java:920) ~[mysql-connector-java-5.1.29.jar:?]
	at com.mysql.jdbc.NonRegisteringDriver.connect(NonRegisteringDriver.java:356) ~[mysql-connector-java-5.1.29.jar:?]
	at com.alibaba.druid.filter.FilterChainImpl.connection_connect(FilterChainImpl.java:149) ~[druid-1.1.9.jar:1.1.9]
	at com.alibaba.druid.filter.FilterAdapter.connection_connect(FilterAdapter.java:786) ~[druid-1.1.9.jar:1.1.9]
	at com.alibaba.druid.filter.FilterChainImpl.connection_connect(FilterChainImpl.java:143) ~[druid-1.1.9.jar:1.1.9]
	at com.alibaba.druid.pool.DruidAbstractDataSource.createPhysicalConnection(DruidAbstractDataSource.java:1515) ~[druid-1.1.9.jar:1.1.9]
	at com.alibaba.druid.pool.DruidAbstractDataSource.createPhysicalConnection(DruidAbstractDataSource.java:1578) ~[druid-1.1.9.jar:1.1.9]
	at com.alibaba.druid.pool.DruidDataSource$CreateConnectionThread.run(DruidDataSource.java:2466) ~[druid-1.1.9.jar:1.1.9]
Caused by: java.lang.NumberFormatException: For input string: "{tidb.port}"
	at java.lang.NumberFormatException.forInputString(NumberFormatException.java:65) ~[?:1.8.0_241]
	at java.lang.Integer.parseInt(Integer.java:580) ~[?:1.8.0_241]
	at java.lang.Integer.parseInt(Integer.java:615) ~[?:1.8.0_241]
	at com.mysql.jdbc.NonRegisteringDriver.port(NonRegisteringDriver.java:916) ~[mysql-connector-java-5.1.29.jar:?]
	at com.mysql.jdbc.NonRegisteringDriver.connect(NonRegisteringDriver.java:347) ~[mysql-connector-java-5.1.29.jar:?]
	... 6 more
2023-08-28 15:22:01.245 ERROR Druid-ConnectionPool-Create-884858691 com.alibaba.druid.pool.DruidDataSource TID:  - create connection SQLException, url: jdbc:mysql://{tidb.host}:{tidb.port}/template?useSSL=false&allowMultiQueries=true, errorCode 0, state 08001
com.mysql.jdbc.exceptions.jdbc4.MySQLNonTransientConnectionException: Cannot load connection class because of underlying exception: 'java.lang.NumberFormatException: For input string: "{tidb.port}"'.
	at sun.reflect.NativeConstructorAccessorImpl.newInstance0(Native Method) ~[?:1.8.0_241]
	at sun.reflect.NativeConstructorAccessorImpl.newInstance(NativeConstructorAccessorImpl.java:62) ~[?:1.8.0_241]
	at sun.reflect.DelegatingConstructorAccessorImpl.newInstance(DelegatingConstructorAccessorImpl.java:45) ~[?:1.8.0_241]
	at java.lang.reflect.Constructor.newInstance(Constructor.java:423) ~[?:1.8.0_241]
	at com.mysql.jdbc.Util.handleNewInstance(Util.java:411) ~[mysql-connector-java-5.1.29.jar:?]
	at com.mysql.jdbc.Util.getInstance(Util.java:386) ~[mysql-connector-java-5.1.29.jar:?]
	at com.mysql.jdbc.SQLError.createSQLException(SQLError.java:1015) ~[mysql-connector-java-5.1.29.jar:?]
	at com.mysql.jdbc.SQLError.createSQLException(SQLError.java:989) ~[mysql-connector-java-5.1.29.jar:?]
	at com.mysql.jdbc.SQLError.createSQLException(SQLError.java:975) ~[mysql-connector-java-5.1.29.jar:?]
	at com.mysql.jdbc.SQLError.createSQLException(SQLError.java:920) ~[mysql-connector-java-5.1.29.jar:?]
	at com.mysql.jdbc.NonRegisteringDriver.connect(NonRegisteringDriver.java:356) ~[mysql-connector-java-5.1.29.jar:?]
	at com.alibaba.druid.filter.FilterChainImpl.connection_connect(FilterChainImpl.java:149) ~[druid-1.1.9.jar:1.1.9]
	at com.alibaba.druid.filter.FilterAdapter.connection_connect(FilterAdapter.java:786) ~[druid-1.1.9.jar:1.1.9]
	at com.alibaba.druid.filter.FilterChainImpl.connection_connect(FilterChainImpl.java:143) ~[druid-1.1.9.jar:1.1.9]
	at com.alibaba.druid.pool.DruidAbstractDataSource.createPhysicalConnection(DruidAbstractDataSource.java:1515) ~[druid-1.1.9.jar:1.1.9]
	at com.alibaba.druid.pool.DruidAbstractDataSource.createPhysicalConnection(DruidAbstractDataSource.java:1578) ~[druid-1.1.9.jar:1.1.9]
	at com.alibaba.druid.pool.DruidDataSource$CreateConnectionThread.run(DruidDataSource.java:2466) ~[druid-1.1.9.jar:1.1.9]
Caused by: java.lang.NumberFormatException: For input string: "{tidb.port}"
	at java.lang.NumberFormatException.forInputString(NumberFormatException.java:65) ~[?:1.8.0_241]
	at java.lang.Integer.parseInt(Integer.java:580) ~[?:1.8.0_241]
	at java.lang.Integer.parseInt(Integer.java:615) ~[?:1.8.0_241]
	at com.mysql.jdbc.NonRegisteringDriver.port(NonRegisteringDriver.java:916) ~[mysql-connector-java-5.1.29.jar:?]
	at com.mysql.jdbc.NonRegisteringDriver.connect(NonRegisteringDriver.java:347) ~[mysql-connector-java-5.1.29.jar:?]
	... 6 more
2023-08-28 15:22:01.750 ERROR Druid-ConnectionPool-Create-884858691 com.alibaba.druid.pool.DruidDataSource TID:  - create connection SQLException, url: jdbc:mysql://{tidb.host}:{tidb.port}/template?useSSL=false&allowMultiQueries=true, errorCode 0, state 08001
com.mysql.jdbc.exceptions.jdbc4.MySQLNonTransientConnectionException: Cannot load connection class because of underlying exception: 'java.lang.NumberFormatException: For input string: "{tidb.port}"'.
	at sun.reflect.NativeConstructorAccessorImpl.newInstance0(Native Method) ~[?:1.8.0_241]
	at sun.reflect.NativeConstructorAccessorImpl.newInstance(NativeConstructorAccessorImpl.java:62) ~[?:1.8.0_241]
	at sun.reflect.DelegatingConstructorAccessorImpl.newInstance(DelegatingConstructorAccessorImpl.java:45) ~[?:1.8.0_241]
	at java.lang.reflect.Constructor.newInstance(Constructor.java:423) ~[?:1.8.0_241]
	at com.mysql.jdbc.Util.handleNewInstance(Util.java:411) ~[mysql-connector-java-5.1.29.jar:?]
	at com.mysql.jdbc.Util.getInstance(Util.java:386) ~[mysql-connector-java-5.1.29.jar:?]
	at com.mysql.jdbc.SQLError.createSQLException(SQLError.java:1015) ~[mysql-connector-java-5.1.29.jar:?]
	at com.mysql.jdbc.SQLError.createSQLException(SQLError.java:989) ~[mysql-connector-java-5.1.29.jar:?]
	at com.mysql.jdbc.SQLError.createSQLException(SQLError.java:975) ~[mysql-connector-java-5.1.29.jar:?]
	at com.mysql.jdbc.SQLError.createSQLException(SQLError.java:920) ~[mysql-connector-java-5.1.29.jar:?]
	at com.mysql.jdbc.NonRegisteringDriver.connect(NonRegisteringDriver.java:356) ~[mysql-connector-java-5.1.29.jar:?]
	at com.alibaba.druid.filter.FilterChainImpl.connection_connect(FilterChainImpl.java:149) ~[druid-1.1.9.jar:1.1.9]
	at com.alibaba.druid.filter.FilterAdapter.connection_connect(FilterAdapter.java:786) ~[druid-1.1.9.jar:1.1.9]
	at com.alibaba.druid.filter.FilterChainImpl.connection_connect(FilterChainImpl.java:143) ~[druid-1.1.9.jar:1.1.9]
	at com.alibaba.druid.pool.DruidAbstractDataSource.createPhysicalConnection(DruidAbstractDataSource.java:1515) ~[druid-1.1.9.jar:1.1.9]
	at com.alibaba.druid.pool.DruidAbstractDataSource.createPhysicalConnection(DruidAbstractDataSource.java:1578) ~[druid-1.1.9.jar:1.1.9]
	at com.alibaba.druid.pool.DruidDataSource$CreateConnectionThread.run(DruidDataSource.java:2466) ~[druid-1.1.9.jar:1.1.9]
Caused by: java.lang.NumberFormatException: For input string: "{tidb.port}"
	at java.lang.NumberFormatException.forInputString(NumberFormatException.java:65) ~[?:1.8.0_241]
	at java.lang.Integer.parseInt(Integer.java:580) ~[?:1.8.0_241]
	at java.lang.Integer.parseInt(Integer.java:615) ~[?:1.8.0_241]
	at com.mysql.jdbc.NonRegisteringDriver.port(NonRegisteringDriver.java:916) ~[mysql-connector-java-5.1.29.jar:?]
	at com.mysql.jdbc.NonRegisteringDriver.connect(NonRegisteringDriver.java:347) ~[mysql-connector-java-5.1.29.jar:?]
	... 6 more
2023-08-28 15:22:02.254 ERROR Druid-ConnectionPool-Create-884858691 com.alibaba.druid.pool.DruidDataSource TID:  - create connection SQLException, url: jdbc:mysql://{tidb.host}:{tidb.port}/template?useSSL=false&allowMultiQueries=true, errorCode 0, state 08001
com.mysql.jdbc.exceptions.jdbc4.MySQLNonTransientConnectionException: Cannot load connection class because of underlying exception: 'java.lang.NumberFormatException: For input string: "{tidb.port}"'.
	at sun.reflect.NativeConstructorAccessorImpl.newInstance0(Native Method) ~[?:1.8.0_241]
	at sun.reflect.NativeConstructorAccessorImpl.newInstance(NativeConstructorAccessorImpl.java:62) ~[?:1.8.0_241]
	at sun.reflect.DelegatingConstructorAccessorImpl.newInstance(DelegatingConstructorAccessorImpl.java:45) ~[?:1.8.0_241]
	at java.lang.reflect.Constructor.newInstance(Constructor.java:423) ~[?:1.8.0_241]
	at com.mysql.jdbc.Util.handleNewInstance(Util.java:411) ~[mysql-connector-java-5.1.29.jar:?]
	at com.mysql.jdbc.Util.getInstance(Util.java:386) ~[mysql-connector-java-5.1.29.jar:?]
	at com.mysql.jdbc.SQLError.createSQLException(SQLError.java:1015) ~[mysql-connector-java-5.1.29.jar:?]
	at com.mysql.jdbc.SQLError.createSQLException(SQLError.java:989) ~[mysql-connector-java-5.1.29.jar:?]
	at com.mysql.jdbc.SQLError.createSQLException(SQLError.java:975) ~[mysql-connector-java-5.1.29.jar:?]
	at com.mysql.jdbc.SQLError.createSQLException(SQLError.java:920) ~[mysql-connector-java-5.1.29.jar:?]
	at com.mysql.jdbc.NonRegisteringDriver.connect(NonRegisteringDriver.java:356) ~[mysql-connector-java-5.1.29.jar:?]
	at com.alibaba.druid.filter.FilterChainImpl.connection_connect(FilterChainImpl.java:149) ~[druid-1.1.9.jar:1.1.9]
	at com.alibaba.druid.filter.FilterAdapter.connection_connect(FilterAdapter.java:786) ~[druid-1.1.9.jar:1.1.9]
	at com.alibaba.druid.filter.FilterChainImpl.connection_connect(FilterChainImpl.java:143) ~[druid-1.1.9.jar:1.1.9]
	at com.alibaba.druid.pool.DruidAbstractDataSource.createPhysicalConnection(DruidAbstractDataSource.java:1515) ~[druid-1.1.9.jar:1.1.9]
	at com.alibaba.druid.pool.DruidAbstractDataSource.createPhysicalConnection(DruidAbstractDataSource.java:1578) ~[druid-1.1.9.jar:1.1.9]
	at com.alibaba.druid.pool.DruidDataSource$CreateConnectionThread.run(DruidDataSource.java:2466) ~[druid-1.1.9.jar:1.1.9]
Caused by: java.lang.NumberFormatException: For input string: "{tidb.port}"
	at java.lang.NumberFormatException.forInputString(NumberFormatException.java:65) ~[?:1.8.0_241]
	at java.lang.Integer.parseInt(Integer.java:580) ~[?:1.8.0_241]
	at java.lang.Integer.parseInt(Integer.java:615) ~[?:1.8.0_241]
	at com.mysql.jdbc.NonRegisteringDriver.port(NonRegisteringDriver.java:916) ~[mysql-connector-java-5.1.29.jar:?]
	at com.mysql.jdbc.NonRegisteringDriver.connect(NonRegisteringDriver.java:347) ~[mysql-connector-java-5.1.29.jar:?]
	... 6 more
2023-08-28 15:22:02.757 ERROR Druid-ConnectionPool-Create-884858691 com.alibaba.druid.pool.DruidDataSource TID:  - create connection SQLException, url: jdbc:mysql://{tidb.host}:{tidb.port}/template?useSSL=false&allowMultiQueries=true, errorCode 0, state 08001
com.mysql.jdbc.exceptions.jdbc4.MySQLNonTransientConnectionException: Cannot load connection class because of underlying exception: 'java.lang.NumberFormatException: For input string: "{tidb.port}"'.
	at sun.reflect.NativeConstructorAccessorImpl.newInstance0(Native Method) ~[?:1.8.0_241]
	at sun.reflect.NativeConstructorAccessorImpl.newInstance(NativeConstructorAccessorImpl.java:62) ~[?:1.8.0_241]
	at sun.reflect.DelegatingConstructorAccessorImpl.newInstance(DelegatingConstructorAccessorImpl.java:45) ~[?:1.8.0_241]
	at java.lang.reflect.Constructor.newInstance(Constructor.java:423) ~[?:1.8.0_241]
	at com.mysql.jdbc.Util.handleNewInstance(Util.java:411) ~[mysql-connector-java-5.1.29.jar:?]
	at com.mysql.jdbc.Util.getInstance(Util.java:386) ~[mysql-connector-java-5.1.29.jar:?]
	at com.mysql.jdbc.SQLError.createSQLException(SQLError.java:1015) ~[mysql-connector-java-5.1.29.jar:?]
	at com.mysql.jdbc.SQLError.createSQLException(SQLError.java:989) ~[mysql-connector-java-5.1.29.jar:?]
	at com.mysql.jdbc.SQLError.createSQLException(SQLError.java:975) ~[mysql-connector-java-5.1.29.jar:?]
	at com.mysql.jdbc.SQLError.createSQLException(SQLError.java:920) ~[mysql-connector-java-5.1.29.jar:?]
	at com.mysql.jdbc.NonRegisteringDriver.connect(NonRegisteringDriver.java:356) ~[mysql-connector-java-5.1.29.jar:?]
	at com.alibaba.druid.filter.FilterChainImpl.connection_connect(FilterChainImpl.java:149) ~[druid-1.1.9.jar:1.1.9]
	at com.alibaba.druid.filter.FilterAdapter.connection_connect(FilterAdapter.java:786) ~[druid-1.1.9.jar:1.1.9]
	at com.alibaba.druid.filter.FilterChainImpl.connection_connect(FilterChainImpl.java:143) ~[druid-1.1.9.jar:1.1.9]
	at com.alibaba.druid.pool.DruidAbstractDataSource.createPhysicalConnection(DruidAbstractDataSource.java:1515) ~[druid-1.1.9.jar:1.1.9]
	at com.alibaba.druid.pool.DruidAbstractDataSource.createPhysicalConnection(DruidAbstractDataSource.java:1578) ~[druid-1.1.9.jar:1.1.9]
	at com.alibaba.druid.pool.DruidDataSource$CreateConnectionThread.run(DruidDataSource.java:2466) ~[druid-1.1.9.jar:1.1.9]
Caused by: java.lang.NumberFormatException: For input string: "{tidb.port}"
	at java.lang.NumberFormatException.forInputString(NumberFormatException.java:65) ~[?:1.8.0_241]
	at java.lang.Integer.parseInt(Integer.java:580) ~[?:1.8.0_241]
	at java.lang.Integer.parseInt(Integer.java:615) ~[?:1.8.0_241]
	at com.mysql.jdbc.NonRegisteringDriver.port(NonRegisteringDriver.java:916) ~[mysql-connector-java-5.1.29.jar:?]
	at com.mysql.jdbc.NonRegisteringDriver.connect(NonRegisteringDriver.java:347) ~[mysql-connector-java-5.1.29.jar:?]
	... 6 more
2023-08-28 15:22:03.262 ERROR Druid-ConnectionPool-Create-884858691 com.alibaba.druid.pool.DruidDataSource TID:  - create connection SQLException, url: jdbc:mysql://{tidb.host}:{tidb.port}/template?useSSL=false&allowMultiQueries=true, errorCode 0, state 08001
com.mysql.jdbc.exceptions.jdbc4.MySQLNonTransientConnectionException: Cannot load connection class because of underlying exception: 'java.lang.NumberFormatException: For input string: "{tidb.port}"'.
	at sun.reflect.NativeConstructorAccessorImpl.newInstance0(Native Method) ~[?:1.8.0_241]
	at sun.reflect.NativeConstructorAccessorImpl.newInstance(NativeConstructorAccessorImpl.java:62) ~[?:1.8.0_241]
	at sun.reflect.DelegatingConstructorAccessorImpl.newInstance(DelegatingConstructorAccessorImpl.java:45) ~[?:1.8.0_241]
	at java.lang.reflect.Constructor.newInstance(Constructor.java:423) ~[?:1.8.0_241]
	at com.mysql.jdbc.Util.handleNewInstance(Util.java:411) ~[mysql-connector-java-5.1.29.jar:?]
	at com.mysql.jdbc.Util.getInstance(Util.java:386) ~[mysql-connector-java-5.1.29.jar:?]
	at com.mysql.jdbc.SQLError.createSQLException(SQLError.java:1015) ~[mysql-connector-java-5.1.29.jar:?]
	at com.mysql.jdbc.SQLError.createSQLException(SQLError.java:989) ~[mysql-connector-java-5.1.29.jar:?]
	at com.mysql.jdbc.SQLError.createSQLException(SQLError.java:975) ~[mysql-connector-java-5.1.29.jar:?]
	at com.mysql.jdbc.SQLError.createSQLException(SQLError.java:920) ~[mysql-connector-java-5.1.29.jar:?]
	at com.mysql.jdbc.NonRegisteringDriver.connect(NonRegisteringDriver.java:356) ~[mysql-connector-java-5.1.29.jar:?]
	at com.alibaba.druid.filter.FilterChainImpl.connection_connect(FilterChainImpl.java:149) ~[druid-1.1.9.jar:1.1.9]
	at com.alibaba.druid.filter.FilterAdapter.connection_connect(FilterAdapter.java:786) ~[druid-1.1.9.jar:1.1.9]
	at com.alibaba.druid.filter.FilterChainImpl.connection_connect(FilterChainImpl.java:143) ~[druid-1.1.9.jar:1.1.9]
	at com.alibaba.druid.pool.DruidAbstractDataSource.createPhysicalConnection(DruidAbstractDataSource.java:1515) ~[druid-1.1.9.jar:1.1.9]
	at com.alibaba.druid.pool.DruidAbstractDataSource.createPhysicalConnection(DruidAbstractDataSource.java:1578) ~[druid-1.1.9.jar:1.1.9]
	at com.alibaba.druid.pool.DruidDataSource$CreateConnectionThread.run(DruidDataSource.java:2466) ~[druid-1.1.9.jar:1.1.9]
Caused by: java.lang.NumberFormatException: For input string: "{tidb.port}"
	at java.lang.NumberFormatException.forInputString(NumberFormatException.java:65) ~[?:1.8.0_241]
	at java.lang.Integer.parseInt(Integer.java:580) ~[?:1.8.0_241]
	at java.lang.Integer.parseInt(Integer.java:615) ~[?:1.8.0_241]
	at com.mysql.jdbc.NonRegisteringDriver.port(NonRegisteringDriver.java:916) ~[mysql-connector-java-5.1.29.jar:?]
	at com.mysql.jdbc.NonRegisteringDriver.connect(NonRegisteringDriver.java:347) ~[mysql-connector-java-5.1.29.jar:?]
	... 6 more
2023-08-28 15:22:03.765 ERROR Druid-ConnectionPool-Create-884858691 com.alibaba.druid.pool.DruidDataSource TID:  - create connection SQLException, url: jdbc:mysql://{tidb.host}:{tidb.port}/template?useSSL=false&allowMultiQueries=true, errorCode 0, state 08001
com.mysql.jdbc.exceptions.jdbc4.MySQLNonTransientConnectionException: Cannot load connection class because of underlying exception: 'java.lang.NumberFormatException: For input string: "{tidb.port}"'.
	at sun.reflect.NativeConstructorAccessorImpl.newInstance0(Native Method) ~[?:1.8.0_241]
	at sun.reflect.NativeConstructorAccessorImpl.newInstance(NativeConstructorAccessorImpl.java:62) ~[?:1.8.0_241]
	at sun.reflect.DelegatingConstructorAccessorImpl.newInstance(DelegatingConstructorAccessorImpl.java:45) ~[?:1.8.0_241]
	at java.lang.reflect.Constructor.newInstance(Constructor.java:423) ~[?:1.8.0_241]
	at com.mysql.jdbc.Util.handleNewInstance(Util.java:411) ~[mysql-connector-java-5.1.29.jar:?]
	at com.mysql.jdbc.Util.getInstance(Util.java:386) ~[mysql-connector-java-5.1.29.jar:?]
	at com.mysql.jdbc.SQLError.createSQLException(SQLError.java:1015) ~[mysql-connector-java-5.1.29.jar:?]
	at com.mysql.jdbc.SQLError.createSQLException(SQLError.java:989) ~[mysql-connector-java-5.1.29.jar:?]
	at com.mysql.jdbc.SQLError.createSQLException(SQLError.java:975) ~[mysql-connector-java-5.1.29.jar:?]
	at com.mysql.jdbc.SQLError.createSQLException(SQLError.java:920) ~[mysql-connector-java-5.1.29.jar:?]
	at com.mysql.jdbc.NonRegisteringDriver.connect(NonRegisteringDriver.java:356) ~[mysql-connector-java-5.1.29.jar:?]
	at com.alibaba.druid.filter.FilterChainImpl.connection_connect(FilterChainImpl.java:149) ~[druid-1.1.9.jar:1.1.9]
	at com.alibaba.druid.filter.FilterAdapter.connection_connect(FilterAdapter.java:786) ~[druid-1.1.9.jar:1.1.9]
	at com.alibaba.druid.filter.FilterChainImpl.connection_connect(FilterChainImpl.java:143) ~[druid-1.1.9.jar:1.1.9]
	at com.alibaba.druid.pool.DruidAbstractDataSource.createPhysicalConnection(DruidAbstractDataSource.java:1515) ~[druid-1.1.9.jar:1.1.9]
	at com.alibaba.druid.pool.DruidAbstractDataSource.createPhysicalConnection(DruidAbstractDataSource.java:1578) ~[druid-1.1.9.jar:1.1.9]
	at com.alibaba.druid.pool.DruidDataSource$CreateConnectionThread.run(DruidDataSource.java:2466) ~[druid-1.1.9.jar:1.1.9]
Caused by: java.lang.NumberFormatException: For input string: "{tidb.port}"
	at java.lang.NumberFormatException.forInputString(NumberFormatException.java:65) ~[?:1.8.0_241]
	at java.lang.Integer.parseInt(Integer.java:580) ~[?:1.8.0_241]
	at java.lang.Integer.parseInt(Integer.java:615) ~[?:1.8.0_241]
	at com.mysql.jdbc.NonRegisteringDriver.port(NonRegisteringDriver.java:916) ~[mysql-connector-java-5.1.29.jar:?]
	at com.mysql.jdbc.NonRegisteringDriver.connect(NonRegisteringDriver.java:347) ~[mysql-connector-java-5.1.29.jar:?]
	... 6 more
2023-08-28 15:22:04.267 ERROR Druid-ConnectionPool-Create-884858691 com.alibaba.druid.pool.DruidDataSource TID:  - create connection SQLException, url: jdbc:mysql://{tidb.host}:{tidb.port}/template?useSSL=false&allowMultiQueries=true, errorCode 0, state 08001
com.mysql.jdbc.exceptions.jdbc4.MySQLNonTransientConnectionException: Cannot load connection class because of underlying exception: 'java.lang.NumberFormatException: For input string: "{tidb.port}"'.
	at sun.reflect.NativeConstructorAccessorImpl.newInstance0(Native Method) ~[?:1.8.0_241]
	at sun.reflect.NativeConstructorAccessorImpl.newInstance(NativeConstructorAccessorImpl.java:62) ~[?:1.8.0_241]
	at sun.reflect.DelegatingConstructorAccessorImpl.newInstance(DelegatingConstructorAccessorImpl.java:45) ~[?:1.8.0_241]
	at java.lang.reflect.Constructor.newInstance(Constructor.java:423) ~[?:1.8.0_241]
	at com.mysql.jdbc.Util.handleNewInstance(Util.java:411) ~[mysql-connector-java-5.1.29.jar:?]
	at com.mysql.jdbc.Util.getInstance(Util.java:386) ~[mysql-connector-java-5.1.29.jar:?]
	at com.mysql.jdbc.SQLError.createSQLException(SQLError.java:1015) ~[mysql-connector-java-5.1.29.jar:?]
	at com.mysql.jdbc.SQLError.createSQLException(SQLError.java:989) ~[mysql-connector-java-5.1.29.jar:?]
	at com.mysql.jdbc.SQLError.createSQLException(SQLError.java:975) ~[mysql-connector-java-5.1.29.jar:?]
	at com.mysql.jdbc.SQLError.createSQLException(SQLError.java:920) ~[mysql-connector-java-5.1.29.jar:?]
	at com.mysql.jdbc.NonRegisteringDriver.connect(NonRegisteringDriver.java:356) ~[mysql-connector-java-5.1.29.jar:?]
	at com.alibaba.druid.filter.FilterChainImpl.connection_connect(FilterChainImpl.java:149) ~[druid-1.1.9.jar:1.1.9]
	at com.alibaba.druid.filter.FilterAdapter.connection_connect(FilterAdapter.java:786) ~[druid-1.1.9.jar:1.1.9]
	at com.alibaba.druid.filter.FilterChainImpl.connection_connect(FilterChainImpl.java:143) ~[druid-1.1.9.jar:1.1.9]
	at com.alibaba.druid.pool.DruidAbstractDataSource.createPhysicalConnection(DruidAbstractDataSource.java:1515) ~[druid-1.1.9.jar:1.1.9]
	at com.alibaba.druid.pool.DruidAbstractDataSource.createPhysicalConnection(DruidAbstractDataSource.java:1578) ~[druid-1.1.9.jar:1.1.9]
	at com.alibaba.druid.pool.DruidDataSource$CreateConnectionThread.run(DruidDataSource.java:2466) ~[druid-1.1.9.jar:1.1.9]
Caused by: java.lang.NumberFormatException: For input string: "{tidb.port}"
	at java.lang.NumberFormatException.forInputString(NumberFormatException.java:65) ~[?:1.8.0_241]
	at java.lang.Integer.parseInt(Integer.java:580) ~[?:1.8.0_241]
	at java.lang.Integer.parseInt(Integer.java:615) ~[?:1.8.0_241]
	at com.mysql.jdbc.NonRegisteringDriver.port(NonRegisteringDriver.java:916) ~[mysql-connector-java-5.1.29.jar:?]
	at com.mysql.jdbc.NonRegisteringDriver.connect(NonRegisteringDriver.java:347) ~[mysql-connector-java-5.1.29.jar:?]
	... 6 more
2023-08-28 15:22:04.772 ERROR Druid-ConnectionPool-Create-884858691 com.alibaba.druid.pool.DruidDataSource TID:  - create connection SQLException, url: jdbc:mysql://{tidb.host}:{tidb.port}/template?useSSL=false&allowMultiQueries=true, errorCode 0, state 08001
com.mysql.jdbc.exceptions.jdbc4.MySQLNonTransientConnectionException: Cannot load connection class because of underlying exception: 'java.lang.NumberFormatException: For input string: "{tidb.port}"'.
	at sun.reflect.GeneratedConstructorAccessor97.newInstance(Unknown Source) ~[?:?]
	at sun.reflect.DelegatingConstructorAccessorImpl.newInstance(DelegatingConstructorAccessorImpl.java:45) ~[?:1.8.0_241]
	at java.lang.reflect.Constructor.newInstance(Constructor.java:423) ~[?:1.8.0_241]
	at com.mysql.jdbc.Util.handleNewInstance(Util.java:411) ~[mysql-connector-java-5.1.29.jar:?]
	at com.mysql.jdbc.Util.getInstance(Util.java:386) ~[mysql-connector-java-5.1.29.jar:?]
	at com.mysql.jdbc.SQLError.createSQLException(SQLError.java:1015) ~[mysql-connector-java-5.1.29.jar:?]
	at com.mysql.jdbc.SQLError.createSQLException(SQLError.java:989) ~[mysql-connector-java-5.1.29.jar:?]
	at com.mysql.jdbc.SQLError.createSQLException(SQLError.java:975) ~[mysql-connector-java-5.1.29.jar:?]
	at com.mysql.jdbc.SQLError.createSQLException(SQLError.java:920) ~[mysql-connector-java-5.1.29.jar:?]
	at com.mysql.jdbc.NonRegisteringDriver.connect(NonRegisteringDriver.java:356) ~[mysql-connector-java-5.1.29.jar:?]
	at com.alibaba.druid.filter.FilterChainImpl.connection_connect(FilterChainImpl.java:149) ~[druid-1.1.9.jar:1.1.9]
	at com.alibaba.druid.filter.FilterAdapter.connection_connect(FilterAdapter.java:786) ~[druid-1.1.9.jar:1.1.9]
	at com.alibaba.druid.filter.FilterChainImpl.connection_connect(FilterChainImpl.java:143) ~[druid-1.1.9.jar:1.1.9]
	at com.alibaba.druid.pool.DruidAbstractDataSource.createPhysicalConnection(DruidAbstractDataSource.java:1515) ~[druid-1.1.9.jar:1.1.9]
	at com.alibaba.druid.pool.DruidAbstractDataSource.createPhysicalConnection(DruidAbstractDataSource.java:1578) ~[druid-1.1.9.jar:1.1.9]
	at com.alibaba.druid.pool.DruidDataSource$CreateConnectionThread.run(DruidDataSource.java:2466) ~[druid-1.1.9.jar:1.1.9]
Caused by: java.lang.NumberFormatException: For input string: "{tidb.port}"
	at java.lang.NumberFormatException.forInputString(NumberFormatException.java:65) ~[?:1.8.0_241]
	at java.lang.Integer.parseInt(Integer.java:580) ~[?:1.8.0_241]
	at java.lang.Integer.parseInt(Integer.java:615) ~[?:1.8.0_241]
	at com.mysql.jdbc.NonRegisteringDriver.port(NonRegisteringDriver.java:916) ~[mysql-connector-java-5.1.29.jar:?]
	at com.mysql.jdbc.NonRegisteringDriver.connect(NonRegisteringDriver.java:347) ~[mysql-connector-java-5.1.29.jar:?]
	... 6 more
2023-08-28 15:22:05.276 ERROR Druid-ConnectionPool-Create-884858691 com.alibaba.druid.pool.DruidDataSource TID:  - create connection SQLException, url: jdbc:mysql://{tidb.host}:{tidb.port}/template?useSSL=false&allowMultiQueries=true, errorCode 0, state 08001
com.mysql.jdbc.exceptions.jdbc4.MySQLNonTransientConnectionException: Cannot load connection class because of underlying exception: 'java.lang.NumberFormatException: For input string: "{tidb.port}"'.
	at sun.reflect.GeneratedConstructorAccessor97.newInstance(Unknown Source) ~[?:?]
	at sun.reflect.DelegatingConstructorAccessorImpl.newInstance(DelegatingConstructorAccessorImpl.java:45) ~[?:1.8.0_241]
	at java.lang.reflect.Constructor.newInstance(Constructor.java:423) ~[?:1.8.0_241]
	at com.mysql.jdbc.Util.handleNewInstance(Util.java:411) ~[mysql-connector-java-5.1.29.jar:?]
	at com.mysql.jdbc.Util.getInstance(Util.java:386) ~[mysql-connector-java-5.1.29.jar:?]
	at com.mysql.jdbc.SQLError.createSQLException(SQLError.java:1015) ~[mysql-connector-java-5.1.29.jar:?]
	at com.mysql.jdbc.SQLError.createSQLException(SQLError.java:989) ~[mysql-connector-java-5.1.29.jar:?]
	at com.mysql.jdbc.SQLError.createSQLException(SQLError.java:975) ~[mysql-connector-java-5.1.29.jar:?]
	at com.mysql.jdbc.SQLError.createSQLException(SQLError.java:920) ~[mysql-connector-java-5.1.29.jar:?]
	at com.mysql.jdbc.NonRegisteringDriver.connect(NonRegisteringDriver.java:356) ~[mysql-connector-java-5.1.29.jar:?]
	at com.alibaba.druid.filter.FilterChainImpl.connection_connect(FilterChainImpl.java:149) ~[druid-1.1.9.jar:1.1.9]
	at com.alibaba.druid.filter.FilterAdapter.connection_connect(FilterAdapter.java:786) ~[druid-1.1.9.jar:1.1.9]
	at com.alibaba.druid.filter.FilterChainImpl.connection_connect(FilterChainImpl.java:143) ~[druid-1.1.9.jar:1.1.9]
	at com.alibaba.druid.pool.DruidAbstractDataSource.createPhysicalConnection(DruidAbstractDataSource.java:1515) ~[druid-1.1.9.jar:1.1.9]
	at com.alibaba.druid.pool.DruidAbstractDataSource.createPhysicalConnection(DruidAbstractDataSource.java:1578) ~[druid-1.1.9.jar:1.1.9]
	at com.alibaba.druid.pool.DruidDataSource$CreateConnectionThread.run(DruidDataSource.java:2466) ~[druid-1.1.9.jar:1.1.9]
Caused by: java.lang.NumberFormatException: For input string: "{tidb.port}"
	at java.lang.NumberFormatException.forInputString(NumberFormatException.java:65) ~[?:1.8.0_241]
	at java.lang.Integer.parseInt(Integer.java:580) ~[?:1.8.0_241]
	at java.lang.Integer.parseInt(Integer.java:615) ~[?:1.8.0_241]
	at com.mysql.jdbc.NonRegisteringDriver.port(NonRegisteringDriver.java:916) ~[mysql-connector-java-5.1.29.jar:?]
	at com.mysql.jdbc.NonRegisteringDriver.connect(NonRegisteringDriver.java:347) ~[mysql-connector-java-5.1.29.jar:?]
	... 6 more
2023-08-28 15:22:05.777 ERROR Druid-ConnectionPool-Create-884858691 com.alibaba.druid.pool.DruidDataSource TID:  - create connection SQLException, url: jdbc:mysql://{tidb.host}:{tidb.port}/template?useSSL=false&allowMultiQueries=true, errorCode 0, state 08001
com.mysql.jdbc.exceptions.jdbc4.MySQLNonTransientConnectionException: Cannot load connection class because of underlying exception: 'java.lang.NumberFormatException: For input string: "{tidb.port}"'.
	at sun.reflect.GeneratedConstructorAccessor97.newInstance(Unknown Source) ~[?:?]
	at sun.reflect.DelegatingConstructorAccessorImpl.newInstance(DelegatingConstructorAccessorImpl.java:45) ~[?:1.8.0_241]
	at java.lang.reflect.Constructor.newInstance(Constructor.java:423) ~[?:1.8.0_241]
	at com.mysql.jdbc.Util.handleNewInstance(Util.java:411) ~[mysql-connector-java-5.1.29.jar:?]
	at com.mysql.jdbc.Util.getInstance(Util.java:386) ~[mysql-connector-java-5.1.29.jar:?]
	at com.mysql.jdbc.SQLError.createSQLException(SQLError.java:1015) ~[mysql-connector-java-5.1.29.jar:?]
	at com.mysql.jdbc.SQLError.createSQLException(SQLError.java:989) ~[mysql-connector-java-5.1.29.jar:?]
	at com.mysql.jdbc.SQLError.createSQLException(SQLError.java:975) ~[mysql-connector-java-5.1.29.jar:?]
	at com.mysql.jdbc.SQLError.createSQLException(SQLError.java:920) ~[mysql-connector-java-5.1.29.jar:?]
	at com.mysql.jdbc.NonRegisteringDriver.connect(NonRegisteringDriver.java:356) ~[mysql-connector-java-5.1.29.jar:?]
	at com.alibaba.druid.filter.FilterChainImpl.connection_connect(FilterChainImpl.java:149) ~[druid-1.1.9.jar:1.1.9]
	at com.alibaba.druid.filter.FilterAdapter.connection_connect(FilterAdapter.java:786) ~[druid-1.1.9.jar:1.1.9]
	at com.alibaba.druid.filter.FilterChainImpl.connection_connect(FilterChainImpl.java:143) ~[druid-1.1.9.jar:1.1.9]
	at com.alibaba.druid.pool.DruidAbstractDataSource.createPhysicalConnection(DruidAbstractDataSource.java:1515) ~[druid-1.1.9.jar:1.1.9]
	at com.alibaba.druid.pool.DruidAbstractDataSource.createPhysicalConnection(DruidAbstractDataSource.java:1578) ~[druid-1.1.9.jar:1.1.9]
	at com.alibaba.druid.pool.DruidDataSource$CreateConnectionThread.run(DruidDataSource.java:2466) ~[druid-1.1.9.jar:1.1.9]
Caused by: java.lang.NumberFormatException: For input string: "{tidb.port}"
	at java.lang.NumberFormatException.forInputString(NumberFormatException.java:65) ~[?:1.8.0_241]
	at java.lang.Integer.parseInt(Integer.java:580) ~[?:1.8.0_241]
	at java.lang.Integer.parseInt(Integer.java:615) ~[?:1.8.0_241]
	at com.mysql.jdbc.NonRegisteringDriver.port(NonRegisteringDriver.java:916) ~[mysql-connector-java-5.1.29.jar:?]
	at com.mysql.jdbc.NonRegisteringDriver.connect(NonRegisteringDriver.java:347) ~[mysql-connector-java-5.1.29.jar:?]
	... 6 more
2023-08-28 15:22:06.282 ERROR Druid-ConnectionPool-Create-884858691 com.alibaba.druid.pool.DruidDataSource TID:  - create connection SQLException, url: jdbc:mysql://{tidb.host}:{tidb.port}/template?useSSL=false&allowMultiQueries=true, errorCode 0, state 08001
com.mysql.jdbc.exceptions.jdbc4.MySQLNonTransientConnectionException: Cannot load connection class because of underlying exception: 'java.lang.NumberFormatException: For input string: "{tidb.port}"'.
	at sun.reflect.GeneratedConstructorAccessor97.newInstance(Unknown Source) ~[?:?]
	at sun.reflect.DelegatingConstructorAccessorImpl.newInstance(DelegatingConstructorAccessorImpl.java:45) ~[?:1.8.0_241]
	at java.lang.reflect.Constructor.newInstance(Constructor.java:423) ~[?:1.8.0_241]
	at com.mysql.jdbc.Util.handleNewInstance(Util.java:411) ~[mysql-connector-java-5.1.29.jar:?]
	at com.mysql.jdbc.Util.getInstance(Util.java:386) ~[mysql-connector-java-5.1.29.jar:?]
	at com.mysql.jdbc.SQLError.createSQLException(SQLError.java:1015) ~[mysql-connector-java-5.1.29.jar:?]
	at com.mysql.jdbc.SQLError.createSQLException(SQLError.java:989) ~[mysql-connector-java-5.1.29.jar:?]
	at com.mysql.jdbc.SQLError.createSQLException(SQLError.java:975) ~[mysql-connector-java-5.1.29.jar:?]
	at com.mysql.jdbc.SQLError.createSQLException(SQLError.java:920) ~[mysql-connector-java-5.1.29.jar:?]
	at com.mysql.jdbc.NonRegisteringDriver.connect(NonRegisteringDriver.java:356) ~[mysql-connector-java-5.1.29.jar:?]
	at com.alibaba.druid.filter.FilterChainImpl.connection_connect(FilterChainImpl.java:149) ~[druid-1.1.9.jar:1.1.9]
	at com.alibaba.druid.filter.FilterAdapter.connection_connect(FilterAdapter.java:786) ~[druid-1.1.9.jar:1.1.9]
	at com.alibaba.druid.filter.FilterChainImpl.connection_connect(FilterChainImpl.java:143) ~[druid-1.1.9.jar:1.1.9]
	at com.alibaba.druid.pool.DruidAbstractDataSource.createPhysicalConnection(DruidAbstractDataSource.java:1515) ~[druid-1.1.9.jar:1.1.9]
	at com.alibaba.druid.pool.DruidAbstractDataSource.createPhysicalConnection(DruidAbstractDataSource.java:1578) ~[druid-1.1.9.jar:1.1.9]
	at com.alibaba.druid.pool.DruidDataSource$CreateConnectionThread.run(DruidDataSource.java:2466) ~[druid-1.1.9.jar:1.1.9]
Caused by: java.lang.NumberFormatException: For input string: "{tidb.port}"
	at java.lang.NumberFormatException.forInputString(NumberFormatException.java:65) ~[?:1.8.0_241]
	at java.lang.Integer.parseInt(Integer.java:580) ~[?:1.8.0_241]
	at java.lang.Integer.parseInt(Integer.java:615) ~[?:1.8.0_241]
	at com.mysql.jdbc.NonRegisteringDriver.port(NonRegisteringDriver.java:916) ~[mysql-connector-java-5.1.29.jar:?]
	at com.mysql.jdbc.NonRegisteringDriver.connect(NonRegisteringDriver.java:347) ~[mysql-connector-java-5.1.29.jar:?]
	... 6 more
2023-08-28 15:22:06.786 ERROR Druid-ConnectionPool-Create-884858691 com.alibaba.druid.pool.DruidDataSource TID:  - create connection SQLException, url: jdbc:mysql://{tidb.host}:{tidb.port}/template?useSSL=false&allowMultiQueries=true, errorCode 0, state 08001
com.mysql.jdbc.exceptions.jdbc4.MySQLNonTransientConnectionException: Cannot load connection class because of underlying exception: 'java.lang.NumberFormatException: For input string: "{tidb.port}"'.
	at sun.reflect.GeneratedConstructorAccessor97.newInstance(Unknown Source) ~[?:?]
	at sun.reflect.DelegatingConstructorAccessorImpl.newInstance(DelegatingConstructorAccessorImpl.java:45) ~[?:1.8.0_241]
	at java.lang.reflect.Constructor.newInstance(Constructor.java:423) ~[?:1.8.0_241]
	at com.mysql.jdbc.Util.handleNewInstance(Util.java:411) ~[mysql-connector-java-5.1.29.jar:?]
	at com.mysql.jdbc.Util.getInstance(Util.java:386) ~[mysql-connector-java-5.1.29.jar:?]
	at com.mysql.jdbc.SQLError.createSQLException(SQLError.java:1015) ~[mysql-connector-java-5.1.29.jar:?]
	at com.mysql.jdbc.SQLError.createSQLException(SQLError.java:989) ~[mysql-connector-java-5.1.29.jar:?]
	at com.mysql.jdbc.SQLError.createSQLException(SQLError.java:975) ~[mysql-connector-java-5.1.29.jar:?]
	at com.mysql.jdbc.SQLError.createSQLException(SQLError.java:920) ~[mysql-connector-java-5.1.29.jar:?]
	at com.mysql.jdbc.NonRegisteringDriver.connect(NonRegisteringDriver.java:356) ~[mysql-connector-java-5.1.29.jar:?]
	at com.alibaba.druid.filter.FilterChainImpl.connection_connect(FilterChainImpl.java:149) ~[druid-1.1.9.jar:1.1.9]
	at com.alibaba.druid.filter.FilterAdapter.connection_connect(FilterAdapter.java:786) ~[druid-1.1.9.jar:1.1.9]
	at com.alibaba.druid.filter.FilterChainImpl.connection_connect(FilterChainImpl.java:143) ~[druid-1.1.9.jar:1.1.9]
	at com.alibaba.druid.pool.DruidAbstractDataSource.createPhysicalConnection(DruidAbstractDataSource.java:1515) ~[druid-1.1.9.jar:1.1.9]
	at com.alibaba.druid.pool.DruidAbstractDataSource.createPhysicalConnection(DruidAbstractDataSource.java:1578) ~[druid-1.1.9.jar:1.1.9]
	at com.alibaba.druid.pool.DruidDataSource$CreateConnectionThread.run(DruidDataSource.java:2466) ~[druid-1.1.9.jar:1.1.9]
Caused by: java.lang.NumberFormatException: For input string: "{tidb.port}"
	at java.lang.NumberFormatException.forInputString(NumberFormatException.java:65) ~[?:1.8.0_241]
	at java.lang.Integer.parseInt(Integer.java:580) ~[?:1.8.0_241]
	at java.lang.Integer.parseInt(Integer.java:615) ~[?:1.8.0_241]
	at com.mysql.jdbc.NonRegisteringDriver.port(NonRegisteringDriver.java:916) ~[mysql-connector-java-5.1.29.jar:?]
	at com.mysql.jdbc.NonRegisteringDriver.connect(NonRegisteringDriver.java:347) ~[mysql-connector-java-5.1.29.jar:?]
	... 6 more
2023-08-28 15:22:07.290 ERROR Druid-ConnectionPool-Create-884858691 com.alibaba.druid.pool.DruidDataSource TID:  - create connection SQLException, url: jdbc:mysql://{tidb.host}:{tidb.port}/template?useSSL=false&allowMultiQueries=true, errorCode 0, state 08001
com.mysql.jdbc.exceptions.jdbc4.MySQLNonTransientConnectionException: Cannot load connection class because of underlying exception: 'java.lang.NumberFormatException: For input string: "{tidb.port}"'.
	at sun.reflect.GeneratedConstructorAccessor97.newInstance(Unknown Source) ~[?:?]
	at sun.reflect.DelegatingConstructorAccessorImpl.newInstance(DelegatingConstructorAccessorImpl.java:45) ~[?:1.8.0_241]
	at java.lang.reflect.Constructor.newInstance(Constructor.java:423) ~[?:1.8.0_241]
	at com.mysql.jdbc.Util.handleNewInstance(Util.java:411) ~[mysql-connector-java-5.1.29.jar:?]
	at com.mysql.jdbc.Util.getInstance(Util.java:386) ~[mysql-connector-java-5.1.29.jar:?]
	at com.mysql.jdbc.SQLError.createSQLException(SQLError.java:1015) ~[mysql-connector-java-5.1.29.jar:?]
	at com.mysql.jdbc.SQLError.createSQLException(SQLError.java:989) ~[mysql-connector-java-5.1.29.jar:?]
	at com.mysql.jdbc.SQLError.createSQLException(SQLError.java:975) ~[mysql-connector-java-5.1.29.jar:?]
	at com.mysql.jdbc.SQLError.createSQLException(SQLError.java:920) ~[mysql-connector-java-5.1.29.jar:?]
	at com.mysql.jdbc.NonRegisteringDriver.connect(NonRegisteringDriver.java:356) ~[mysql-connector-java-5.1.29.jar:?]
	at com.alibaba.druid.filter.FilterChainImpl.connection_connect(FilterChainImpl.java:149) ~[druid-1.1.9.jar:1.1.9]
	at com.alibaba.druid.filter.FilterAdapter.connection_connect(FilterAdapter.java:786) ~[druid-1.1.9.jar:1.1.9]
	at com.alibaba.druid.filter.FilterChainImpl.connection_connect(FilterChainImpl.java:143) ~[druid-1.1.9.jar:1.1.9]
	at com.alibaba.druid.pool.DruidAbstractDataSource.createPhysicalConnection(DruidAbstractDataSource.java:1515) ~[druid-1.1.9.jar:1.1.9]
	at com.alibaba.druid.pool.DruidAbstractDataSource.createPhysicalConnection(DruidAbstractDataSource.java:1578) ~[druid-1.1.9.jar:1.1.9]
	at com.alibaba.druid.pool.DruidDataSource$CreateConnectionThread.run(DruidDataSource.java:2466) ~[druid-1.1.9.jar:1.1.9]
Caused by: java.lang.NumberFormatException: For input string: "{tidb.port}"
	at java.lang.NumberFormatException.forInputString(NumberFormatException.java:65) ~[?:1.8.0_241]
	at java.lang.Integer.parseInt(Integer.java:580) ~[?:1.8.0_241]
	at java.lang.Integer.parseInt(Integer.java:615) ~[?:1.8.0_241]
	at com.mysql.jdbc.NonRegisteringDriver.port(NonRegisteringDriver.java:916) ~[mysql-connector-java-5.1.29.jar:?]
	at com.mysql.jdbc.NonRegisteringDriver.connect(NonRegisteringDriver.java:347) ~[mysql-connector-java-5.1.29.jar:?]
	... 6 more
2023-08-28 15:22:07.792 ERROR Druid-ConnectionPool-Create-884858691 com.alibaba.druid.pool.DruidDataSource TID:  - create connection SQLException, url: jdbc:mysql://{tidb.host}:{tidb.port}/template?useSSL=false&allowMultiQueries=true, errorCode 0, state 08001
com.mysql.jdbc.exceptions.jdbc4.MySQLNonTransientConnectionException: Cannot load connection class because of underlying exception: 'java.lang.NumberFormatException: For input string: "{tidb.port}"'.
	at sun.reflect.GeneratedConstructorAccessor97.newInstance(Unknown Source) ~[?:?]
	at sun.reflect.DelegatingConstructorAccessorImpl.newInstance(DelegatingConstructorAccessorImpl.java:45) ~[?:1.8.0_241]
	at java.lang.reflect.Constructor.newInstance(Constructor.java:423) ~[?:1.8.0_241]
	at com.mysql.jdbc.Util.handleNewInstance(Util.java:411) ~[mysql-connector-java-5.1.29.jar:?]
	at com.mysql.jdbc.Util.getInstance(Util.java:386) ~[mysql-connector-java-5.1.29.jar:?]
	at com.mysql.jdbc.SQLError.createSQLException(SQLError.java:1015) ~[mysql-connector-java-5.1.29.jar:?]
	at com.mysql.jdbc.SQLError.createSQLException(SQLError.java:989) ~[mysql-connector-java-5.1.29.jar:?]
	at com.mysql.jdbc.SQLError.createSQLException(SQLError.java:975) ~[mysql-connector-java-5.1.29.jar:?]
	at com.mysql.jdbc.SQLError.createSQLException(SQLError.java:920) ~[mysql-connector-java-5.1.29.jar:?]
	at com.mysql.jdbc.NonRegisteringDriver.connect(NonRegisteringDriver.java:356) ~[mysql-connector-java-5.1.29.jar:?]
	at com.alibaba.druid.filter.FilterChainImpl.connection_connect(FilterChainImpl.java:149) ~[druid-1.1.9.jar:1.1.9]
	at com.alibaba.druid.filter.FilterAdapter.connection_connect(FilterAdapter.java:786) ~[druid-1.1.9.jar:1.1.9]
	at com.alibaba.druid.filter.FilterChainImpl.connection_connect(FilterChainImpl.java:143) ~[druid-1.1.9.jar:1.1.9]
	at com.alibaba.druid.pool.DruidAbstractDataSource.createPhysicalConnection(DruidAbstractDataSource.java:1515) ~[druid-1.1.9.jar:1.1.9]
	at com.alibaba.druid.pool.DruidAbstractDataSource.createPhysicalConnection(DruidAbstractDataSource.java:1578) ~[druid-1.1.9.jar:1.1.9]
	at com.alibaba.druid.pool.DruidDataSource$CreateConnectionThread.run(DruidDataSource.java:2466) ~[druid-1.1.9.jar:1.1.9]
Caused by: java.lang.NumberFormatException: For input string: "{tidb.port}"
	at java.lang.NumberFormatException.forInputString(NumberFormatException.java:65) ~[?:1.8.0_241]
	at java.lang.Integer.parseInt(Integer.java:580) ~[?:1.8.0_241]
	at java.lang.Integer.parseInt(Integer.java:615) ~[?:1.8.0_241]
	at com.mysql.jdbc.NonRegisteringDriver.port(NonRegisteringDriver.java:916) ~[mysql-connector-java-5.1.29.jar:?]
	at com.mysql.jdbc.NonRegisteringDriver.connect(NonRegisteringDriver.java:347) ~[mysql-connector-java-5.1.29.jar:?]
	... 6 more
2023-08-28 15:22:08.297 ERROR Druid-ConnectionPool-Create-884858691 com.alibaba.druid.pool.DruidDataSource TID:  - create connection SQLException, url: jdbc:mysql://{tidb.host}:{tidb.port}/template?useSSL=false&allowMultiQueries=true, errorCode 0, state 08001
com.mysql.jdbc.exceptions.jdbc4.MySQLNonTransientConnectionException: Cannot load connection class because of underlying exception: 'java.lang.NumberFormatException: For input string: "{tidb.port}"'.
	at sun.reflect.GeneratedConstructorAccessor97.newInstance(Unknown Source) ~[?:?]
	at sun.reflect.DelegatingConstructorAccessorImpl.newInstance(DelegatingConstructorAccessorImpl.java:45) ~[?:1.8.0_241]
	at java.lang.reflect.Constructor.newInstance(Constructor.java:423) ~[?:1.8.0_241]
	at com.mysql.jdbc.Util.handleNewInstance(Util.java:411) ~[mysql-connector-java-5.1.29.jar:?]
	at com.mysql.jdbc.Util.getInstance(Util.java:386) ~[mysql-connector-java-5.1.29.jar:?]
	at com.mysql.jdbc.SQLError.createSQLException(SQLError.java:1015) ~[mysql-connector-java-5.1.29.jar:?]
	at com.mysql.jdbc.SQLError.createSQLException(SQLError.java:989) ~[mysql-connector-java-5.1.29.jar:?]
	at com.mysql.jdbc.SQLError.createSQLException(SQLError.java:975) ~[mysql-connector-java-5.1.29.jar:?]
	at com.mysql.jdbc.SQLError.createSQLException(SQLError.java:920) ~[mysql-connector-java-5.1.29.jar:?]
	at com.mysql.jdbc.NonRegisteringDriver.connect(NonRegisteringDriver.java:356) ~[mysql-connector-java-5.1.29.jar:?]
	at com.alibaba.druid.filter.FilterChainImpl.connection_connect(FilterChainImpl.java:149) ~[druid-1.1.9.jar:1.1.9]
	at com.alibaba.druid.filter.FilterAdapter.connection_connect(FilterAdapter.java:786) ~[druid-1.1.9.jar:1.1.9]
	at com.alibaba.druid.filter.FilterChainImpl.connection_connect(FilterChainImpl.java:143) ~[druid-1.1.9.jar:1.1.9]
	at com.alibaba.druid.pool.DruidAbstractDataSource.createPhysicalConnection(DruidAbstractDataSource.java:1515) ~[druid-1.1.9.jar:1.1.9]
	at com.alibaba.druid.pool.DruidAbstractDataSource.createPhysicalConnection(DruidAbstractDataSource.java:1578) ~[druid-1.1.9.jar:1.1.9]
	at com.alibaba.druid.pool.DruidDataSource$CreateConnectionThread.run(DruidDataSource.java:2466) ~[druid-1.1.9.jar:1.1.9]
Caused by: java.lang.NumberFormatException: For input string: "{tidb.port}"
	at java.lang.NumberFormatException.forInputString(NumberFormatException.java:65) ~[?:1.8.0_241]
	at java.lang.Integer.parseInt(Integer.java:580) ~[?:1.8.0_241]
	at java.lang.Integer.parseInt(Integer.java:615) ~[?:1.8.0_241]
	at com.mysql.jdbc.NonRegisteringDriver.port(NonRegisteringDriver.java:916) ~[mysql-connector-java-5.1.29.jar:?]
	at com.mysql.jdbc.NonRegisteringDriver.connect(NonRegisteringDriver.java:347) ~[mysql-connector-java-5.1.29.jar:?]
	... 6 more
2023-08-28 15:22:08.800 ERROR Druid-ConnectionPool-Create-884858691 com.alibaba.druid.pool.DruidDataSource TID:  - create connection SQLException, url: jdbc:mysql://{tidb.host}:{tidb.port}/template?useSSL=false&allowMultiQueries=true, errorCode 0, state 08001
com.mysql.jdbc.exceptions.jdbc4.MySQLNonTransientConnectionException: Cannot load connection class because of underlying exception: 'java.lang.NumberFormatException: For input string: "{tidb.port}"'.
	at sun.reflect.GeneratedConstructorAccessor97.newInstance(Unknown Source) ~[?:?]
	at sun.reflect.DelegatingConstructorAccessorImpl.newInstance(DelegatingConstructorAccessorImpl.java:45) ~[?:1.8.0_241]
	at java.lang.reflect.Constructor.newInstance(Constructor.java:423) ~[?:1.8.0_241]
	at com.mysql.jdbc.Util.handleNewInstance(Util.java:411) ~[mysql-connector-java-5.1.29.jar:?]
	at com.mysql.jdbc.Util.getInstance(Util.java:386) ~[mysql-connector-java-5.1.29.jar:?]
	at com.mysql.jdbc.SQLError.createSQLException(SQLError.java:1015) ~[mysql-connector-java-5.1.29.jar:?]
	at com.mysql.jdbc.SQLError.createSQLException(SQLError.java:989) ~[mysql-connector-java-5.1.29.jar:?]
	at com.mysql.jdbc.SQLError.createSQLException(SQLError.java:975) ~[mysql-connector-java-5.1.29.jar:?]
	at com.mysql.jdbc.SQLError.createSQLException(SQLError.java:920) ~[mysql-connector-java-5.1.29.jar:?]
	at com.mysql.jdbc.NonRegisteringDriver.connect(NonRegisteringDriver.java:356) ~[mysql-connector-java-5.1.29.jar:?]
	at com.alibaba.druid.filter.FilterChainImpl.connection_connect(FilterChainImpl.java:149) ~[druid-1.1.9.jar:1.1.9]
	at com.alibaba.druid.filter.FilterAdapter.connection_connect(FilterAdapter.java:786) ~[druid-1.1.9.jar:1.1.9]
	at com.alibaba.druid.filter.FilterChainImpl.connection_connect(FilterChainImpl.java:143) ~[druid-1.1.9.jar:1.1.9]
	at com.alibaba.druid.pool.DruidAbstractDataSource.createPhysicalConnection(DruidAbstractDataSource.java:1515) ~[druid-1.1.9.jar:1.1.9]
	at com.alibaba.druid.pool.DruidAbstractDataSource.createPhysicalConnection(DruidAbstractDataSource.java:1578) ~[druid-1.1.9.jar:1.1.9]
	at com.alibaba.druid.pool.DruidDataSource$CreateConnectionThread.run(DruidDataSource.java:2466) ~[druid-1.1.9.jar:1.1.9]
Caused by: java.lang.NumberFormatException: For input string: "{tidb.port}"
	at java.lang.NumberFormatException.forInputString(NumberFormatException.java:65) ~[?:1.8.0_241]
	at java.lang.Integer.parseInt(Integer.java:580) ~[?:1.8.0_241]
	at java.lang.Integer.parseInt(Integer.java:615) ~[?:1.8.0_241]
	at com.mysql.jdbc.NonRegisteringDriver.port(NonRegisteringDriver.java:916) ~[mysql-connector-java-5.1.29.jar:?]
	at com.mysql.jdbc.NonRegisteringDriver.connect(NonRegisteringDriver.java:347) ~[mysql-connector-java-5.1.29.jar:?]
	... 6 more
2023-08-28 15:22:09.305 ERROR Druid-ConnectionPool-Create-884858691 com.alibaba.druid.pool.DruidDataSource TID:  - create connection SQLException, url: jdbc:mysql://{tidb.host}:{tidb.port}/template?useSSL=false&allowMultiQueries=true, errorCode 0, state 08001
com.mysql.jdbc.exceptions.jdbc4.MySQLNonTransientConnectionException: Cannot load connection class because of underlying exception: 'java.lang.NumberFormatException: For input string: "{tidb.port}"'.
	at sun.reflect.GeneratedConstructorAccessor97.newInstance(Unknown Source) ~[?:?]
	at sun.reflect.DelegatingConstructorAccessorImpl.newInstance(DelegatingConstructorAccessorImpl.java:45) ~[?:1.8.0_241]
	at java.lang.reflect.Constructor.newInstance(Constructor.java:423) ~[?:1.8.0_241]
	at com.mysql.jdbc.Util.handleNewInstance(Util.java:411) ~[mysql-connector-java-5.1.29.jar:?]
	at com.mysql.jdbc.Util.getInstance(Util.java:386) ~[mysql-connector-java-5.1.29.jar:?]
	at com.mysql.jdbc.SQLError.createSQLException(SQLError.java:1015) ~[mysql-connector-java-5.1.29.jar:?]
	at com.mysql.jdbc.SQLError.createSQLException(SQLError.java:989) ~[mysql-connector-java-5.1.29.jar:?]
	at com.mysql.jdbc.SQLError.createSQLException(SQLError.java:975) ~[mysql-connector-java-5.1.29.jar:?]
	at com.mysql.jdbc.SQLError.createSQLException(SQLError.java:920) ~[mysql-connector-java-5.1.29.jar:?]
	at com.mysql.jdbc.NonRegisteringDriver.connect(NonRegisteringDriver.java:356) ~[mysql-connector-java-5.1.29.jar:?]
	at com.alibaba.druid.filter.FilterChainImpl.connection_connect(FilterChainImpl.java:149) ~[druid-1.1.9.jar:1.1.9]
	at com.alibaba.druid.filter.FilterAdapter.connection_connect(FilterAdapter.java:786) ~[druid-1.1.9.jar:1.1.9]
	at com.alibaba.druid.filter.FilterChainImpl.connection_connect(FilterChainImpl.java:143) ~[druid-1.1.9.jar:1.1.9]
	at com.alibaba.druid.pool.DruidAbstractDataSource.createPhysicalConnection(DruidAbstractDataSource.java:1515) ~[druid-1.1.9.jar:1.1.9]
	at com.alibaba.druid.pool.DruidAbstractDataSource.createPhysicalConnection(DruidAbstractDataSource.java:1578) ~[druid-1.1.9.jar:1.1.9]
	at com.alibaba.druid.pool.DruidDataSource$CreateConnectionThread.run(DruidDataSource.java:2466) ~[druid-1.1.9.jar:1.1.9]
Caused by: java.lang.NumberFormatException: For input string: "{tidb.port}"
	at java.lang.NumberFormatException.forInputString(NumberFormatException.java:65) ~[?:1.8.0_241]
	at java.lang.Integer.parseInt(Integer.java:580) ~[?:1.8.0_241]
	at java.lang.Integer.parseInt(Integer.java:615) ~[?:1.8.0_241]
	at com.mysql.jdbc.NonRegisteringDriver.port(NonRegisteringDriver.java:916) ~[mysql-connector-java-5.1.29.jar:?]
	at com.mysql.jdbc.NonRegisteringDriver.connect(NonRegisteringDriver.java:347) ~[mysql-connector-java-5.1.29.jar:?]
	... 6 more
2023-08-28 15:22:09.808 ERROR Druid-ConnectionPool-Create-884858691 com.alibaba.druid.pool.DruidDataSource TID:  - create connection SQLException, url: jdbc:mysql://{tidb.host}:{tidb.port}/template?useSSL=false&allowMultiQueries=true, errorCode 0, state 08001
com.mysql.jdbc.exceptions.jdbc4.MySQLNonTransientConnectionException: Cannot load connection class because of underlying exception: 'java.lang.NumberFormatException: For input string: "{tidb.port}"'.
	at sun.reflect.GeneratedConstructorAccessor97.newInstance(Unknown Source) ~[?:?]
	at sun.reflect.DelegatingConstructorAccessorImpl.newInstance(DelegatingConstructorAccessorImpl.java:45) ~[?:1.8.0_241]
	at java.lang.reflect.Constructor.newInstance(Constructor.java:423) ~[?:1.8.0_241]
	at com.mysql.jdbc.Util.handleNewInstance(Util.java:411) ~[mysql-connector-java-5.1.29.jar:?]
	at com.mysql.jdbc.Util.getInstance(Util.java:386) ~[mysql-connector-java-5.1.29.jar:?]
	at com.mysql.jdbc.SQLError.createSQLException(SQLError.java:1015) ~[mysql-connector-java-5.1.29.jar:?]
	at com.mysql.jdbc.SQLError.createSQLException(SQLError.java:989) ~[mysql-connector-java-5.1.29.jar:?]
	at com.mysql.jdbc.SQLError.createSQLException(SQLError.java:975) ~[mysql-connector-java-5.1.29.jar:?]
	at com.mysql.jdbc.SQLError.createSQLException(SQLError.java:920) ~[mysql-connector-java-5.1.29.jar:?]
	at com.mysql.jdbc.NonRegisteringDriver.connect(NonRegisteringDriver.java:356) ~[mysql-connector-java-5.1.29.jar:?]
	at com.alibaba.druid.filter.FilterChainImpl.connection_connect(FilterChainImpl.java:149) ~[druid-1.1.9.jar:1.1.9]
	at com.alibaba.druid.filter.FilterAdapter.connection_connect(FilterAdapter.java:786) ~[druid-1.1.9.jar:1.1.9]
	at com.alibaba.druid.filter.FilterChainImpl.connection_connect(FilterChainImpl.java:143) ~[druid-1.1.9.jar:1.1.9]
	at com.alibaba.druid.pool.DruidAbstractDataSource.createPhysicalConnection(DruidAbstractDataSource.java:1515) ~[druid-1.1.9.jar:1.1.9]
	at com.alibaba.druid.pool.DruidAbstractDataSource.createPhysicalConnection(DruidAbstractDataSource.java:1578) ~[druid-1.1.9.jar:1.1.9]
	at com.alibaba.druid.pool.DruidDataSource$CreateConnectionThread.run(DruidDataSource.java:2466) ~[druid-1.1.9.jar:1.1.9]
Caused by: java.lang.NumberFormatException: For input string: "{tidb.port}"
	at java.lang.NumberFormatException.forInputString(NumberFormatException.java:65) ~[?:1.8.0_241]
	at java.lang.Integer.parseInt(Integer.java:580) ~[?:1.8.0_241]
	at java.lang.Integer.parseInt(Integer.java:615) ~[?:1.8.0_241]
	at com.mysql.jdbc.NonRegisteringDriver.port(NonRegisteringDriver.java:916) ~[mysql-connector-java-5.1.29.jar:?]
	at com.mysql.jdbc.NonRegisteringDriver.connect(NonRegisteringDriver.java:347) ~[mysql-connector-java-5.1.29.jar:?]
	... 6 more
2023-08-28 15:22:10.313 ERROR Druid-ConnectionPool-Create-884858691 com.alibaba.druid.pool.DruidDataSource TID:  - create connection SQLException, url: jdbc:mysql://{tidb.host}:{tidb.port}/template?useSSL=false&allowMultiQueries=true, errorCode 0, state 08001
com.mysql.jdbc.exceptions.jdbc4.MySQLNonTransientConnectionException: Cannot load connection class because of underlying exception: 'java.lang.NumberFormatException: For input string: "{tidb.port}"'.
	at sun.reflect.GeneratedConstructorAccessor97.newInstance(Unknown Source) ~[?:?]
	at sun.reflect.DelegatingConstructorAccessorImpl.newInstance(DelegatingConstructorAccessorImpl.java:45) ~[?:1.8.0_241]
	at java.lang.reflect.Constructor.newInstance(Constructor.java:423) ~[?:1.8.0_241]
	at com.mysql.jdbc.Util.handleNewInstance(Util.java:411) ~[mysql-connector-java-5.1.29.jar:?]
	at com.mysql.jdbc.Util.getInstance(Util.java:386) ~[mysql-connector-java-5.1.29.jar:?]
	at com.mysql.jdbc.SQLError.createSQLException(SQLError.java:1015) ~[mysql-connector-java-5.1.29.jar:?]
	at com.mysql.jdbc.SQLError.createSQLException(SQLError.java:989) ~[mysql-connector-java-5.1.29.jar:?]
	at com.mysql.jdbc.SQLError.createSQLException(SQLError.java:975) ~[mysql-connector-java-5.1.29.jar:?]
	at com.mysql.jdbc.SQLError.createSQLException(SQLError.java:920) ~[mysql-connector-java-5.1.29.jar:?]
	at com.mysql.jdbc.NonRegisteringDriver.connect(NonRegisteringDriver.java:356) ~[mysql-connector-java-5.1.29.jar:?]
	at com.alibaba.druid.filter.FilterChainImpl.connection_connect(FilterChainImpl.java:149) ~[druid-1.1.9.jar:1.1.9]
	at com.alibaba.druid.filter.FilterAdapter.connection_connect(FilterAdapter.java:786) ~[druid-1.1.9.jar:1.1.9]
	at com.alibaba.druid.filter.FilterChainImpl.connection_connect(FilterChainImpl.java:143) ~[druid-1.1.9.jar:1.1.9]
	at com.alibaba.druid.pool.DruidAbstractDataSource.createPhysicalConnection(DruidAbstractDataSource.java:1515) ~[druid-1.1.9.jar:1.1.9]
	at com.alibaba.druid.pool.DruidAbstractDataSource.createPhysicalConnection(DruidAbstractDataSource.java:1578) ~[druid-1.1.9.jar:1.1.9]
	at com.alibaba.druid.pool.DruidDataSource$CreateConnectionThread.run(DruidDataSource.java:2466) ~[druid-1.1.9.jar:1.1.9]
Caused by: java.lang.NumberFormatException: For input string: "{tidb.port}"
	at java.lang.NumberFormatException.forInputString(NumberFormatException.java:65) ~[?:1.8.0_241]
	at java.lang.Integer.parseInt(Integer.java:580) ~[?:1.8.0_241]
	at java.lang.Integer.parseInt(Integer.java:615) ~[?:1.8.0_241]
	at com.mysql.jdbc.NonRegisteringDriver.port(NonRegisteringDriver.java:916) ~[mysql-connector-java-5.1.29.jar:?]
	at com.mysql.jdbc.NonRegisteringDriver.connect(NonRegisteringDriver.java:347) ~[mysql-connector-java-5.1.29.jar:?]
	... 6 more
2023-08-28 15:22:10.818 ERROR Druid-ConnectionPool-Create-884858691 com.alibaba.druid.pool.DruidDataSource TID:  - create connection SQLException, url: jdbc:mysql://{tidb.host}:{tidb.port}/template?useSSL=false&allowMultiQueries=true, errorCode 0, state 08001
com.mysql.jdbc.exceptions.jdbc4.MySQLNonTransientConnectionException: Cannot load connection class because of underlying exception: 'java.lang.NumberFormatException: For input string: "{tidb.port}"'.
	at sun.reflect.GeneratedConstructorAccessor97.newInstance(Unknown Source) ~[?:?]
	at sun.reflect.DelegatingConstructorAccessorImpl.newInstance(DelegatingConstructorAccessorImpl.java:45) ~[?:1.8.0_241]
	at java.lang.reflect.Constructor.newInstance(Constructor.java:423) ~[?:1.8.0_241]
	at com.mysql.jdbc.Util.handleNewInstance(Util.java:411) ~[mysql-connector-java-5.1.29.jar:?]
	at com.mysql.jdbc.Util.getInstance(Util.java:386) ~[mysql-connector-java-5.1.29.jar:?]
	at com.mysql.jdbc.SQLError.createSQLException(SQLError.java:1015) ~[mysql-connector-java-5.1.29.jar:?]
	at com.mysql.jdbc.SQLError.createSQLException(SQLError.java:989) ~[mysql-connector-java-5.1.29.jar:?]
	at com.mysql.jdbc.SQLError.createSQLException(SQLError.java:975) ~[mysql-connector-java-5.1.29.jar:?]
	at com.mysql.jdbc.SQLError.createSQLException(SQLError.java:920) ~[mysql-connector-java-5.1.29.jar:?]
	at com.mysql.jdbc.NonRegisteringDriver.connect(NonRegisteringDriver.java:356) ~[mysql-connector-java-5.1.29.jar:?]
	at com.alibaba.druid.filter.FilterChainImpl.connection_connect(FilterChainImpl.java:149) ~[druid-1.1.9.jar:1.1.9]
	at com.alibaba.druid.filter.FilterAdapter.connection_connect(FilterAdapter.java:786) ~[druid-1.1.9.jar:1.1.9]
	at com.alibaba.druid.filter.FilterChainImpl.connection_connect(FilterChainImpl.java:143) ~[druid-1.1.9.jar:1.1.9]
	at com.alibaba.druid.pool.DruidAbstractDataSource.createPhysicalConnection(DruidAbstractDataSource.java:1515) ~[druid-1.1.9.jar:1.1.9]
	at com.alibaba.druid.pool.DruidAbstractDataSource.createPhysicalConnection(DruidAbstractDataSource.java:1578) ~[druid-1.1.9.jar:1.1.9]
	at com.alibaba.druid.pool.DruidDataSource$CreateConnectionThread.run(DruidDataSource.java:2466) ~[druid-1.1.9.jar:1.1.9]
Caused by: java.lang.NumberFormatException: For input string: "{tidb.port}"
	at java.lang.NumberFormatException.forInputString(NumberFormatException.java:65) ~[?:1.8.0_241]
	at java.lang.Integer.parseInt(Integer.java:580) ~[?:1.8.0_241]
	at java.lang.Integer.parseInt(Integer.java:615) ~[?:1.8.0_241]
	at com.mysql.jdbc.NonRegisteringDriver.port(NonRegisteringDriver.java:916) ~[mysql-connector-java-5.1.29.jar:?]
	at com.mysql.jdbc.NonRegisteringDriver.connect(NonRegisteringDriver.java:347) ~[mysql-connector-java-5.1.29.jar:?]
	... 6 more
2023-08-28 15:22:11.323 ERROR Druid-ConnectionPool-Create-884858691 com.alibaba.druid.pool.DruidDataSource TID:  - create connection SQLException, url: jdbc:mysql://{tidb.host}:{tidb.port}/template?useSSL=false&allowMultiQueries=true, errorCode 0, state 08001
com.mysql.jdbc.exceptions.jdbc4.MySQLNonTransientConnectionException: Cannot load connection class because of underlying exception: 'java.lang.NumberFormatException: For input string: "{tidb.port}"'.
	at sun.reflect.GeneratedConstructorAccessor97.newInstance(Unknown Source) ~[?:?]
	at sun.reflect.DelegatingConstructorAccessorImpl.newInstance(DelegatingConstructorAccessorImpl.java:45) ~[?:1.8.0_241]
	at java.lang.reflect.Constructor.newInstance(Constructor.java:423) ~[?:1.8.0_241]
	at com.mysql.jdbc.Util.handleNewInstance(Util.java:411) ~[mysql-connector-java-5.1.29.jar:?]
	at com.mysql.jdbc.Util.getInstance(Util.java:386) ~[mysql-connector-java-5.1.29.jar:?]
	at com.mysql.jdbc.SQLError.createSQLException(SQLError.java:1015) ~[mysql-connector-java-5.1.29.jar:?]
	at com.mysql.jdbc.SQLError.createSQLException(SQLError.java:989) ~[mysql-connector-java-5.1.29.jar:?]
	at com.mysql.jdbc.SQLError.createSQLException(SQLError.java:975) ~[mysql-connector-java-5.1.29.jar:?]
	at com.mysql.jdbc.SQLError.createSQLException(SQLError.java:920) ~[mysql-connector-java-5.1.29.jar:?]
	at com.mysql.jdbc.NonRegisteringDriver.connect(NonRegisteringDriver.java:356) ~[mysql-connector-java-5.1.29.jar:?]
	at com.alibaba.druid.filter.FilterChainImpl.connection_connect(FilterChainImpl.java:149) ~[druid-1.1.9.jar:1.1.9]
	at com.alibaba.druid.filter.FilterAdapter.connection_connect(FilterAdapter.java:786) ~[druid-1.1.9.jar:1.1.9]
	at com.alibaba.druid.filter.FilterChainImpl.connection_connect(FilterChainImpl.java:143) ~[druid-1.1.9.jar:1.1.9]
	at com.alibaba.druid.pool.DruidAbstractDataSource.createPhysicalConnection(DruidAbstractDataSource.java:1515) ~[druid-1.1.9.jar:1.1.9]
	at com.alibaba.druid.pool.DruidAbstractDataSource.createPhysicalConnection(DruidAbstractDataSource.java:1578) ~[druid-1.1.9.jar:1.1.9]
	at com.alibaba.druid.pool.DruidDataSource$CreateConnectionThread.run(DruidDataSource.java:2466) ~[druid-1.1.9.jar:1.1.9]
Caused by: java.lang.NumberFormatException: For input string: "{tidb.port}"
	at java.lang.NumberFormatException.forInputString(NumberFormatException.java:65) ~[?:1.8.0_241]
	at java.lang.Integer.parseInt(Integer.java:580) ~[?:1.8.0_241]
	at java.lang.Integer.parseInt(Integer.java:615) ~[?:1.8.0_241]
	at com.mysql.jdbc.NonRegisteringDriver.port(NonRegisteringDriver.java:916) ~[mysql-connector-java-5.1.29.jar:?]
	at com.mysql.jdbc.NonRegisteringDriver.connect(NonRegisteringDriver.java:347) ~[mysql-connector-java-5.1.29.jar:?]
	... 6 more
2023-08-28 15:22:11.827 ERROR Druid-ConnectionPool-Create-884858691 com.alibaba.druid.pool.DruidDataSource TID:  - create connection SQLException, url: jdbc:mysql://{tidb.host}:{tidb.port}/template?useSSL=false&allowMultiQueries=true, errorCode 0, state 08001
com.mysql.jdbc.exceptions.jdbc4.MySQLNonTransientConnectionException: Cannot load connection class because of underlying exception: 'java.lang.NumberFormatException: For input string: "{tidb.port}"'.
	at sun.reflect.GeneratedConstructorAccessor97.newInstance(Unknown Source) ~[?:?]
	at sun.reflect.DelegatingConstructorAccessorImpl.newInstance(DelegatingConstructorAccessorImpl.java:45) ~[?:1.8.0_241]
	at java.lang.reflect.Constructor.newInstance(Constructor.java:423) ~[?:1.8.0_241]
	at com.mysql.jdbc.Util.handleNewInstance(Util.java:411) ~[mysql-connector-java-5.1.29.jar:?]
	at com.mysql.jdbc.Util.getInstance(Util.java:386) ~[mysql-connector-java-5.1.29.jar:?]
	at com.mysql.jdbc.SQLError.createSQLException(SQLError.java:1015) ~[mysql-connector-java-5.1.29.jar:?]
	at com.mysql.jdbc.SQLError.createSQLException(SQLError.java:989) ~[mysql-connector-java-5.1.29.jar:?]
	at com.mysql.jdbc.SQLError.createSQLException(SQLError.java:975) ~[mysql-connector-java-5.1.29.jar:?]
	at com.mysql.jdbc.SQLError.createSQLException(SQLError.java:920) ~[mysql-connector-java-5.1.29.jar:?]
	at com.mysql.jdbc.NonRegisteringDriver.connect(NonRegisteringDriver.java:356) ~[mysql-connector-java-5.1.29.jar:?]
	at com.alibaba.druid.filter.FilterChainImpl.connection_connect(FilterChainImpl.java:149) ~[druid-1.1.9.jar:1.1.9]
	at com.alibaba.druid.filter.FilterAdapter.connection_connect(FilterAdapter.java:786) ~[druid-1.1.9.jar:1.1.9]
	at com.alibaba.druid.filter.FilterChainImpl.connection_connect(FilterChainImpl.java:143) ~[druid-1.1.9.jar:1.1.9]
	at com.alibaba.druid.pool.DruidAbstractDataSource.createPhysicalConnection(DruidAbstractDataSource.java:1515) ~[druid-1.1.9.jar:1.1.9]
	at com.alibaba.druid.pool.DruidAbstractDataSource.createPhysicalConnection(DruidAbstractDataSource.java:1578) ~[druid-1.1.9.jar:1.1.9]
	at com.alibaba.druid.pool.DruidDataSource$CreateConnectionThread.run(DruidDataSource.java:2466) ~[druid-1.1.9.jar:1.1.9]
Caused by: java.lang.NumberFormatException: For input string: "{tidb.port}"
	at java.lang.NumberFormatException.forInputString(NumberFormatException.java:65) ~[?:1.8.0_241]
	at java.lang.Integer.parseInt(Integer.java:580) ~[?:1.8.0_241]
	at java.lang.Integer.parseInt(Integer.java:615) ~[?:1.8.0_241]
	at com.mysql.jdbc.NonRegisteringDriver.port(NonRegisteringDriver.java:916) ~[mysql-connector-java-5.1.29.jar:?]
	at com.mysql.jdbc.NonRegisteringDriver.connect(NonRegisteringDriver.java:347) ~[mysql-connector-java-5.1.29.jar:?]
	... 6 more
2023-08-28 15:22:12.329 ERROR Druid-ConnectionPool-Create-884858691 com.alibaba.druid.pool.DruidDataSource TID:  - create connection SQLException, url: jdbc:mysql://{tidb.host}:{tidb.port}/template?useSSL=false&allowMultiQueries=true, errorCode 0, state 08001
com.mysql.jdbc.exceptions.jdbc4.MySQLNonTransientConnectionException: Cannot load connection class because of underlying exception: 'java.lang.NumberFormatException: For input string: "{tidb.port}"'.
	at sun.reflect.GeneratedConstructorAccessor97.newInstance(Unknown Source) ~[?:?]
	at sun.reflect.DelegatingConstructorAccessorImpl.newInstance(DelegatingConstructorAccessorImpl.java:45) ~[?:1.8.0_241]
	at java.lang.reflect.Constructor.newInstance(Constructor.java:423) ~[?:1.8.0_241]
	at com.mysql.jdbc.Util.handleNewInstance(Util.java:411) ~[mysql-connector-java-5.1.29.jar:?]
	at com.mysql.jdbc.Util.getInstance(Util.java:386) ~[mysql-connector-java-5.1.29.jar:?]
	at com.mysql.jdbc.SQLError.createSQLException(SQLError.java:1015) ~[mysql-connector-java-5.1.29.jar:?]
	at com.mysql.jdbc.SQLError.createSQLException(SQLError.java:989) ~[mysql-connector-java-5.1.29.jar:?]
	at com.mysql.jdbc.SQLError.createSQLException(SQLError.java:975) ~[mysql-connector-java-5.1.29.jar:?]
	at com.mysql.jdbc.SQLError.createSQLException(SQLError.java:920) ~[mysql-connector-java-5.1.29.jar:?]
	at com.mysql.jdbc.NonRegisteringDriver.connect(NonRegisteringDriver.java:356) ~[mysql-connector-java-5.1.29.jar:?]
	at com.alibaba.druid.filter.FilterChainImpl.connection_connect(FilterChainImpl.java:149) ~[druid-1.1.9.jar:1.1.9]
	at com.alibaba.druid.filter.FilterAdapter.connection_connect(FilterAdapter.java:786) ~[druid-1.1.9.jar:1.1.9]
	at com.alibaba.druid.filter.FilterChainImpl.connection_connect(FilterChainImpl.java:143) ~[druid-1.1.9.jar:1.1.9]
	at com.alibaba.druid.pool.DruidAbstractDataSource.createPhysicalConnection(DruidAbstractDataSource.java:1515) ~[druid-1.1.9.jar:1.1.9]
	at com.alibaba.druid.pool.DruidAbstractDataSource.createPhysicalConnection(DruidAbstractDataSource.java:1578) ~[druid-1.1.9.jar:1.1.9]
	at com.alibaba.druid.pool.DruidDataSource$CreateConnectionThread.run(DruidDataSource.java:2466) ~[druid-1.1.9.jar:1.1.9]
Caused by: java.lang.NumberFormatException: For input string: "{tidb.port}"
	at java.lang.NumberFormatException.forInputString(NumberFormatException.java:65) ~[?:1.8.0_241]
	at java.lang.Integer.parseInt(Integer.java:580) ~[?:1.8.0_241]
	at java.lang.Integer.parseInt(Integer.java:615) ~[?:1.8.0_241]
	at com.mysql.jdbc.NonRegisteringDriver.port(NonRegisteringDriver.java:916) ~[mysql-connector-java-5.1.29.jar:?]
	at com.mysql.jdbc.NonRegisteringDriver.connect(NonRegisteringDriver.java:347) ~[mysql-connector-java-5.1.29.jar:?]
	... 6 more
2023-08-28 15:22:12.832 ERROR Druid-ConnectionPool-Create-884858691 com.alibaba.druid.pool.DruidDataSource TID:  - create connection SQLException, url: jdbc:mysql://{tidb.host}:{tidb.port}/template?useSSL=false&allowMultiQueries=true, errorCode 0, state 08001
com.mysql.jdbc.exceptions.jdbc4.MySQLNonTransientConnectionException: Cannot load connection class because of underlying exception: 'java.lang.NumberFormatException: For input string: "{tidb.port}"'.
	at sun.reflect.GeneratedConstructorAccessor97.newInstance(Unknown Source) ~[?:?]
	at sun.reflect.DelegatingConstructorAccessorImpl.newInstance(DelegatingConstructorAccessorImpl.java:45) ~[?:1.8.0_241]
	at java.lang.reflect.Constructor.newInstance(Constructor.java:423) ~[?:1.8.0_241]
	at com.mysql.jdbc.Util.handleNewInstance(Util.java:411) ~[mysql-connector-java-5.1.29.jar:?]
	at com.mysql.jdbc.Util.getInstance(Util.java:386) ~[mysql-connector-java-5.1.29.jar:?]
	at com.mysql.jdbc.SQLError.createSQLException(SQLError.java:1015) ~[mysql-connector-java-5.1.29.jar:?]
	at com.mysql.jdbc.SQLError.createSQLException(SQLError.java:989) ~[mysql-connector-java-5.1.29.jar:?]
	at com.mysql.jdbc.SQLError.createSQLException(SQLError.java:975) ~[mysql-connector-java-5.1.29.jar:?]
	at com.mysql.jdbc.SQLError.createSQLException(SQLError.java:920) ~[mysql-connector-java-5.1.29.jar:?]
	at com.mysql.jdbc.NonRegisteringDriver.connect(NonRegisteringDriver.java:356) ~[mysql-connector-java-5.1.29.jar:?]
	at com.alibaba.druid.filter.FilterChainImpl.connection_connect(FilterChainImpl.java:149) ~[druid-1.1.9.jar:1.1.9]
	at com.alibaba.druid.filter.FilterAdapter.connection_connect(FilterAdapter.java:786) ~[druid-1.1.9.jar:1.1.9]
	at com.alibaba.druid.filter.FilterChainImpl.connection_connect(FilterChainImpl.java:143) ~[druid-1.1.9.jar:1.1.9]
	at com.alibaba.druid.pool.DruidAbstractDataSource.createPhysicalConnection(DruidAbstractDataSource.java:1515) ~[druid-1.1.9.jar:1.1.9]
	at com.alibaba.druid.pool.DruidAbstractDataSource.createPhysicalConnection(DruidAbstractDataSource.java:1578) ~[druid-1.1.9.jar:1.1.9]
	at com.alibaba.druid.pool.DruidDataSource$CreateConnectionThread.run(DruidDataSource.java:2466) ~[druid-1.1.9.jar:1.1.9]
Caused by: java.lang.NumberFormatException: For input string: "{tidb.port}"
	at java.lang.NumberFormatException.forInputString(NumberFormatException.java:65) ~[?:1.8.0_241]
	at java.lang.Integer.parseInt(Integer.java:580) ~[?:1.8.0_241]
	at java.lang.Integer.parseInt(Integer.java:615) ~[?:1.8.0_241]
	at com.mysql.jdbc.NonRegisteringDriver.port(NonRegisteringDriver.java:916) ~[mysql-connector-java-5.1.29.jar:?]
	at com.mysql.jdbc.NonRegisteringDriver.connect(NonRegisteringDriver.java:347) ~[mysql-connector-java-5.1.29.jar:?]
	... 6 more
2023-08-28 15:22:13.338 ERROR Druid-ConnectionPool-Create-884858691 com.alibaba.druid.pool.DruidDataSource TID:  - create connection SQLException, url: jdbc:mysql://{tidb.host}:{tidb.port}/template?useSSL=false&allowMultiQueries=true, errorCode 0, state 08001
com.mysql.jdbc.exceptions.jdbc4.MySQLNonTransientConnectionException: Cannot load connection class because of underlying exception: 'java.lang.NumberFormatException: For input string: "{tidb.port}"'.
	at sun.reflect.GeneratedConstructorAccessor97.newInstance(Unknown Source) ~[?:?]
	at sun.reflect.DelegatingConstructorAccessorImpl.newInstance(DelegatingConstructorAccessorImpl.java:45) ~[?:1.8.0_241]
	at java.lang.reflect.Constructor.newInstance(Constructor.java:423) ~[?:1.8.0_241]
	at com.mysql.jdbc.Util.handleNewInstance(Util.java:411) ~[mysql-connector-java-5.1.29.jar:?]
	at com.mysql.jdbc.Util.getInstance(Util.java:386) ~[mysql-connector-java-5.1.29.jar:?]
	at com.mysql.jdbc.SQLError.createSQLException(SQLError.java:1015) ~[mysql-connector-java-5.1.29.jar:?]
	at com.mysql.jdbc.SQLError.createSQLException(SQLError.java:989) ~[mysql-connector-java-5.1.29.jar:?]
	at com.mysql.jdbc.SQLError.createSQLException(SQLError.java:975) ~[mysql-connector-java-5.1.29.jar:?]
	at com.mysql.jdbc.SQLError.createSQLException(SQLError.java:920) ~[mysql-connector-java-5.1.29.jar:?]
	at com.mysql.jdbc.NonRegisteringDriver.connect(NonRegisteringDriver.java:356) ~[mysql-connector-java-5.1.29.jar:?]
	at com.alibaba.druid.filter.FilterChainImpl.connection_connect(FilterChainImpl.java:149) ~[druid-1.1.9.jar:1.1.9]
	at com.alibaba.druid.filter.FilterAdapter.connection_connect(FilterAdapter.java:786) ~[druid-1.1.9.jar:1.1.9]
	at com.alibaba.druid.filter.FilterChainImpl.connection_connect(FilterChainImpl.java:143) ~[druid-1.1.9.jar:1.1.9]
	at com.alibaba.druid.pool.DruidAbstractDataSource.createPhysicalConnection(DruidAbstractDataSource.java:1515) ~[druid-1.1.9.jar:1.1.9]
	at com.alibaba.druid.pool.DruidAbstractDataSource.createPhysicalConnection(DruidAbstractDataSource.java:1578) ~[druid-1.1.9.jar:1.1.9]
	at com.alibaba.druid.pool.DruidDataSource$CreateConnectionThread.run(DruidDataSource.java:2466) ~[druid-1.1.9.jar:1.1.9]
Caused by: java.lang.NumberFormatException: For input string: "{tidb.port}"
	at java.lang.NumberFormatException.forInputString(NumberFormatException.java:65) ~[?:1.8.0_241]
	at java.lang.Integer.parseInt(Integer.java:580) ~[?:1.8.0_241]
	at java.lang.Integer.parseInt(Integer.java:615) ~[?:1.8.0_241]
	at com.mysql.jdbc.NonRegisteringDriver.port(NonRegisteringDriver.java:916) ~[mysql-connector-java-5.1.29.jar:?]
	at com.mysql.jdbc.NonRegisteringDriver.connect(NonRegisteringDriver.java:347) ~[mysql-connector-java-5.1.29.jar:?]
	... 6 more
2023-08-28 15:22:13.839 ERROR Druid-ConnectionPool-Create-884858691 com.alibaba.druid.pool.DruidDataSource TID:  - create connection SQLException, url: jdbc:mysql://{tidb.host}:{tidb.port}/template?useSSL=false&allowMultiQueries=true, errorCode 0, state 08001
com.mysql.jdbc.exceptions.jdbc4.MySQLNonTransientConnectionException: Cannot load connection class because of underlying exception: 'java.lang.NumberFormatException: For input string: "{tidb.port}"'.
	at sun.reflect.GeneratedConstructorAccessor97.newInstance(Unknown Source) ~[?:?]
	at sun.reflect.DelegatingConstructorAccessorImpl.newInstance(DelegatingConstructorAccessorImpl.java:45) ~[?:1.8.0_241]
	at java.lang.reflect.Constructor.newInstance(Constructor.java:423) ~[?:1.8.0_241]
	at com.mysql.jdbc.Util.handleNewInstance(Util.java:411) ~[mysql-connector-java-5.1.29.jar:?]
	at com.mysql.jdbc.Util.getInstance(Util.java:386) ~[mysql-connector-java-5.1.29.jar:?]
	at com.mysql.jdbc.SQLError.createSQLException(SQLError.java:1015) ~[mysql-connector-java-5.1.29.jar:?]
	at com.mysql.jdbc.SQLError.createSQLException(SQLError.java:989) ~[mysql-connector-java-5.1.29.jar:?]
	at com.mysql.jdbc.SQLError.createSQLException(SQLError.java:975) ~[mysql-connector-java-5.1.29.jar:?]
	at com.mysql.jdbc.SQLError.createSQLException(SQLError.java:920) ~[mysql-connector-java-5.1.29.jar:?]
	at com.mysql.jdbc.NonRegisteringDriver.connect(NonRegisteringDriver.java:356) ~[mysql-connector-java-5.1.29.jar:?]
	at com.alibaba.druid.filter.FilterChainImpl.connection_connect(FilterChainImpl.java:149) ~[druid-1.1.9.jar:1.1.9]
	at com.alibaba.druid.filter.FilterAdapter.connection_connect(FilterAdapter.java:786) ~[druid-1.1.9.jar:1.1.9]
	at com.alibaba.druid.filter.FilterChainImpl.connection_connect(FilterChainImpl.java:143) ~[druid-1.1.9.jar:1.1.9]
	at com.alibaba.druid.pool.DruidAbstractDataSource.createPhysicalConnection(DruidAbstractDataSource.java:1515) ~[druid-1.1.9.jar:1.1.9]
	at com.alibaba.druid.pool.DruidAbstractDataSource.createPhysicalConnection(DruidAbstractDataSource.java:1578) ~[druid-1.1.9.jar:1.1.9]
	at com.alibaba.druid.pool.DruidDataSource$CreateConnectionThread.run(DruidDataSource.java:2466) ~[druid-1.1.9.jar:1.1.9]
Caused by: java.lang.NumberFormatException: For input string: "{tidb.port}"
	at java.lang.NumberFormatException.forInputString(NumberFormatException.java:65) ~[?:1.8.0_241]
	at java.lang.Integer.parseInt(Integer.java:580) ~[?:1.8.0_241]
	at java.lang.Integer.parseInt(Integer.java:615) ~[?:1.8.0_241]
	at com.mysql.jdbc.NonRegisteringDriver.port(NonRegisteringDriver.java:916) ~[mysql-connector-java-5.1.29.jar:?]
	at com.mysql.jdbc.NonRegisteringDriver.connect(NonRegisteringDriver.java:347) ~[mysql-connector-java-5.1.29.jar:?]
	... 6 more
2023-08-28 15:22:14.344 ERROR Druid-ConnectionPool-Create-884858691 com.alibaba.druid.pool.DruidDataSource TID:  - create connection SQLException, url: jdbc:mysql://{tidb.host}:{tidb.port}/template?useSSL=false&allowMultiQueries=true, errorCode 0, state 08001
com.mysql.jdbc.exceptions.jdbc4.MySQLNonTransientConnectionException: Cannot load connection class because of underlying exception: 'java.lang.NumberFormatException: For input string: "{tidb.port}"'.
	at sun.reflect.GeneratedConstructorAccessor97.newInstance(Unknown Source) ~[?:?]
	at sun.reflect.DelegatingConstructorAccessorImpl.newInstance(DelegatingConstructorAccessorImpl.java:45) ~[?:1.8.0_241]
	at java.lang.reflect.Constructor.newInstance(Constructor.java:423) ~[?:1.8.0_241]
	at com.mysql.jdbc.Util.handleNewInstance(Util.java:411) ~[mysql-connector-java-5.1.29.jar:?]
	at com.mysql.jdbc.Util.getInstance(Util.java:386) ~[mysql-connector-java-5.1.29.jar:?]
	at com.mysql.jdbc.SQLError.createSQLException(SQLError.java:1015) ~[mysql-connector-java-5.1.29.jar:?]
	at com.mysql.jdbc.SQLError.createSQLException(SQLError.java:989) ~[mysql-connector-java-5.1.29.jar:?]
	at com.mysql.jdbc.SQLError.createSQLException(SQLError.java:975) ~[mysql-connector-java-5.1.29.jar:?]
	at com.mysql.jdbc.SQLError.createSQLException(SQLError.java:920) ~[mysql-connector-java-5.1.29.jar:?]
	at com.mysql.jdbc.NonRegisteringDriver.connect(NonRegisteringDriver.java:356) ~[mysql-connector-java-5.1.29.jar:?]
	at com.alibaba.druid.filter.FilterChainImpl.connection_connect(FilterChainImpl.java:149) ~[druid-1.1.9.jar:1.1.9]
	at com.alibaba.druid.filter.FilterAdapter.connection_connect(FilterAdapter.java:786) ~[druid-1.1.9.jar:1.1.9]
	at com.alibaba.druid.filter.FilterChainImpl.connection_connect(FilterChainImpl.java:143) ~[druid-1.1.9.jar:1.1.9]
	at com.alibaba.druid.pool.DruidAbstractDataSource.createPhysicalConnection(DruidAbstractDataSource.java:1515) ~[druid-1.1.9.jar:1.1.9]
	at com.alibaba.druid.pool.DruidAbstractDataSource.createPhysicalConnection(DruidAbstractDataSource.java:1578) ~[druid-1.1.9.jar:1.1.9]
	at com.alibaba.druid.pool.DruidDataSource$CreateConnectionThread.run(DruidDataSource.java:2466) ~[druid-1.1.9.jar:1.1.9]
Caused by: java.lang.NumberFormatException: For input string: "{tidb.port}"
	at java.lang.NumberFormatException.forInputString(NumberFormatException.java:65) ~[?:1.8.0_241]
	at java.lang.Integer.parseInt(Integer.java:580) ~[?:1.8.0_241]
	at java.lang.Integer.parseInt(Integer.java:615) ~[?:1.8.0_241]
	at com.mysql.jdbc.NonRegisteringDriver.port(NonRegisteringDriver.java:916) ~[mysql-connector-java-5.1.29.jar:?]
	at com.mysql.jdbc.NonRegisteringDriver.connect(NonRegisteringDriver.java:347) ~[mysql-connector-java-5.1.29.jar:?]
	... 6 more
2023-08-28 15:22:14.847 ERROR Druid-ConnectionPool-Create-884858691 com.alibaba.druid.pool.DruidDataSource TID:  - create connection SQLException, url: jdbc:mysql://{tidb.host}:{tidb.port}/template?useSSL=false&allowMultiQueries=true, errorCode 0, state 08001
com.mysql.jdbc.exceptions.jdbc4.MySQLNonTransientConnectionException: Cannot load connection class because of underlying exception: 'java.lang.NumberFormatException: For input string: "{tidb.port}"'.
	at sun.reflect.GeneratedConstructorAccessor97.newInstance(Unknown Source) ~[?:?]
	at sun.reflect.DelegatingConstructorAccessorImpl.newInstance(DelegatingConstructorAccessorImpl.java:45) ~[?:1.8.0_241]
	at java.lang.reflect.Constructor.newInstance(Constructor.java:423) ~[?:1.8.0_241]
	at com.mysql.jdbc.Util.handleNewInstance(Util.java:411) ~[mysql-connector-java-5.1.29.jar:?]
	at com.mysql.jdbc.Util.getInstance(Util.java:386) ~[mysql-connector-java-5.1.29.jar:?]
	at com.mysql.jdbc.SQLError.createSQLException(SQLError.java:1015) ~[mysql-connector-java-5.1.29.jar:?]
	at com.mysql.jdbc.SQLError.createSQLException(SQLError.java:989) ~[mysql-connector-java-5.1.29.jar:?]
	at com.mysql.jdbc.SQLError.createSQLException(SQLError.java:975) ~[mysql-connector-java-5.1.29.jar:?]
	at com.mysql.jdbc.SQLError.createSQLException(SQLError.java:920) ~[mysql-connector-java-5.1.29.jar:?]
	at com.mysql.jdbc.NonRegisteringDriver.connect(NonRegisteringDriver.java:356) ~[mysql-connector-java-5.1.29.jar:?]
	at com.alibaba.druid.filter.FilterChainImpl.connection_connect(FilterChainImpl.java:149) ~[druid-1.1.9.jar:1.1.9]
	at com.alibaba.druid.filter.FilterAdapter.connection_connect(FilterAdapter.java:786) ~[druid-1.1.9.jar:1.1.9]
	at com.alibaba.druid.filter.FilterChainImpl.connection_connect(FilterChainImpl.java:143) ~[druid-1.1.9.jar:1.1.9]
	at com.alibaba.druid.pool.DruidAbstractDataSource.createPhysicalConnection(DruidAbstractDataSource.java:1515) ~[druid-1.1.9.jar:1.1.9]
	at com.alibaba.druid.pool.DruidAbstractDataSource.createPhysicalConnection(DruidAbstractDataSource.java:1578) ~[druid-1.1.9.jar:1.1.9]
	at com.alibaba.druid.pool.DruidDataSource$CreateConnectionThread.run(DruidDataSource.java:2466) ~[druid-1.1.9.jar:1.1.9]
Caused by: java.lang.NumberFormatException: For input string: "{tidb.port}"
	at java.lang.NumberFormatException.forInputString(NumberFormatException.java:65) ~[?:1.8.0_241]
	at java.lang.Integer.parseInt(Integer.java:580) ~[?:1.8.0_241]
	at java.lang.Integer.parseInt(Integer.java:615) ~[?:1.8.0_241]
	at com.mysql.jdbc.NonRegisteringDriver.port(NonRegisteringDriver.java:916) ~[mysql-connector-java-5.1.29.jar:?]
	at com.mysql.jdbc.NonRegisteringDriver.connect(NonRegisteringDriver.java:347) ~[mysql-connector-java-5.1.29.jar:?]
	... 6 more
2023-08-28 15:22:15.352 ERROR Druid-ConnectionPool-Create-884858691 com.alibaba.druid.pool.DruidDataSource TID:  - create connection SQLException, url: jdbc:mysql://{tidb.host}:{tidb.port}/template?useSSL=false&allowMultiQueries=true, errorCode 0, state 08001
com.mysql.jdbc.exceptions.jdbc4.MySQLNonTransientConnectionException: Cannot load connection class because of underlying exception: 'java.lang.NumberFormatException: For input string: "{tidb.port}"'.
	at sun.reflect.GeneratedConstructorAccessor97.newInstance(Unknown Source) ~[?:?]
	at sun.reflect.DelegatingConstructorAccessorImpl.newInstance(DelegatingConstructorAccessorImpl.java:45) ~[?:1.8.0_241]
	at java.lang.reflect.Constructor.newInstance(Constructor.java:423) ~[?:1.8.0_241]
	at com.mysql.jdbc.Util.handleNewInstance(Util.java:411) ~[mysql-connector-java-5.1.29.jar:?]
	at com.mysql.jdbc.Util.getInstance(Util.java:386) ~[mysql-connector-java-5.1.29.jar:?]
	at com.mysql.jdbc.SQLError.createSQLException(SQLError.java:1015) ~[mysql-connector-java-5.1.29.jar:?]
	at com.mysql.jdbc.SQLError.createSQLException(SQLError.java:989) ~[mysql-connector-java-5.1.29.jar:?]
	at com.mysql.jdbc.SQLError.createSQLException(SQLError.java:975) ~[mysql-connector-java-5.1.29.jar:?]
	at com.mysql.jdbc.SQLError.createSQLException(SQLError.java:920) ~[mysql-connector-java-5.1.29.jar:?]
	at com.mysql.jdbc.NonRegisteringDriver.connect(NonRegisteringDriver.java:356) ~[mysql-connector-java-5.1.29.jar:?]
	at com.alibaba.druid.filter.FilterChainImpl.connection_connect(FilterChainImpl.java:149) ~[druid-1.1.9.jar:1.1.9]
	at com.alibaba.druid.filter.FilterAdapter.connection_connect(FilterAdapter.java:786) ~[druid-1.1.9.jar:1.1.9]
	at com.alibaba.druid.filter.FilterChainImpl.connection_connect(FilterChainImpl.java:143) ~[druid-1.1.9.jar:1.1.9]
	at com.alibaba.druid.pool.DruidAbstractDataSource.createPhysicalConnection(DruidAbstractDataSource.java:1515) ~[druid-1.1.9.jar:1.1.9]
	at com.alibaba.druid.pool.DruidAbstractDataSource.createPhysicalConnection(DruidAbstractDataSource.java:1578) ~[druid-1.1.9.jar:1.1.9]
	at com.alibaba.druid.pool.DruidDataSource$CreateConnectionThread.run(DruidDataSource.java:2466) ~[druid-1.1.9.jar:1.1.9]
Caused by: java.lang.NumberFormatException: For input string: "{tidb.port}"
	at java.lang.NumberFormatException.forInputString(NumberFormatException.java:65) ~[?:1.8.0_241]
	at java.lang.Integer.parseInt(Integer.java:580) ~[?:1.8.0_241]
	at java.lang.Integer.parseInt(Integer.java:615) ~[?:1.8.0_241]
	at com.mysql.jdbc.NonRegisteringDriver.port(NonRegisteringDriver.java:916) ~[mysql-connector-java-5.1.29.jar:?]
	at com.mysql.jdbc.NonRegisteringDriver.connect(NonRegisteringDriver.java:347) ~[mysql-connector-java-5.1.29.jar:?]
	... 6 more
2023-08-28 15:22:15.856 ERROR Druid-ConnectionPool-Create-884858691 com.alibaba.druid.pool.DruidDataSource TID:  - create connection SQLException, url: jdbc:mysql://{tidb.host}:{tidb.port}/template?useSSL=false&allowMultiQueries=true, errorCode 0, state 08001
com.mysql.jdbc.exceptions.jdbc4.MySQLNonTransientConnectionException: Cannot load connection class because of underlying exception: 'java.lang.NumberFormatException: For input string: "{tidb.port}"'.
	at sun.reflect.GeneratedConstructorAccessor97.newInstance(Unknown Source) ~[?:?]
	at sun.reflect.DelegatingConstructorAccessorImpl.newInstance(DelegatingConstructorAccessorImpl.java:45) ~[?:1.8.0_241]
	at java.lang.reflect.Constructor.newInstance(Constructor.java:423) ~[?:1.8.0_241]
	at com.mysql.jdbc.Util.handleNewInstance(Util.java:411) ~[mysql-connector-java-5.1.29.jar:?]
	at com.mysql.jdbc.Util.getInstance(Util.java:386) ~[mysql-connector-java-5.1.29.jar:?]
	at com.mysql.jdbc.SQLError.createSQLException(SQLError.java:1015) ~[mysql-connector-java-5.1.29.jar:?]
	at com.mysql.jdbc.SQLError.createSQLException(SQLError.java:989) ~[mysql-connector-java-5.1.29.jar:?]
	at com.mysql.jdbc.SQLError.createSQLException(SQLError.java:975) ~[mysql-connector-java-5.1.29.jar:?]
	at com.mysql.jdbc.SQLError.createSQLException(SQLError.java:920) ~[mysql-connector-java-5.1.29.jar:?]
	at com.mysql.jdbc.NonRegisteringDriver.connect(NonRegisteringDriver.java:356) ~[mysql-connector-java-5.1.29.jar:?]
	at com.alibaba.druid.filter.FilterChainImpl.connection_connect(FilterChainImpl.java:149) ~[druid-1.1.9.jar:1.1.9]
	at com.alibaba.druid.filter.FilterAdapter.connection_connect(FilterAdapter.java:786) ~[druid-1.1.9.jar:1.1.9]
	at com.alibaba.druid.filter.FilterChainImpl.connection_connect(FilterChainImpl.java:143) ~[druid-1.1.9.jar:1.1.9]
	at com.alibaba.druid.pool.DruidAbstractDataSource.createPhysicalConnection(DruidAbstractDataSource.java:1515) ~[druid-1.1.9.jar:1.1.9]
	at com.alibaba.druid.pool.DruidAbstractDataSource.createPhysicalConnection(DruidAbstractDataSource.java:1578) ~[druid-1.1.9.jar:1.1.9]
	at com.alibaba.druid.pool.DruidDataSource$CreateConnectionThread.run(DruidDataSource.java:2466) ~[druid-1.1.9.jar:1.1.9]
Caused by: java.lang.NumberFormatException: For input string: "{tidb.port}"
	at java.lang.NumberFormatException.forInputString(NumberFormatException.java:65) ~[?:1.8.0_241]
	at java.lang.Integer.parseInt(Integer.java:580) ~[?:1.8.0_241]
	at java.lang.Integer.parseInt(Integer.java:615) ~[?:1.8.0_241]
	at com.mysql.jdbc.NonRegisteringDriver.port(NonRegisteringDriver.java:916) ~[mysql-connector-java-5.1.29.jar:?]
	at com.mysql.jdbc.NonRegisteringDriver.connect(NonRegisteringDriver.java:347) ~[mysql-connector-java-5.1.29.jar:?]
	... 6 more
2023-08-28 15:22:16.357 ERROR Druid-ConnectionPool-Create-884858691 com.alibaba.druid.pool.DruidDataSource TID:  - create connection SQLException, url: jdbc:mysql://{tidb.host}:{tidb.port}/template?useSSL=false&allowMultiQueries=true, errorCode 0, state 08001
com.mysql.jdbc.exceptions.jdbc4.MySQLNonTransientConnectionException: Cannot load connection class because of underlying exception: 'java.lang.NumberFormatException: For input string: "{tidb.port}"'.
	at sun.reflect.GeneratedConstructorAccessor97.newInstance(Unknown Source) ~[?:?]
	at sun.reflect.DelegatingConstructorAccessorImpl.newInstance(DelegatingConstructorAccessorImpl.java:45) ~[?:1.8.0_241]
	at java.lang.reflect.Constructor.newInstance(Constructor.java:423) ~[?:1.8.0_241]
	at com.mysql.jdbc.Util.handleNewInstance(Util.java:411) ~[mysql-connector-java-5.1.29.jar:?]
	at com.mysql.jdbc.Util.getInstance(Util.java:386) ~[mysql-connector-java-5.1.29.jar:?]
	at com.mysql.jdbc.SQLError.createSQLException(SQLError.java:1015) ~[mysql-connector-java-5.1.29.jar:?]
	at com.mysql.jdbc.SQLError.createSQLException(SQLError.java:989) ~[mysql-connector-java-5.1.29.jar:?]
	at com.mysql.jdbc.SQLError.createSQLException(SQLError.java:975) ~[mysql-connector-java-5.1.29.jar:?]
	at com.mysql.jdbc.SQLError.createSQLException(SQLError.java:920) ~[mysql-connector-java-5.1.29.jar:?]
	at com.mysql.jdbc.NonRegisteringDriver.connect(NonRegisteringDriver.java:356) ~[mysql-connector-java-5.1.29.jar:?]
	at com.alibaba.druid.filter.FilterChainImpl.connection_connect(FilterChainImpl.java:149) ~[druid-1.1.9.jar:1.1.9]
	at com.alibaba.druid.filter.FilterAdapter.connection_connect(FilterAdapter.java:786) ~[druid-1.1.9.jar:1.1.9]
	at com.alibaba.druid.filter.FilterChainImpl.connection_connect(FilterChainImpl.java:143) ~[druid-1.1.9.jar:1.1.9]
	at com.alibaba.druid.pool.DruidAbstractDataSource.createPhysicalConnection(DruidAbstractDataSource.java:1515) ~[druid-1.1.9.jar:1.1.9]
	at com.alibaba.druid.pool.DruidAbstractDataSource.createPhysicalConnection(DruidAbstractDataSource.java:1578) ~[druid-1.1.9.jar:1.1.9]
	at com.alibaba.druid.pool.DruidDataSource$CreateConnectionThread.run(DruidDataSource.java:2466) ~[druid-1.1.9.jar:1.1.9]
Caused by: java.lang.NumberFormatException: For input string: "{tidb.port}"
	at java.lang.NumberFormatException.forInputString(NumberFormatException.java:65) ~[?:1.8.0_241]
	at java.lang.Integer.parseInt(Integer.java:580) ~[?:1.8.0_241]
	at java.lang.Integer.parseInt(Integer.java:615) ~[?:1.8.0_241]
	at com.mysql.jdbc.NonRegisteringDriver.port(NonRegisteringDriver.java:916) ~[mysql-connector-java-5.1.29.jar:?]
	at com.mysql.jdbc.NonRegisteringDriver.connect(NonRegisteringDriver.java:347) ~[mysql-connector-java-5.1.29.jar:?]
	... 6 more
2023-08-28 15:22:16.862 ERROR Druid-ConnectionPool-Create-884858691 com.alibaba.druid.pool.DruidDataSource TID:  - create connection SQLException, url: jdbc:mysql://{tidb.host}:{tidb.port}/template?useSSL=false&allowMultiQueries=true, errorCode 0, state 08001
com.mysql.jdbc.exceptions.jdbc4.MySQLNonTransientConnectionException: Cannot load connection class because of underlying exception: 'java.lang.NumberFormatException: For input string: "{tidb.port}"'.
	at sun.reflect.GeneratedConstructorAccessor97.newInstance(Unknown Source) ~[?:?]
	at sun.reflect.DelegatingConstructorAccessorImpl.newInstance(DelegatingConstructorAccessorImpl.java:45) ~[?:1.8.0_241]
	at java.lang.reflect.Constructor.newInstance(Constructor.java:423) ~[?:1.8.0_241]
	at com.mysql.jdbc.Util.handleNewInstance(Util.java:411) ~[mysql-connector-java-5.1.29.jar:?]
	at com.mysql.jdbc.Util.getInstance(Util.java:386) ~[mysql-connector-java-5.1.29.jar:?]
	at com.mysql.jdbc.SQLError.createSQLException(SQLError.java:1015) ~[mysql-connector-java-5.1.29.jar:?]
	at com.mysql.jdbc.SQLError.createSQLException(SQLError.java:989) ~[mysql-connector-java-5.1.29.jar:?]
	at com.mysql.jdbc.SQLError.createSQLException(SQLError.java:975) ~[mysql-connector-java-5.1.29.jar:?]
	at com.mysql.jdbc.SQLError.createSQLException(SQLError.java:920) ~[mysql-connector-java-5.1.29.jar:?]
	at com.mysql.jdbc.NonRegisteringDriver.connect(NonRegisteringDriver.java:356) ~[mysql-connector-java-5.1.29.jar:?]
	at com.alibaba.druid.filter.FilterChainImpl.connection_connect(FilterChainImpl.java:149) ~[druid-1.1.9.jar:1.1.9]
	at com.alibaba.druid.filter.FilterAdapter.connection_connect(FilterAdapter.java:786) ~[druid-1.1.9.jar:1.1.9]
	at com.alibaba.druid.filter.FilterChainImpl.connection_connect(FilterChainImpl.java:143) ~[druid-1.1.9.jar:1.1.9]
	at com.alibaba.druid.pool.DruidAbstractDataSource.createPhysicalConnection(DruidAbstractDataSource.java:1515) ~[druid-1.1.9.jar:1.1.9]
	at com.alibaba.druid.pool.DruidAbstractDataSource.createPhysicalConnection(DruidAbstractDataSource.java:1578) ~[druid-1.1.9.jar:1.1.9]
	at com.alibaba.druid.pool.DruidDataSource$CreateConnectionThread.run(DruidDataSource.java:2466) ~[druid-1.1.9.jar:1.1.9]
Caused by: java.lang.NumberFormatException: For input string: "{tidb.port}"
	at java.lang.NumberFormatException.forInputString(NumberFormatException.java:65) ~[?:1.8.0_241]
	at java.lang.Integer.parseInt(Integer.java:580) ~[?:1.8.0_241]
	at java.lang.Integer.parseInt(Integer.java:615) ~[?:1.8.0_241]
	at com.mysql.jdbc.NonRegisteringDriver.port(NonRegisteringDriver.java:916) ~[mysql-connector-java-5.1.29.jar:?]
	at com.mysql.jdbc.NonRegisteringDriver.connect(NonRegisteringDriver.java:347) ~[mysql-connector-java-5.1.29.jar:?]
	... 6 more
2023-08-28 15:22:17.366 ERROR Druid-ConnectionPool-Create-884858691 com.alibaba.druid.pool.DruidDataSource TID:  - create connection SQLException, url: jdbc:mysql://{tidb.host}:{tidb.port}/template?useSSL=false&allowMultiQueries=true, errorCode 0, state 08001
com.mysql.jdbc.exceptions.jdbc4.MySQLNonTransientConnectionException: Cannot load connection class because of underlying exception: 'java.lang.NumberFormatException: For input string: "{tidb.port}"'.
	at sun.reflect.GeneratedConstructorAccessor97.newInstance(Unknown Source) ~[?:?]
	at sun.reflect.DelegatingConstructorAccessorImpl.newInstance(DelegatingConstructorAccessorImpl.java:45) ~[?:1.8.0_241]
	at java.lang.reflect.Constructor.newInstance(Constructor.java:423) ~[?:1.8.0_241]
	at com.mysql.jdbc.Util.handleNewInstance(Util.java:411) ~[mysql-connector-java-5.1.29.jar:?]
	at com.mysql.jdbc.Util.getInstance(Util.java:386) ~[mysql-connector-java-5.1.29.jar:?]
	at com.mysql.jdbc.SQLError.createSQLException(SQLError.java:1015) ~[mysql-connector-java-5.1.29.jar:?]
	at com.mysql.jdbc.SQLError.createSQLException(SQLError.java:989) ~[mysql-connector-java-5.1.29.jar:?]
	at com.mysql.jdbc.SQLError.createSQLException(SQLError.java:975) ~[mysql-connector-java-5.1.29.jar:?]
	at com.mysql.jdbc.SQLError.createSQLException(SQLError.java:920) ~[mysql-connector-java-5.1.29.jar:?]
	at com.mysql.jdbc.NonRegisteringDriver.connect(NonRegisteringDriver.java:356) ~[mysql-connector-java-5.1.29.jar:?]
	at com.alibaba.druid.filter.FilterChainImpl.connection_connect(FilterChainImpl.java:149) ~[druid-1.1.9.jar:1.1.9]
	at com.alibaba.druid.filter.FilterAdapter.connection_connect(FilterAdapter.java:786) ~[druid-1.1.9.jar:1.1.9]
	at com.alibaba.druid.filter.FilterChainImpl.connection_connect(FilterChainImpl.java:143) ~[druid-1.1.9.jar:1.1.9]
	at com.alibaba.druid.pool.DruidAbstractDataSource.createPhysicalConnection(DruidAbstractDataSource.java:1515) ~[druid-1.1.9.jar:1.1.9]
	at com.alibaba.druid.pool.DruidAbstractDataSource.createPhysicalConnection(DruidAbstractDataSource.java:1578) ~[druid-1.1.9.jar:1.1.9]
	at com.alibaba.druid.pool.DruidDataSource$CreateConnectionThread.run(DruidDataSource.java:2466) ~[druid-1.1.9.jar:1.1.9]
Caused by: java.lang.NumberFormatException: For input string: "{tidb.port}"
	at java.lang.NumberFormatException.forInputString(NumberFormatException.java:65) ~[?:1.8.0_241]
	at java.lang.Integer.parseInt(Integer.java:580) ~[?:1.8.0_241]
	at java.lang.Integer.parseInt(Integer.java:615) ~[?:1.8.0_241]
	at com.mysql.jdbc.NonRegisteringDriver.port(NonRegisteringDriver.java:916) ~[mysql-connector-java-5.1.29.jar:?]
	at com.mysql.jdbc.NonRegisteringDriver.connect(NonRegisteringDriver.java:347) ~[mysql-connector-java-5.1.29.jar:?]
	... 6 more
2023-08-28 15:22:17.871 ERROR Druid-ConnectionPool-Create-884858691 com.alibaba.druid.pool.DruidDataSource TID:  - create connection SQLException, url: jdbc:mysql://{tidb.host}:{tidb.port}/template?useSSL=false&allowMultiQueries=true, errorCode 0, state 08001
com.mysql.jdbc.exceptions.jdbc4.MySQLNonTransientConnectionException: Cannot load connection class because of underlying exception: 'java.lang.NumberFormatException: For input string: "{tidb.port}"'.
	at sun.reflect.GeneratedConstructorAccessor97.newInstance(Unknown Source) ~[?:?]
	at sun.reflect.DelegatingConstructorAccessorImpl.newInstance(DelegatingConstructorAccessorImpl.java:45) ~[?:1.8.0_241]
	at java.lang.reflect.Constructor.newInstance(Constructor.java:423) ~[?:1.8.0_241]
	at com.mysql.jdbc.Util.handleNewInstance(Util.java:411) ~[mysql-connector-java-5.1.29.jar:?]
	at com.mysql.jdbc.Util.getInstance(Util.java:386) ~[mysql-connector-java-5.1.29.jar:?]
	at com.mysql.jdbc.SQLError.createSQLException(SQLError.java:1015) ~[mysql-connector-java-5.1.29.jar:?]
	at com.mysql.jdbc.SQLError.createSQLException(SQLError.java:989) ~[mysql-connector-java-5.1.29.jar:?]
	at com.mysql.jdbc.SQLError.createSQLException(SQLError.java:975) ~[mysql-connector-java-5.1.29.jar:?]
	at com.mysql.jdbc.SQLError.createSQLException(SQLError.java:920) ~[mysql-connector-java-5.1.29.jar:?]
	at com.mysql.jdbc.NonRegisteringDriver.connect(NonRegisteringDriver.java:356) ~[mysql-connector-java-5.1.29.jar:?]
	at com.alibaba.druid.filter.FilterChainImpl.connection_connect(FilterChainImpl.java:149) ~[druid-1.1.9.jar:1.1.9]
	at com.alibaba.druid.filter.FilterAdapter.connection_connect(FilterAdapter.java:786) ~[druid-1.1.9.jar:1.1.9]
	at com.alibaba.druid.filter.FilterChainImpl.connection_connect(FilterChainImpl.java:143) ~[druid-1.1.9.jar:1.1.9]
	at com.alibaba.druid.pool.DruidAbstractDataSource.createPhysicalConnection(DruidAbstractDataSource.java:1515) ~[druid-1.1.9.jar:1.1.9]
	at com.alibaba.druid.pool.DruidAbstractDataSource.createPhysicalConnection(DruidAbstractDataSource.java:1578) ~[druid-1.1.9.jar:1.1.9]
	at com.alibaba.druid.pool.DruidDataSource$CreateConnectionThread.run(DruidDataSource.java:2466) ~[druid-1.1.9.jar:1.1.9]
Caused by: java.lang.NumberFormatException: For input string: "{tidb.port}"
	at java.lang.NumberFormatException.forInputString(NumberFormatException.java:65) ~[?:1.8.0_241]
	at java.lang.Integer.parseInt(Integer.java:580) ~[?:1.8.0_241]
	at java.lang.Integer.parseInt(Integer.java:615) ~[?:1.8.0_241]
	at com.mysql.jdbc.NonRegisteringDriver.port(NonRegisteringDriver.java:916) ~[mysql-connector-java-5.1.29.jar:?]
	at com.mysql.jdbc.NonRegisteringDriver.connect(NonRegisteringDriver.java:347) ~[mysql-connector-java-5.1.29.jar:?]
	... 6 more
2023-08-28 15:22:18.372 ERROR Druid-ConnectionPool-Create-884858691 com.alibaba.druid.pool.DruidDataSource TID:  - create connection SQLException, url: jdbc:mysql://{tidb.host}:{tidb.port}/template?useSSL=false&allowMultiQueries=true, errorCode 0, state 08001
com.mysql.jdbc.exceptions.jdbc4.MySQLNonTransientConnectionException: Cannot load connection class because of underlying exception: 'java.lang.NumberFormatException: For input string: "{tidb.port}"'.
	at sun.reflect.GeneratedConstructorAccessor97.newInstance(Unknown Source) ~[?:?]
	at sun.reflect.DelegatingConstructorAccessorImpl.newInstance(DelegatingConstructorAccessorImpl.java:45) ~[?:1.8.0_241]
	at java.lang.reflect.Constructor.newInstance(Constructor.java:423) ~[?:1.8.0_241]
	at com.mysql.jdbc.Util.handleNewInstance(Util.java:411) ~[mysql-connector-java-5.1.29.jar:?]
	at com.mysql.jdbc.Util.getInstance(Util.java:386) ~[mysql-connector-java-5.1.29.jar:?]
	at com.mysql.jdbc.SQLError.createSQLException(SQLError.java:1015) ~[mysql-connector-java-5.1.29.jar:?]
	at com.mysql.jdbc.SQLError.createSQLException(SQLError.java:989) ~[mysql-connector-java-5.1.29.jar:?]
	at com.mysql.jdbc.SQLError.createSQLException(SQLError.java:975) ~[mysql-connector-java-5.1.29.jar:?]
	at com.mysql.jdbc.SQLError.createSQLException(SQLError.java:920) ~[mysql-connector-java-5.1.29.jar:?]
	at com.mysql.jdbc.NonRegisteringDriver.connect(NonRegisteringDriver.java:356) ~[mysql-connector-java-5.1.29.jar:?]
	at com.alibaba.druid.filter.FilterChainImpl.connection_connect(FilterChainImpl.java:149) ~[druid-1.1.9.jar:1.1.9]
	at com.alibaba.druid.filter.FilterAdapter.connection_connect(FilterAdapter.java:786) ~[druid-1.1.9.jar:1.1.9]
	at com.alibaba.druid.filter.FilterChainImpl.connection_connect(FilterChainImpl.java:143) ~[druid-1.1.9.jar:1.1.9]
	at com.alibaba.druid.pool.DruidAbstractDataSource.createPhysicalConnection(DruidAbstractDataSource.java:1515) ~[druid-1.1.9.jar:1.1.9]
	at com.alibaba.druid.pool.DruidAbstractDataSource.createPhysicalConnection(DruidAbstractDataSource.java:1578) ~[druid-1.1.9.jar:1.1.9]
	at com.alibaba.druid.pool.DruidDataSource$CreateConnectionThread.run(DruidDataSource.java:2466) ~[druid-1.1.9.jar:1.1.9]
Caused by: java.lang.NumberFormatException: For input string: "{tidb.port}"
	at java.lang.NumberFormatException.forInputString(NumberFormatException.java:65) ~[?:1.8.0_241]
	at java.lang.Integer.parseInt(Integer.java:580) ~[?:1.8.0_241]
	at java.lang.Integer.parseInt(Integer.java:615) ~[?:1.8.0_241]
	at com.mysql.jdbc.NonRegisteringDriver.port(NonRegisteringDriver.java:916) ~[mysql-connector-java-5.1.29.jar:?]
	at com.mysql.jdbc.NonRegisteringDriver.connect(NonRegisteringDriver.java:347) ~[mysql-connector-java-5.1.29.jar:?]
	... 6 more
2023-08-28 15:22:18.876 ERROR Druid-ConnectionPool-Create-884858691 com.alibaba.druid.pool.DruidDataSource TID:  - create connection SQLException, url: jdbc:mysql://{tidb.host}:{tidb.port}/template?useSSL=false&allowMultiQueries=true, errorCode 0, state 08001
com.mysql.jdbc.exceptions.jdbc4.MySQLNonTransientConnectionException: Cannot load connection class because of underlying exception: 'java.lang.NumberFormatException: For input string: "{tidb.port}"'.
	at sun.reflect.GeneratedConstructorAccessor97.newInstance(Unknown Source) ~[?:?]
	at sun.reflect.DelegatingConstructorAccessorImpl.newInstance(DelegatingConstructorAccessorImpl.java:45) ~[?:1.8.0_241]
	at java.lang.reflect.Constructor.newInstance(Constructor.java:423) ~[?:1.8.0_241]
	at com.mysql.jdbc.Util.handleNewInstance(Util.java:411) ~[mysql-connector-java-5.1.29.jar:?]
	at com.mysql.jdbc.Util.getInstance(Util.java:386) ~[mysql-connector-java-5.1.29.jar:?]
	at com.mysql.jdbc.SQLError.createSQLException(SQLError.java:1015) ~[mysql-connector-java-5.1.29.jar:?]
	at com.mysql.jdbc.SQLError.createSQLException(SQLError.java:989) ~[mysql-connector-java-5.1.29.jar:?]
	at com.mysql.jdbc.SQLError.createSQLException(SQLError.java:975) ~[mysql-connector-java-5.1.29.jar:?]
	at com.mysql.jdbc.SQLError.createSQLException(SQLError.java:920) ~[mysql-connector-java-5.1.29.jar:?]
	at com.mysql.jdbc.NonRegisteringDriver.connect(NonRegisteringDriver.java:356) ~[mysql-connector-java-5.1.29.jar:?]
	at com.alibaba.druid.filter.FilterChainImpl.connection_connect(FilterChainImpl.java:149) ~[druid-1.1.9.jar:1.1.9]
	at com.alibaba.druid.filter.FilterAdapter.connection_connect(FilterAdapter.java:786) ~[druid-1.1.9.jar:1.1.9]
	at com.alibaba.druid.filter.FilterChainImpl.connection_connect(FilterChainImpl.java:143) ~[druid-1.1.9.jar:1.1.9]
	at com.alibaba.druid.pool.DruidAbstractDataSource.createPhysicalConnection(DruidAbstractDataSource.java:1515) ~[druid-1.1.9.jar:1.1.9]
	at com.alibaba.druid.pool.DruidAbstractDataSource.createPhysicalConnection(DruidAbstractDataSource.java:1578) ~[druid-1.1.9.jar:1.1.9]
	at com.alibaba.druid.pool.DruidDataSource$CreateConnectionThread.run(DruidDataSource.java:2466) ~[druid-1.1.9.jar:1.1.9]
Caused by: java.lang.NumberFormatException: For input string: "{tidb.port}"
	at java.lang.NumberFormatException.forInputString(NumberFormatException.java:65) ~[?:1.8.0_241]
	at java.lang.Integer.parseInt(Integer.java:580) ~[?:1.8.0_241]
	at java.lang.Integer.parseInt(Integer.java:615) ~[?:1.8.0_241]
	at com.mysql.jdbc.NonRegisteringDriver.port(NonRegisteringDriver.java:916) ~[mysql-connector-java-5.1.29.jar:?]
	at com.mysql.jdbc.NonRegisteringDriver.connect(NonRegisteringDriver.java:347) ~[mysql-connector-java-5.1.29.jar:?]
	... 6 more
2023-08-28 15:22:19.379 ERROR Druid-ConnectionPool-Create-884858691 com.alibaba.druid.pool.DruidDataSource TID:  - create connection SQLException, url: jdbc:mysql://{tidb.host}:{tidb.port}/template?useSSL=false&allowMultiQueries=true, errorCode 0, state 08001
com.mysql.jdbc.exceptions.jdbc4.MySQLNonTransientConnectionException: Cannot load connection class because of underlying exception: 'java.lang.NumberFormatException: For input string: "{tidb.port}"'.
	at sun.reflect.GeneratedConstructorAccessor97.newInstance(Unknown Source) ~[?:?]
	at sun.reflect.DelegatingConstructorAccessorImpl.newInstance(DelegatingConstructorAccessorImpl.java:45) ~[?:1.8.0_241]
	at java.lang.reflect.Constructor.newInstance(Constructor.java:423) ~[?:1.8.0_241]
	at com.mysql.jdbc.Util.handleNewInstance(Util.java:411) ~[mysql-connector-java-5.1.29.jar:?]
	at com.mysql.jdbc.Util.getInstance(Util.java:386) ~[mysql-connector-java-5.1.29.jar:?]
	at com.mysql.jdbc.SQLError.createSQLException(SQLError.java:1015) ~[mysql-connector-java-5.1.29.jar:?]
	at com.mysql.jdbc.SQLError.createSQLException(SQLError.java:989) ~[mysql-connector-java-5.1.29.jar:?]
	at com.mysql.jdbc.SQLError.createSQLException(SQLError.java:975) ~[mysql-connector-java-5.1.29.jar:?]
	at com.mysql.jdbc.SQLError.createSQLException(SQLError.java:920) ~[mysql-connector-java-5.1.29.jar:?]
	at com.mysql.jdbc.NonRegisteringDriver.connect(NonRegisteringDriver.java:356) ~[mysql-connector-java-5.1.29.jar:?]
	at com.alibaba.druid.filter.FilterChainImpl.connection_connect(FilterChainImpl.java:149) ~[druid-1.1.9.jar:1.1.9]
	at com.alibaba.druid.filter.FilterAdapter.connection_connect(FilterAdapter.java:786) ~[druid-1.1.9.jar:1.1.9]
	at com.alibaba.druid.filter.FilterChainImpl.connection_connect(FilterChainImpl.java:143) ~[druid-1.1.9.jar:1.1.9]
	at com.alibaba.druid.pool.DruidAbstractDataSource.createPhysicalConnection(DruidAbstractDataSource.java:1515) ~[druid-1.1.9.jar:1.1.9]
	at com.alibaba.druid.pool.DruidAbstractDataSource.createPhysicalConnection(DruidAbstractDataSource.java:1578) ~[druid-1.1.9.jar:1.1.9]
	at com.alibaba.druid.pool.DruidDataSource$CreateConnectionThread.run(DruidDataSource.java:2466) ~[druid-1.1.9.jar:1.1.9]
Caused by: java.lang.NumberFormatException: For input string: "{tidb.port}"
	at java.lang.NumberFormatException.forInputString(NumberFormatException.java:65) ~[?:1.8.0_241]
	at java.lang.Integer.parseInt(Integer.java:580) ~[?:1.8.0_241]
	at java.lang.Integer.parseInt(Integer.java:615) ~[?:1.8.0_241]
	at com.mysql.jdbc.NonRegisteringDriver.port(NonRegisteringDriver.java:916) ~[mysql-connector-java-5.1.29.jar:?]
	at com.mysql.jdbc.NonRegisteringDriver.connect(NonRegisteringDriver.java:347) ~[mysql-connector-java-5.1.29.jar:?]
	... 6 more
2023-08-28 15:22:19.883 ERROR Druid-ConnectionPool-Create-884858691 com.alibaba.druid.pool.DruidDataSource TID:  - create connection SQLException, url: jdbc:mysql://{tidb.host}:{tidb.port}/template?useSSL=false&allowMultiQueries=true, errorCode 0, state 08001
com.mysql.jdbc.exceptions.jdbc4.MySQLNonTransientConnectionException: Cannot load connection class because of underlying exception: 'java.lang.NumberFormatException: For input string: "{tidb.port}"'.
	at sun.reflect.GeneratedConstructorAccessor97.newInstance(Unknown Source) ~[?:?]
	at sun.reflect.DelegatingConstructorAccessorImpl.newInstance(DelegatingConstructorAccessorImpl.java:45) ~[?:1.8.0_241]
	at java.lang.reflect.Constructor.newInstance(Constructor.java:423) ~[?:1.8.0_241]
	at com.mysql.jdbc.Util.handleNewInstance(Util.java:411) ~[mysql-connector-java-5.1.29.jar:?]
	at com.mysql.jdbc.Util.getInstance(Util.java:386) ~[mysql-connector-java-5.1.29.jar:?]
	at com.mysql.jdbc.SQLError.createSQLException(SQLError.java:1015) ~[mysql-connector-java-5.1.29.jar:?]
	at com.mysql.jdbc.SQLError.createSQLException(SQLError.java:989) ~[mysql-connector-java-5.1.29.jar:?]
	at com.mysql.jdbc.SQLError.createSQLException(SQLError.java:975) ~[mysql-connector-java-5.1.29.jar:?]
	at com.mysql.jdbc.SQLError.createSQLException(SQLError.java:920) ~[mysql-connector-java-5.1.29.jar:?]
	at com.mysql.jdbc.NonRegisteringDriver.connect(NonRegisteringDriver.java:356) ~[mysql-connector-java-5.1.29.jar:?]
	at com.alibaba.druid.filter.FilterChainImpl.connection_connect(FilterChainImpl.java:149) ~[druid-1.1.9.jar:1.1.9]
	at com.alibaba.druid.filter.FilterAdapter.connection_connect(FilterAdapter.java:786) ~[druid-1.1.9.jar:1.1.9]
	at com.alibaba.druid.filter.FilterChainImpl.connection_connect(FilterChainImpl.java:143) ~[druid-1.1.9.jar:1.1.9]
	at com.alibaba.druid.pool.DruidAbstractDataSource.createPhysicalConnection(DruidAbstractDataSource.java:1515) ~[druid-1.1.9.jar:1.1.9]
	at com.alibaba.druid.pool.DruidAbstractDataSource.createPhysicalConnection(DruidAbstractDataSource.java:1578) ~[druid-1.1.9.jar:1.1.9]
	at com.alibaba.druid.pool.DruidDataSource$CreateConnectionThread.run(DruidDataSource.java:2466) ~[druid-1.1.9.jar:1.1.9]
Caused by: java.lang.NumberFormatException: For input string: "{tidb.port}"
	at java.lang.NumberFormatException.forInputString(NumberFormatException.java:65) ~[?:1.8.0_241]
	at java.lang.Integer.parseInt(Integer.java:580) ~[?:1.8.0_241]
	at java.lang.Integer.parseInt(Integer.java:615) ~[?:1.8.0_241]
	at com.mysql.jdbc.NonRegisteringDriver.port(NonRegisteringDriver.java:916) ~[mysql-connector-java-5.1.29.jar:?]
	at com.mysql.jdbc.NonRegisteringDriver.connect(NonRegisteringDriver.java:347) ~[mysql-connector-java-5.1.29.jar:?]
	... 6 more
2023-08-28 15:22:20.388 ERROR Druid-ConnectionPool-Create-884858691 com.alibaba.druid.pool.DruidDataSource TID:  - create connection SQLException, url: jdbc:mysql://{tidb.host}:{tidb.port}/template?useSSL=false&allowMultiQueries=true, errorCode 0, state 08001
com.mysql.jdbc.exceptions.jdbc4.MySQLNonTransientConnectionException: Cannot load connection class because of underlying exception: 'java.lang.NumberFormatException: For input string: "{tidb.port}"'.
	at sun.reflect.GeneratedConstructorAccessor97.newInstance(Unknown Source) ~[?:?]
	at sun.reflect.DelegatingConstructorAccessorImpl.newInstance(DelegatingConstructorAccessorImpl.java:45) ~[?:1.8.0_241]
	at java.lang.reflect.Constructor.newInstance(Constructor.java:423) ~[?:1.8.0_241]
	at com.mysql.jdbc.Util.handleNewInstance(Util.java:411) ~[mysql-connector-java-5.1.29.jar:?]
	at com.mysql.jdbc.Util.getInstance(Util.java:386) ~[mysql-connector-java-5.1.29.jar:?]
	at com.mysql.jdbc.SQLError.createSQLException(SQLError.java:1015) ~[mysql-connector-java-5.1.29.jar:?]
	at com.mysql.jdbc.SQLError.createSQLException(SQLError.java:989) ~[mysql-connector-java-5.1.29.jar:?]
	at com.mysql.jdbc.SQLError.createSQLException(SQLError.java:975) ~[mysql-connector-java-5.1.29.jar:?]
	at com.mysql.jdbc.SQLError.createSQLException(SQLError.java:920) ~[mysql-connector-java-5.1.29.jar:?]
	at com.mysql.jdbc.NonRegisteringDriver.connect(NonRegisteringDriver.java:356) ~[mysql-connector-java-5.1.29.jar:?]
	at com.alibaba.druid.filter.FilterChainImpl.connection_connect(FilterChainImpl.java:149) ~[druid-1.1.9.jar:1.1.9]
	at com.alibaba.druid.filter.FilterAdapter.connection_connect(FilterAdapter.java:786) ~[druid-1.1.9.jar:1.1.9]
	at com.alibaba.druid.filter.FilterChainImpl.connection_connect(FilterChainImpl.java:143) ~[druid-1.1.9.jar:1.1.9]
	at com.alibaba.druid.pool.DruidAbstractDataSource.createPhysicalConnection(DruidAbstractDataSource.java:1515) ~[druid-1.1.9.jar:1.1.9]
	at com.alibaba.druid.pool.DruidAbstractDataSource.createPhysicalConnection(DruidAbstractDataSource.java:1578) ~[druid-1.1.9.jar:1.1.9]
	at com.alibaba.druid.pool.DruidDataSource$CreateConnectionThread.run(DruidDataSource.java:2466) ~[druid-1.1.9.jar:1.1.9]
Caused by: java.lang.NumberFormatException: For input string: "{tidb.port}"
	at java.lang.NumberFormatException.forInputString(NumberFormatException.java:65) ~[?:1.8.0_241]
	at java.lang.Integer.parseInt(Integer.java:580) ~[?:1.8.0_241]
	at java.lang.Integer.parseInt(Integer.java:615) ~[?:1.8.0_241]
	at com.mysql.jdbc.NonRegisteringDriver.port(NonRegisteringDriver.java:916) ~[mysql-connector-java-5.1.29.jar:?]
	at com.mysql.jdbc.NonRegisteringDriver.connect(NonRegisteringDriver.java:347) ~[mysql-connector-java-5.1.29.jar:?]
	... 6 more
2023-08-28 15:22:20.892 ERROR Druid-ConnectionPool-Create-884858691 com.alibaba.druid.pool.DruidDataSource TID:  - create connection SQLException, url: jdbc:mysql://{tidb.host}:{tidb.port}/template?useSSL=false&allowMultiQueries=true, errorCode 0, state 08001
com.mysql.jdbc.exceptions.jdbc4.MySQLNonTransientConnectionException: Cannot load connection class because of underlying exception: 'java.lang.NumberFormatException: For input string: "{tidb.port}"'.
	at sun.reflect.GeneratedConstructorAccessor97.newInstance(Unknown Source) ~[?:?]
	at sun.reflect.DelegatingConstructorAccessorImpl.newInstance(DelegatingConstructorAccessorImpl.java:45) ~[?:1.8.0_241]
	at java.lang.reflect.Constructor.newInstance(Constructor.java:423) ~[?:1.8.0_241]
	at com.mysql.jdbc.Util.handleNewInstance(Util.java:411) ~[mysql-connector-java-5.1.29.jar:?]
	at com.mysql.jdbc.Util.getInstance(Util.java:386) ~[mysql-connector-java-5.1.29.jar:?]
	at com.mysql.jdbc.SQLError.createSQLException(SQLError.java:1015) ~[mysql-connector-java-5.1.29.jar:?]
	at com.mysql.jdbc.SQLError.createSQLException(SQLError.java:989) ~[mysql-connector-java-5.1.29.jar:?]
	at com.mysql.jdbc.SQLError.createSQLException(SQLError.java:975) ~[mysql-connector-java-5.1.29.jar:?]
	at com.mysql.jdbc.SQLError.createSQLException(SQLError.java:920) ~[mysql-connector-java-5.1.29.jar:?]
	at com.mysql.jdbc.NonRegisteringDriver.connect(NonRegisteringDriver.java:356) ~[mysql-connector-java-5.1.29.jar:?]
	at com.alibaba.druid.filter.FilterChainImpl.connection_connect(FilterChainImpl.java:149) ~[druid-1.1.9.jar:1.1.9]
	at com.alibaba.druid.filter.FilterAdapter.connection_connect(FilterAdapter.java:786) ~[druid-1.1.9.jar:1.1.9]
	at com.alibaba.druid.filter.FilterChainImpl.connection_connect(FilterChainImpl.java:143) ~[druid-1.1.9.jar:1.1.9]
	at com.alibaba.druid.pool.DruidAbstractDataSource.createPhysicalConnection(DruidAbstractDataSource.java:1515) ~[druid-1.1.9.jar:1.1.9]
	at com.alibaba.druid.pool.DruidAbstractDataSource.createPhysicalConnection(DruidAbstractDataSource.java:1578) ~[druid-1.1.9.jar:1.1.9]
	at com.alibaba.druid.pool.DruidDataSource$CreateConnectionThread.run(DruidDataSource.java:2466) ~[druid-1.1.9.jar:1.1.9]
Caused by: java.lang.NumberFormatException: For input string: "{tidb.port}"
	at java.lang.NumberFormatException.forInputString(NumberFormatException.java:65) ~[?:1.8.0_241]
	at java.lang.Integer.parseInt(Integer.java:580) ~[?:1.8.0_241]
	at java.lang.Integer.parseInt(Integer.java:615) ~[?:1.8.0_241]
	at com.mysql.jdbc.NonRegisteringDriver.port(NonRegisteringDriver.java:916) ~[mysql-connector-java-5.1.29.jar:?]
	at com.mysql.jdbc.NonRegisteringDriver.connect(NonRegisteringDriver.java:347) ~[mysql-connector-java-5.1.29.jar:?]
	... 6 more
2023-08-28 15:22:21.397 ERROR Druid-ConnectionPool-Create-884858691 com.alibaba.druid.pool.DruidDataSource TID:  - create connection SQLException, url: jdbc:mysql://{tidb.host}:{tidb.port}/template?useSSL=false&allowMultiQueries=true, errorCode 0, state 08001
com.mysql.jdbc.exceptions.jdbc4.MySQLNonTransientConnectionException: Cannot load connection class because of underlying exception: 'java.lang.NumberFormatException: For input string: "{tidb.port}"'.
	at sun.reflect.GeneratedConstructorAccessor97.newInstance(Unknown Source) ~[?:?]
	at sun.reflect.DelegatingConstructorAccessorImpl.newInstance(DelegatingConstructorAccessorImpl.java:45) ~[?:1.8.0_241]
	at java.lang.reflect.Constructor.newInstance(Constructor.java:423) ~[?:1.8.0_241]
	at com.mysql.jdbc.Util.handleNewInstance(Util.java:411) ~[mysql-connector-java-5.1.29.jar:?]
	at com.mysql.jdbc.Util.getInstance(Util.java:386) ~[mysql-connector-java-5.1.29.jar:?]
	at com.mysql.jdbc.SQLError.createSQLException(SQLError.java:1015) ~[mysql-connector-java-5.1.29.jar:?]
	at com.mysql.jdbc.SQLError.createSQLException(SQLError.java:989) ~[mysql-connector-java-5.1.29.jar:?]
	at com.mysql.jdbc.SQLError.createSQLException(SQLError.java:975) ~[mysql-connector-java-5.1.29.jar:?]
	at com.mysql.jdbc.SQLError.createSQLException(SQLError.java:920) ~[mysql-connector-java-5.1.29.jar:?]
	at com.mysql.jdbc.NonRegisteringDriver.connect(NonRegisteringDriver.java:356) ~[mysql-connector-java-5.1.29.jar:?]
	at com.alibaba.druid.filter.FilterChainImpl.connection_connect(FilterChainImpl.java:149) ~[druid-1.1.9.jar:1.1.9]
	at com.alibaba.druid.filter.FilterAdapter.connection_connect(FilterAdapter.java:786) ~[druid-1.1.9.jar:1.1.9]
	at com.alibaba.druid.filter.FilterChainImpl.connection_connect(FilterChainImpl.java:143) ~[druid-1.1.9.jar:1.1.9]
	at com.alibaba.druid.pool.DruidAbstractDataSource.createPhysicalConnection(DruidAbstractDataSource.java:1515) ~[druid-1.1.9.jar:1.1.9]
	at com.alibaba.druid.pool.DruidAbstractDataSource.createPhysicalConnection(DruidAbstractDataSource.java:1578) ~[druid-1.1.9.jar:1.1.9]
	at com.alibaba.druid.pool.DruidDataSource$CreateConnectionThread.run(DruidDataSource.java:2466) ~[druid-1.1.9.jar:1.1.9]
Caused by: java.lang.NumberFormatException: For input string: "{tidb.port}"
	at java.lang.NumberFormatException.forInputString(NumberFormatException.java:65) ~[?:1.8.0_241]
	at java.lang.Integer.parseInt(Integer.java:580) ~[?:1.8.0_241]
	at java.lang.Integer.parseInt(Integer.java:615) ~[?:1.8.0_241]
	at com.mysql.jdbc.NonRegisteringDriver.port(NonRegisteringDriver.java:916) ~[mysql-connector-java-5.1.29.jar:?]
	at com.mysql.jdbc.NonRegisteringDriver.connect(NonRegisteringDriver.java:347) ~[mysql-connector-java-5.1.29.jar:?]
	... 6 more
2023-08-28 15:22:21.902 ERROR Druid-ConnectionPool-Create-884858691 com.alibaba.druid.pool.DruidDataSource TID:  - create connection SQLException, url: jdbc:mysql://{tidb.host}:{tidb.port}/template?useSSL=false&allowMultiQueries=true, errorCode 0, state 08001
com.mysql.jdbc.exceptions.jdbc4.MySQLNonTransientConnectionException: Cannot load connection class because of underlying exception: 'java.lang.NumberFormatException: For input string: "{tidb.port}"'.
	at sun.reflect.GeneratedConstructorAccessor97.newInstance(Unknown Source) ~[?:?]
	at sun.reflect.DelegatingConstructorAccessorImpl.newInstance(DelegatingConstructorAccessorImpl.java:45) ~[?:1.8.0_241]
	at java.lang.reflect.Constructor.newInstance(Constructor.java:423) ~[?:1.8.0_241]
	at com.mysql.jdbc.Util.handleNewInstance(Util.java:411) ~[mysql-connector-java-5.1.29.jar:?]
	at com.mysql.jdbc.Util.getInstance(Util.java:386) ~[mysql-connector-java-5.1.29.jar:?]
	at com.mysql.jdbc.SQLError.createSQLException(SQLError.java:1015) ~[mysql-connector-java-5.1.29.jar:?]
	at com.mysql.jdbc.SQLError.createSQLException(SQLError.java:989) ~[mysql-connector-java-5.1.29.jar:?]
	at com.mysql.jdbc.SQLError.createSQLException(SQLError.java:975) ~[mysql-connector-java-5.1.29.jar:?]
	at com.mysql.jdbc.SQLError.createSQLException(SQLError.java:920) ~[mysql-connector-java-5.1.29.jar:?]
	at com.mysql.jdbc.NonRegisteringDriver.connect(NonRegisteringDriver.java:356) ~[mysql-connector-java-5.1.29.jar:?]
	at com.alibaba.druid.filter.FilterChainImpl.connection_connect(FilterChainImpl.java:149) ~[druid-1.1.9.jar:1.1.9]
	at com.alibaba.druid.filter.FilterAdapter.connection_connect(FilterAdapter.java:786) ~[druid-1.1.9.jar:1.1.9]
	at com.alibaba.druid.filter.FilterChainImpl.connection_connect(FilterChainImpl.java:143) ~[druid-1.1.9.jar:1.1.9]
	at com.alibaba.druid.pool.DruidAbstractDataSource.createPhysicalConnection(DruidAbstractDataSource.java:1515) ~[druid-1.1.9.jar:1.1.9]
	at com.alibaba.druid.pool.DruidAbstractDataSource.createPhysicalConnection(DruidAbstractDataSource.java:1578) ~[druid-1.1.9.jar:1.1.9]
	at com.alibaba.druid.pool.DruidDataSource$CreateConnectionThread.run(DruidDataSource.java:2466) ~[druid-1.1.9.jar:1.1.9]
Caused by: java.lang.NumberFormatException: For input string: "{tidb.port}"
	at java.lang.NumberFormatException.forInputString(NumberFormatException.java:65) ~[?:1.8.0_241]
	at java.lang.Integer.parseInt(Integer.java:580) ~[?:1.8.0_241]
	at java.lang.Integer.parseInt(Integer.java:615) ~[?:1.8.0_241]
	at com.mysql.jdbc.NonRegisteringDriver.port(NonRegisteringDriver.java:916) ~[mysql-connector-java-5.1.29.jar:?]
	at com.mysql.jdbc.NonRegisteringDriver.connect(NonRegisteringDriver.java:347) ~[mysql-connector-java-5.1.29.jar:?]
	... 6 more
2023-08-28 15:22:22.406 ERROR Druid-ConnectionPool-Create-884858691 com.alibaba.druid.pool.DruidDataSource TID:  - create connection SQLException, url: jdbc:mysql://{tidb.host}:{tidb.port}/template?useSSL=false&allowMultiQueries=true, errorCode 0, state 08001
com.mysql.jdbc.exceptions.jdbc4.MySQLNonTransientConnectionException: Cannot load connection class because of underlying exception: 'java.lang.NumberFormatException: For input string: "{tidb.port}"'.
	at sun.reflect.GeneratedConstructorAccessor97.newInstance(Unknown Source) ~[?:?]
	at sun.reflect.DelegatingConstructorAccessorImpl.newInstance(DelegatingConstructorAccessorImpl.java:45) ~[?:1.8.0_241]
	at java.lang.reflect.Constructor.newInstance(Constructor.java:423) ~[?:1.8.0_241]
	at com.mysql.jdbc.Util.handleNewInstance(Util.java:411) ~[mysql-connector-java-5.1.29.jar:?]
	at com.mysql.jdbc.Util.getInstance(Util.java:386) ~[mysql-connector-java-5.1.29.jar:?]
	at com.mysql.jdbc.SQLError.createSQLException(SQLError.java:1015) ~[mysql-connector-java-5.1.29.jar:?]
	at com.mysql.jdbc.SQLError.createSQLException(SQLError.java:989) ~[mysql-connector-java-5.1.29.jar:?]
	at com.mysql.jdbc.SQLError.createSQLException(SQLError.java:975) ~[mysql-connector-java-5.1.29.jar:?]
	at com.mysql.jdbc.SQLError.createSQLException(SQLError.java:920) ~[mysql-connector-java-5.1.29.jar:?]
	at com.mysql.jdbc.NonRegisteringDriver.connect(NonRegisteringDriver.java:356) ~[mysql-connector-java-5.1.29.jar:?]
	at com.alibaba.druid.filter.FilterChainImpl.connection_connect(FilterChainImpl.java:149) ~[druid-1.1.9.jar:1.1.9]
	at com.alibaba.druid.filter.FilterAdapter.connection_connect(FilterAdapter.java:786) ~[druid-1.1.9.jar:1.1.9]
	at com.alibaba.druid.filter.FilterChainImpl.connection_connect(FilterChainImpl.java:143) ~[druid-1.1.9.jar:1.1.9]
	at com.alibaba.druid.pool.DruidAbstractDataSource.createPhysicalConnection(DruidAbstractDataSource.java:1515) ~[druid-1.1.9.jar:1.1.9]
	at com.alibaba.druid.pool.DruidAbstractDataSource.createPhysicalConnection(DruidAbstractDataSource.java:1578) ~[druid-1.1.9.jar:1.1.9]
	at com.alibaba.druid.pool.DruidDataSource$CreateConnectionThread.run(DruidDataSource.java:2466) ~[druid-1.1.9.jar:1.1.9]
Caused by: java.lang.NumberFormatException: For input string: "{tidb.port}"
	at java.lang.NumberFormatException.forInputString(NumberFormatException.java:65) ~[?:1.8.0_241]
	at java.lang.Integer.parseInt(Integer.java:580) ~[?:1.8.0_241]
	at java.lang.Integer.parseInt(Integer.java:615) ~[?:1.8.0_241]
	at com.mysql.jdbc.NonRegisteringDriver.port(NonRegisteringDriver.java:916) ~[mysql-connector-java-5.1.29.jar:?]
	at com.mysql.jdbc.NonRegisteringDriver.connect(NonRegisteringDriver.java:347) ~[mysql-connector-java-5.1.29.jar:?]
	... 6 more
2023-08-28 15:22:22.911 ERROR Druid-ConnectionPool-Create-884858691 com.alibaba.druid.pool.DruidDataSource TID:  - create connection SQLException, url: jdbc:mysql://{tidb.host}:{tidb.port}/template?useSSL=false&allowMultiQueries=true, errorCode 0, state 08001
com.mysql.jdbc.exceptions.jdbc4.MySQLNonTransientConnectionException: Cannot load connection class because of underlying exception: 'java.lang.NumberFormatException: For input string: "{tidb.port}"'.
	at sun.reflect.GeneratedConstructorAccessor97.newInstance(Unknown Source) ~[?:?]
	at sun.reflect.DelegatingConstructorAccessorImpl.newInstance(DelegatingConstructorAccessorImpl.java:45) ~[?:1.8.0_241]
	at java.lang.reflect.Constructor.newInstance(Constructor.java:423) ~[?:1.8.0_241]
	at com.mysql.jdbc.Util.handleNewInstance(Util.java:411) ~[mysql-connector-java-5.1.29.jar:?]
	at com.mysql.jdbc.Util.getInstance(Util.java:386) ~[mysql-connector-java-5.1.29.jar:?]
	at com.mysql.jdbc.SQLError.createSQLException(SQLError.java:1015) ~[mysql-connector-java-5.1.29.jar:?]
	at com.mysql.jdbc.SQLError.createSQLException(SQLError.java:989) ~[mysql-connector-java-5.1.29.jar:?]
	at com.mysql.jdbc.SQLError.createSQLException(SQLError.java:975) ~[mysql-connector-java-5.1.29.jar:?]
	at com.mysql.jdbc.SQLError.createSQLException(SQLError.java:920) ~[mysql-connector-java-5.1.29.jar:?]
	at com.mysql.jdbc.NonRegisteringDriver.connect(NonRegisteringDriver.java:356) ~[mysql-connector-java-5.1.29.jar:?]
	at com.alibaba.druid.filter.FilterChainImpl.connection_connect(FilterChainImpl.java:149) ~[druid-1.1.9.jar:1.1.9]
	at com.alibaba.druid.filter.FilterAdapter.connection_connect(FilterAdapter.java:786) ~[druid-1.1.9.jar:1.1.9]
	at com.alibaba.druid.filter.FilterChainImpl.connection_connect(FilterChainImpl.java:143) ~[druid-1.1.9.jar:1.1.9]
	at com.alibaba.druid.pool.DruidAbstractDataSource.createPhysicalConnection(DruidAbstractDataSource.java:1515) ~[druid-1.1.9.jar:1.1.9]
	at com.alibaba.druid.pool.DruidAbstractDataSource.createPhysicalConnection(DruidAbstractDataSource.java:1578) ~[druid-1.1.9.jar:1.1.9]
	at com.alibaba.druid.pool.DruidDataSource$CreateConnectionThread.run(DruidDataSource.java:2466) ~[druid-1.1.9.jar:1.1.9]
Caused by: java.lang.NumberFormatException: For input string: "{tidb.port}"
	at java.lang.NumberFormatException.forInputString(NumberFormatException.java:65) ~[?:1.8.0_241]
	at java.lang.Integer.parseInt(Integer.java:580) ~[?:1.8.0_241]
	at java.lang.Integer.parseInt(Integer.java:615) ~[?:1.8.0_241]
	at com.mysql.jdbc.NonRegisteringDriver.port(NonRegisteringDriver.java:916) ~[mysql-connector-java-5.1.29.jar:?]
	at com.mysql.jdbc.NonRegisteringDriver.connect(NonRegisteringDriver.java:347) ~[mysql-connector-java-5.1.29.jar:?]
	... 6 more
2023-08-28 15:22:23.413 ERROR Druid-ConnectionPool-Create-884858691 com.alibaba.druid.pool.DruidDataSource TID:  - create connection SQLException, url: jdbc:mysql://{tidb.host}:{tidb.port}/template?useSSL=false&allowMultiQueries=true, errorCode 0, state 08001
com.mysql.jdbc.exceptions.jdbc4.MySQLNonTransientConnectionException: Cannot load connection class because of underlying exception: 'java.lang.NumberFormatException: For input string: "{tidb.port}"'.
	at sun.reflect.GeneratedConstructorAccessor97.newInstance(Unknown Source) ~[?:?]
	at sun.reflect.DelegatingConstructorAccessorImpl.newInstance(DelegatingConstructorAccessorImpl.java:45) ~[?:1.8.0_241]
	at java.lang.reflect.Constructor.newInstance(Constructor.java:423) ~[?:1.8.0_241]
	at com.mysql.jdbc.Util.handleNewInstance(Util.java:411) ~[mysql-connector-java-5.1.29.jar:?]
	at com.mysql.jdbc.Util.getInstance(Util.java:386) ~[mysql-connector-java-5.1.29.jar:?]
	at com.mysql.jdbc.SQLError.createSQLException(SQLError.java:1015) ~[mysql-connector-java-5.1.29.jar:?]
	at com.mysql.jdbc.SQLError.createSQLException(SQLError.java:989) ~[mysql-connector-java-5.1.29.jar:?]
	at com.mysql.jdbc.SQLError.createSQLException(SQLError.java:975) ~[mysql-connector-java-5.1.29.jar:?]
	at com.mysql.jdbc.SQLError.createSQLException(SQLError.java:920) ~[mysql-connector-java-5.1.29.jar:?]
	at com.mysql.jdbc.NonRegisteringDriver.connect(NonRegisteringDriver.java:356) ~[mysql-connector-java-5.1.29.jar:?]
	at com.alibaba.druid.filter.FilterChainImpl.connection_connect(FilterChainImpl.java:149) ~[druid-1.1.9.jar:1.1.9]
	at com.alibaba.druid.filter.FilterAdapter.connection_connect(FilterAdapter.java:786) ~[druid-1.1.9.jar:1.1.9]
	at com.alibaba.druid.filter.FilterChainImpl.connection_connect(FilterChainImpl.java:143) ~[druid-1.1.9.jar:1.1.9]
	at com.alibaba.druid.pool.DruidAbstractDataSource.createPhysicalConnection(DruidAbstractDataSource.java:1515) ~[druid-1.1.9.jar:1.1.9]
	at com.alibaba.druid.pool.DruidAbstractDataSource.createPhysicalConnection(DruidAbstractDataSource.java:1578) ~[druid-1.1.9.jar:1.1.9]
	at com.alibaba.druid.pool.DruidDataSource$CreateConnectionThread.run(DruidDataSource.java:2466) ~[druid-1.1.9.jar:1.1.9]
Caused by: java.lang.NumberFormatException: For input string: "{tidb.port}"
	at java.lang.NumberFormatException.forInputString(NumberFormatException.java:65) ~[?:1.8.0_241]
	at java.lang.Integer.parseInt(Integer.java:580) ~[?:1.8.0_241]
	at java.lang.Integer.parseInt(Integer.java:615) ~[?:1.8.0_241]
	at com.mysql.jdbc.NonRegisteringDriver.port(NonRegisteringDriver.java:916) ~[mysql-connector-java-5.1.29.jar:?]
	at com.mysql.jdbc.NonRegisteringDriver.connect(NonRegisteringDriver.java:347) ~[mysql-connector-java-5.1.29.jar:?]
	... 6 more
2023-08-28 15:22:23.916 ERROR Druid-ConnectionPool-Create-884858691 com.alibaba.druid.pool.DruidDataSource TID:  - create connection SQLException, url: jdbc:mysql://{tidb.host}:{tidb.port}/template?useSSL=false&allowMultiQueries=true, errorCode 0, state 08001
com.mysql.jdbc.exceptions.jdbc4.MySQLNonTransientConnectionException: Cannot load connection class because of underlying exception: 'java.lang.NumberFormatException: For input string: "{tidb.port}"'.
	at sun.reflect.GeneratedConstructorAccessor97.newInstance(Unknown Source) ~[?:?]
	at sun.reflect.DelegatingConstructorAccessorImpl.newInstance(DelegatingConstructorAccessorImpl.java:45) ~[?:1.8.0_241]
	at java.lang.reflect.Constructor.newInstance(Constructor.java:423) ~[?:1.8.0_241]
	at com.mysql.jdbc.Util.handleNewInstance(Util.java:411) ~[mysql-connector-java-5.1.29.jar:?]
	at com.mysql.jdbc.Util.getInstance(Util.java:386) ~[mysql-connector-java-5.1.29.jar:?]
	at com.mysql.jdbc.SQLError.createSQLException(SQLError.java:1015) ~[mysql-connector-java-5.1.29.jar:?]
	at com.mysql.jdbc.SQLError.createSQLException(SQLError.java:989) ~[mysql-connector-java-5.1.29.jar:?]
	at com.mysql.jdbc.SQLError.createSQLException(SQLError.java:975) ~[mysql-connector-java-5.1.29.jar:?]
	at com.mysql.jdbc.SQLError.createSQLException(SQLError.java:920) ~[mysql-connector-java-5.1.29.jar:?]
	at com.mysql.jdbc.NonRegisteringDriver.connect(NonRegisteringDriver.java:356) ~[mysql-connector-java-5.1.29.jar:?]
	at com.alibaba.druid.filter.FilterChainImpl.connection_connect(FilterChainImpl.java:149) ~[druid-1.1.9.jar:1.1.9]
	at com.alibaba.druid.filter.FilterAdapter.connection_connect(FilterAdapter.java:786) ~[druid-1.1.9.jar:1.1.9]
	at com.alibaba.druid.filter.FilterChainImpl.connection_connect(FilterChainImpl.java:143) ~[druid-1.1.9.jar:1.1.9]
	at com.alibaba.druid.pool.DruidAbstractDataSource.createPhysicalConnection(DruidAbstractDataSource.java:1515) ~[druid-1.1.9.jar:1.1.9]
	at com.alibaba.druid.pool.DruidAbstractDataSource.createPhysicalConnection(DruidAbstractDataSource.java:1578) ~[druid-1.1.9.jar:1.1.9]
	at com.alibaba.druid.pool.DruidDataSource$CreateConnectionThread.run(DruidDataSource.java:2466) ~[druid-1.1.9.jar:1.1.9]
Caused by: java.lang.NumberFormatException: For input string: "{tidb.port}"
	at java.lang.NumberFormatException.forInputString(NumberFormatException.java:65) ~[?:1.8.0_241]
	at java.lang.Integer.parseInt(Integer.java:580) ~[?:1.8.0_241]
	at java.lang.Integer.parseInt(Integer.java:615) ~[?:1.8.0_241]
	at com.mysql.jdbc.NonRegisteringDriver.port(NonRegisteringDriver.java:916) ~[mysql-connector-java-5.1.29.jar:?]
	at com.mysql.jdbc.NonRegisteringDriver.connect(NonRegisteringDriver.java:347) ~[mysql-connector-java-5.1.29.jar:?]
	... 6 more
2023-08-28 15:22:24.421 ERROR Druid-ConnectionPool-Create-884858691 com.alibaba.druid.pool.DruidDataSource TID:  - create connection SQLException, url: jdbc:mysql://{tidb.host}:{tidb.port}/template?useSSL=false&allowMultiQueries=true, errorCode 0, state 08001
com.mysql.jdbc.exceptions.jdbc4.MySQLNonTransientConnectionException: Cannot load connection class because of underlying exception: 'java.lang.NumberFormatException: For input string: "{tidb.port}"'.
	at sun.reflect.GeneratedConstructorAccessor97.newInstance(Unknown Source) ~[?:?]
	at sun.reflect.DelegatingConstructorAccessorImpl.newInstance(DelegatingConstructorAccessorImpl.java:45) ~[?:1.8.0_241]
	at java.lang.reflect.Constructor.newInstance(Constructor.java:423) ~[?:1.8.0_241]
	at com.mysql.jdbc.Util.handleNewInstance(Util.java:411) ~[mysql-connector-java-5.1.29.jar:?]
	at com.mysql.jdbc.Util.getInstance(Util.java:386) ~[mysql-connector-java-5.1.29.jar:?]
	at com.mysql.jdbc.SQLError.createSQLException(SQLError.java:1015) ~[mysql-connector-java-5.1.29.jar:?]
	at com.mysql.jdbc.SQLError.createSQLException(SQLError.java:989) ~[mysql-connector-java-5.1.29.jar:?]
	at com.mysql.jdbc.SQLError.createSQLException(SQLError.java:975) ~[mysql-connector-java-5.1.29.jar:?]
	at com.mysql.jdbc.SQLError.createSQLException(SQLError.java:920) ~[mysql-connector-java-5.1.29.jar:?]
	at com.mysql.jdbc.NonRegisteringDriver.connect(NonRegisteringDriver.java:356) ~[mysql-connector-java-5.1.29.jar:?]
	at com.alibaba.druid.filter.FilterChainImpl.connection_connect(FilterChainImpl.java:149) ~[druid-1.1.9.jar:1.1.9]
	at com.alibaba.druid.filter.FilterAdapter.connection_connect(FilterAdapter.java:786) ~[druid-1.1.9.jar:1.1.9]
	at com.alibaba.druid.filter.FilterChainImpl.connection_connect(FilterChainImpl.java:143) ~[druid-1.1.9.jar:1.1.9]
	at com.alibaba.druid.pool.DruidAbstractDataSource.createPhysicalConnection(DruidAbstractDataSource.java:1515) ~[druid-1.1.9.jar:1.1.9]
	at com.alibaba.druid.pool.DruidAbstractDataSource.createPhysicalConnection(DruidAbstractDataSource.java:1578) ~[druid-1.1.9.jar:1.1.9]
	at com.alibaba.druid.pool.DruidDataSource$CreateConnectionThread.run(DruidDataSource.java:2466) ~[druid-1.1.9.jar:1.1.9]
Caused by: java.lang.NumberFormatException: For input string: "{tidb.port}"
	at java.lang.NumberFormatException.forInputString(NumberFormatException.java:65) ~[?:1.8.0_241]
	at java.lang.Integer.parseInt(Integer.java:580) ~[?:1.8.0_241]
	at java.lang.Integer.parseInt(Integer.java:615) ~[?:1.8.0_241]
	at com.mysql.jdbc.NonRegisteringDriver.port(NonRegisteringDriver.java:916) ~[mysql-connector-java-5.1.29.jar:?]
	at com.mysql.jdbc.NonRegisteringDriver.connect(NonRegisteringDriver.java:347) ~[mysql-connector-java-5.1.29.jar:?]
	... 6 more
2023-08-28 15:22:24.925 ERROR Druid-ConnectionPool-Create-884858691 com.alibaba.druid.pool.DruidDataSource TID:  - create connection SQLException, url: jdbc:mysql://{tidb.host}:{tidb.port}/template?useSSL=false&allowMultiQueries=true, errorCode 0, state 08001
com.mysql.jdbc.exceptions.jdbc4.MySQLNonTransientConnectionException: Cannot load connection class because of underlying exception: 'java.lang.NumberFormatException: For input string: "{tidb.port}"'.
	at sun.reflect.GeneratedConstructorAccessor97.newInstance(Unknown Source) ~[?:?]
	at sun.reflect.DelegatingConstructorAccessorImpl.newInstance(DelegatingConstructorAccessorImpl.java:45) ~[?:1.8.0_241]
	at java.lang.reflect.Constructor.newInstance(Constructor.java:423) ~[?:1.8.0_241]
	at com.mysql.jdbc.Util.handleNewInstance(Util.java:411) ~[mysql-connector-java-5.1.29.jar:?]
	at com.mysql.jdbc.Util.getInstance(Util.java:386) ~[mysql-connector-java-5.1.29.jar:?]
	at com.mysql.jdbc.SQLError.createSQLException(SQLError.java:1015) ~[mysql-connector-java-5.1.29.jar:?]
	at com.mysql.jdbc.SQLError.createSQLException(SQLError.java:989) ~[mysql-connector-java-5.1.29.jar:?]
	at com.mysql.jdbc.SQLError.createSQLException(SQLError.java:975) ~[mysql-connector-java-5.1.29.jar:?]
	at com.mysql.jdbc.SQLError.createSQLException(SQLError.java:920) ~[mysql-connector-java-5.1.29.jar:?]
	at com.mysql.jdbc.NonRegisteringDriver.connect(NonRegisteringDriver.java:356) ~[mysql-connector-java-5.1.29.jar:?]
	at com.alibaba.druid.filter.FilterChainImpl.connection_connect(FilterChainImpl.java:149) ~[druid-1.1.9.jar:1.1.9]
	at com.alibaba.druid.filter.FilterAdapter.connection_connect(FilterAdapter.java:786) ~[druid-1.1.9.jar:1.1.9]
	at com.alibaba.druid.filter.FilterChainImpl.connection_connect(FilterChainImpl.java:143) ~[druid-1.1.9.jar:1.1.9]
	at com.alibaba.druid.pool.DruidAbstractDataSource.createPhysicalConnection(DruidAbstractDataSource.java:1515) ~[druid-1.1.9.jar:1.1.9]
	at com.alibaba.druid.pool.DruidAbstractDataSource.createPhysicalConnection(DruidAbstractDataSource.java:1578) ~[druid-1.1.9.jar:1.1.9]
	at com.alibaba.druid.pool.DruidDataSource$CreateConnectionThread.run(DruidDataSource.java:2466) ~[druid-1.1.9.jar:1.1.9]
Caused by: java.lang.NumberFormatException: For input string: "{tidb.port}"
	at java.lang.NumberFormatException.forInputString(NumberFormatException.java:65) ~[?:1.8.0_241]
	at java.lang.Integer.parseInt(Integer.java:580) ~[?:1.8.0_241]
	at java.lang.Integer.parseInt(Integer.java:615) ~[?:1.8.0_241]
	at com.mysql.jdbc.NonRegisteringDriver.port(NonRegisteringDriver.java:916) ~[mysql-connector-java-5.1.29.jar:?]
	at com.mysql.jdbc.NonRegisteringDriver.connect(NonRegisteringDriver.java:347) ~[mysql-connector-java-5.1.29.jar:?]
	... 6 more
2023-08-28 15:22:25.429 ERROR Druid-ConnectionPool-Create-884858691 com.alibaba.druid.pool.DruidDataSource TID:  - create connection SQLException, url: jdbc:mysql://{tidb.host}:{tidb.port}/template?useSSL=false&allowMultiQueries=true, errorCode 0, state 08001
com.mysql.jdbc.exceptions.jdbc4.MySQLNonTransientConnectionException: Cannot load connection class because of underlying exception: 'java.lang.NumberFormatException: For input string: "{tidb.port}"'.
	at sun.reflect.GeneratedConstructorAccessor97.newInstance(Unknown Source) ~[?:?]
	at sun.reflect.DelegatingConstructorAccessorImpl.newInstance(DelegatingConstructorAccessorImpl.java:45) ~[?:1.8.0_241]
	at java.lang.reflect.Constructor.newInstance(Constructor.java:423) ~[?:1.8.0_241]
	at com.mysql.jdbc.Util.handleNewInstance(Util.java:411) ~[mysql-connector-java-5.1.29.jar:?]
	at com.mysql.jdbc.Util.getInstance(Util.java:386) ~[mysql-connector-java-5.1.29.jar:?]
	at com.mysql.jdbc.SQLError.createSQLException(SQLError.java:1015) ~[mysql-connector-java-5.1.29.jar:?]
	at com.mysql.jdbc.SQLError.createSQLException(SQLError.java:989) ~[mysql-connector-java-5.1.29.jar:?]
	at com.mysql.jdbc.SQLError.createSQLException(SQLError.java:975) ~[mysql-connector-java-5.1.29.jar:?]
	at com.mysql.jdbc.SQLError.createSQLException(SQLError.java:920) ~[mysql-connector-java-5.1.29.jar:?]
	at com.mysql.jdbc.NonRegisteringDriver.connect(NonRegisteringDriver.java:356) ~[mysql-connector-java-5.1.29.jar:?]
	at com.alibaba.druid.filter.FilterChainImpl.connection_connect(FilterChainImpl.java:149) ~[druid-1.1.9.jar:1.1.9]
	at com.alibaba.druid.filter.FilterAdapter.connection_connect(FilterAdapter.java:786) ~[druid-1.1.9.jar:1.1.9]
	at com.alibaba.druid.filter.FilterChainImpl.connection_connect(FilterChainImpl.java:143) ~[druid-1.1.9.jar:1.1.9]
	at com.alibaba.druid.pool.DruidAbstractDataSource.createPhysicalConnection(DruidAbstractDataSource.java:1515) ~[druid-1.1.9.jar:1.1.9]
	at com.alibaba.druid.pool.DruidAbstractDataSource.createPhysicalConnection(DruidAbstractDataSource.java:1578) ~[druid-1.1.9.jar:1.1.9]
	at com.alibaba.druid.pool.DruidDataSource$CreateConnectionThread.run(DruidDataSource.java:2466) ~[druid-1.1.9.jar:1.1.9]
Caused by: java.lang.NumberFormatException: For input string: "{tidb.port}"
	at java.lang.NumberFormatException.forInputString(NumberFormatException.java:65) ~[?:1.8.0_241]
	at java.lang.Integer.parseInt(Integer.java:580) ~[?:1.8.0_241]
	at java.lang.Integer.parseInt(Integer.java:615) ~[?:1.8.0_241]
	at com.mysql.jdbc.NonRegisteringDriver.port(NonRegisteringDriver.java:916) ~[mysql-connector-java-5.1.29.jar:?]
	at com.mysql.jdbc.NonRegisteringDriver.connect(NonRegisteringDriver.java:347) ~[mysql-connector-java-5.1.29.jar:?]
	... 6 more
2023-08-28 15:22:25.933 ERROR Druid-ConnectionPool-Create-884858691 com.alibaba.druid.pool.DruidDataSource TID:  - create connection SQLException, url: jdbc:mysql://{tidb.host}:{tidb.port}/template?useSSL=false&allowMultiQueries=true, errorCode 0, state 08001
com.mysql.jdbc.exceptions.jdbc4.MySQLNonTransientConnectionException: Cannot load connection class because of underlying exception: 'java.lang.NumberFormatException: For input string: "{tidb.port}"'.
	at sun.reflect.GeneratedConstructorAccessor97.newInstance(Unknown Source) ~[?:?]
	at sun.reflect.DelegatingConstructorAccessorImpl.newInstance(DelegatingConstructorAccessorImpl.java:45) ~[?:1.8.0_241]
	at java.lang.reflect.Constructor.newInstance(Constructor.java:423) ~[?:1.8.0_241]
	at com.mysql.jdbc.Util.handleNewInstance(Util.java:411) ~[mysql-connector-java-5.1.29.jar:?]
	at com.mysql.jdbc.Util.getInstance(Util.java:386) ~[mysql-connector-java-5.1.29.jar:?]
	at com.mysql.jdbc.SQLError.createSQLException(SQLError.java:1015) ~[mysql-connector-java-5.1.29.jar:?]
	at com.mysql.jdbc.SQLError.createSQLException(SQLError.java:989) ~[mysql-connector-java-5.1.29.jar:?]
	at com.mysql.jdbc.SQLError.createSQLException(SQLError.java:975) ~[mysql-connector-java-5.1.29.jar:?]
	at com.mysql.jdbc.SQLError.createSQLException(SQLError.java:920) ~[mysql-connector-java-5.1.29.jar:?]
	at com.mysql.jdbc.NonRegisteringDriver.connect(NonRegisteringDriver.java:356) ~[mysql-connector-java-5.1.29.jar:?]
	at com.alibaba.druid.filter.FilterChainImpl.connection_connect(FilterChainImpl.java:149) ~[druid-1.1.9.jar:1.1.9]
	at com.alibaba.druid.filter.FilterAdapter.connection_connect(FilterAdapter.java:786) ~[druid-1.1.9.jar:1.1.9]
	at com.alibaba.druid.filter.FilterChainImpl.connection_connect(FilterChainImpl.java:143) ~[druid-1.1.9.jar:1.1.9]
	at com.alibaba.druid.pool.DruidAbstractDataSource.createPhysicalConnection(DruidAbstractDataSource.java:1515) ~[druid-1.1.9.jar:1.1.9]
	at com.alibaba.druid.pool.DruidAbstractDataSource.createPhysicalConnection(DruidAbstractDataSource.java:1578) ~[druid-1.1.9.jar:1.1.9]
	at com.alibaba.druid.pool.DruidDataSource$CreateConnectionThread.run(DruidDataSource.java:2466) ~[druid-1.1.9.jar:1.1.9]
Caused by: java.lang.NumberFormatException: For input string: "{tidb.port}"
	at java.lang.NumberFormatException.forInputString(NumberFormatException.java:65) ~[?:1.8.0_241]
	at java.lang.Integer.parseInt(Integer.java:580) ~[?:1.8.0_241]
	at java.lang.Integer.parseInt(Integer.java:615) ~[?:1.8.0_241]
	at com.mysql.jdbc.NonRegisteringDriver.port(NonRegisteringDriver.java:916) ~[mysql-connector-java-5.1.29.jar:?]
	at com.mysql.jdbc.NonRegisteringDriver.connect(NonRegisteringDriver.java:347) ~[mysql-connector-java-5.1.29.jar:?]
	... 6 more
2023-08-28 15:22:26.438 ERROR Druid-ConnectionPool-Create-884858691 com.alibaba.druid.pool.DruidDataSource TID:  - create connection SQLException, url: jdbc:mysql://{tidb.host}:{tidb.port}/template?useSSL=false&allowMultiQueries=true, errorCode 0, state 08001
com.mysql.jdbc.exceptions.jdbc4.MySQLNonTransientConnectionException: Cannot load connection class because of underlying exception: 'java.lang.NumberFormatException: For input string: "{tidb.port}"'.
	at sun.reflect.GeneratedConstructorAccessor97.newInstance(Unknown Source) ~[?:?]
	at sun.reflect.DelegatingConstructorAccessorImpl.newInstance(DelegatingConstructorAccessorImpl.java:45) ~[?:1.8.0_241]
	at java.lang.reflect.Constructor.newInstance(Constructor.java:423) ~[?:1.8.0_241]
	at com.mysql.jdbc.Util.handleNewInstance(Util.java:411) ~[mysql-connector-java-5.1.29.jar:?]
	at com.mysql.jdbc.Util.getInstance(Util.java:386) ~[mysql-connector-java-5.1.29.jar:?]
	at com.mysql.jdbc.SQLError.createSQLException(SQLError.java:1015) ~[mysql-connector-java-5.1.29.jar:?]
	at com.mysql.jdbc.SQLError.createSQLException(SQLError.java:989) ~[mysql-connector-java-5.1.29.jar:?]
	at com.mysql.jdbc.SQLError.createSQLException(SQLError.java:975) ~[mysql-connector-java-5.1.29.jar:?]
	at com.mysql.jdbc.SQLError.createSQLException(SQLError.java:920) ~[mysql-connector-java-5.1.29.jar:?]
	at com.mysql.jdbc.NonRegisteringDriver.connect(NonRegisteringDriver.java:356) ~[mysql-connector-java-5.1.29.jar:?]
	at com.alibaba.druid.filter.FilterChainImpl.connection_connect(FilterChainImpl.java:149) ~[druid-1.1.9.jar:1.1.9]
	at com.alibaba.druid.filter.FilterAdapter.connection_connect(FilterAdapter.java:786) ~[druid-1.1.9.jar:1.1.9]
	at com.alibaba.druid.filter.FilterChainImpl.connection_connect(FilterChainImpl.java:143) ~[druid-1.1.9.jar:1.1.9]
	at com.alibaba.druid.pool.DruidAbstractDataSource.createPhysicalConnection(DruidAbstractDataSource.java:1515) ~[druid-1.1.9.jar:1.1.9]
	at com.alibaba.druid.pool.DruidAbstractDataSource.createPhysicalConnection(DruidAbstractDataSource.java:1578) ~[druid-1.1.9.jar:1.1.9]
	at com.alibaba.druid.pool.DruidDataSource$CreateConnectionThread.run(DruidDataSource.java:2466) ~[druid-1.1.9.jar:1.1.9]
Caused by: java.lang.NumberFormatException: For input string: "{tidb.port}"
	at java.lang.NumberFormatException.forInputString(NumberFormatException.java:65) ~[?:1.8.0_241]
	at java.lang.Integer.parseInt(Integer.java:580) ~[?:1.8.0_241]
	at java.lang.Integer.parseInt(Integer.java:615) ~[?:1.8.0_241]
	at com.mysql.jdbc.NonRegisteringDriver.port(NonRegisteringDriver.java:916) ~[mysql-connector-java-5.1.29.jar:?]
	at com.mysql.jdbc.NonRegisteringDriver.connect(NonRegisteringDriver.java:347) ~[mysql-connector-java-5.1.29.jar:?]
	... 6 more
2023-08-28 15:22:26.942 ERROR Druid-ConnectionPool-Create-884858691 com.alibaba.druid.pool.DruidDataSource TID:  - create connection SQLException, url: jdbc:mysql://{tidb.host}:{tidb.port}/template?useSSL=false&allowMultiQueries=true, errorCode 0, state 08001
com.mysql.jdbc.exceptions.jdbc4.MySQLNonTransientConnectionException: Cannot load connection class because of underlying exception: 'java.lang.NumberFormatException: For input string: "{tidb.port}"'.
	at sun.reflect.GeneratedConstructorAccessor97.newInstance(Unknown Source) ~[?:?]
	at sun.reflect.DelegatingConstructorAccessorImpl.newInstance(DelegatingConstructorAccessorImpl.java:45) ~[?:1.8.0_241]
	at java.lang.reflect.Constructor.newInstance(Constructor.java:423) ~[?:1.8.0_241]
	at com.mysql.jdbc.Util.handleNewInstance(Util.java:411) ~[mysql-connector-java-5.1.29.jar:?]
	at com.mysql.jdbc.Util.getInstance(Util.java:386) ~[mysql-connector-java-5.1.29.jar:?]
	at com.mysql.jdbc.SQLError.createSQLException(SQLError.java:1015) ~[mysql-connector-java-5.1.29.jar:?]
	at com.mysql.jdbc.SQLError.createSQLException(SQLError.java:989) ~[mysql-connector-java-5.1.29.jar:?]
	at com.mysql.jdbc.SQLError.createSQLException(SQLError.java:975) ~[mysql-connector-java-5.1.29.jar:?]
	at com.mysql.jdbc.SQLError.createSQLException(SQLError.java:920) ~[mysql-connector-java-5.1.29.jar:?]
	at com.mysql.jdbc.NonRegisteringDriver.connect(NonRegisteringDriver.java:356) ~[mysql-connector-java-5.1.29.jar:?]
	at com.alibaba.druid.filter.FilterChainImpl.connection_connect(FilterChainImpl.java:149) ~[druid-1.1.9.jar:1.1.9]
	at com.alibaba.druid.filter.FilterAdapter.connection_connect(FilterAdapter.java:786) ~[druid-1.1.9.jar:1.1.9]
	at com.alibaba.druid.filter.FilterChainImpl.connection_connect(FilterChainImpl.java:143) ~[druid-1.1.9.jar:1.1.9]
	at com.alibaba.druid.pool.DruidAbstractDataSource.createPhysicalConnection(DruidAbstractDataSource.java:1515) ~[druid-1.1.9.jar:1.1.9]
	at com.alibaba.druid.pool.DruidAbstractDataSource.createPhysicalConnection(DruidAbstractDataSource.java:1578) ~[druid-1.1.9.jar:1.1.9]
	at com.alibaba.druid.pool.DruidDataSource$CreateConnectionThread.run(DruidDataSource.java:2466) ~[druid-1.1.9.jar:1.1.9]
Caused by: java.lang.NumberFormatException: For input string: "{tidb.port}"
	at java.lang.NumberFormatException.forInputString(NumberFormatException.java:65) ~[?:1.8.0_241]
	at java.lang.Integer.parseInt(Integer.java:580) ~[?:1.8.0_241]
	at java.lang.Integer.parseInt(Integer.java:615) ~[?:1.8.0_241]
	at com.mysql.jdbc.NonRegisteringDriver.port(NonRegisteringDriver.java:916) ~[mysql-connector-java-5.1.29.jar:?]
	at com.mysql.jdbc.NonRegisteringDriver.connect(NonRegisteringDriver.java:347) ~[mysql-connector-java-5.1.29.jar:?]
	... 6 more
2023-08-28 15:22:27.447 ERROR Druid-ConnectionPool-Create-884858691 com.alibaba.druid.pool.DruidDataSource TID:  - create connection SQLException, url: jdbc:mysql://{tidb.host}:{tidb.port}/template?useSSL=false&allowMultiQueries=true, errorCode 0, state 08001
com.mysql.jdbc.exceptions.jdbc4.MySQLNonTransientConnectionException: Cannot load connection class because of underlying exception: 'java.lang.NumberFormatException: For input string: "{tidb.port}"'.
	at sun.reflect.GeneratedConstructorAccessor97.newInstance(Unknown Source) ~[?:?]
	at sun.reflect.DelegatingConstructorAccessorImpl.newInstance(DelegatingConstructorAccessorImpl.java:45) ~[?:1.8.0_241]
	at java.lang.reflect.Constructor.newInstance(Constructor.java:423) ~[?:1.8.0_241]
	at com.mysql.jdbc.Util.handleNewInstance(Util.java:411) ~[mysql-connector-java-5.1.29.jar:?]
	at com.mysql.jdbc.Util.getInstance(Util.java:386) ~[mysql-connector-java-5.1.29.jar:?]
	at com.mysql.jdbc.SQLError.createSQLException(SQLError.java:1015) ~[mysql-connector-java-5.1.29.jar:?]
	at com.mysql.jdbc.SQLError.createSQLException(SQLError.java:989) ~[mysql-connector-java-5.1.29.jar:?]
	at com.mysql.jdbc.SQLError.createSQLException(SQLError.java:975) ~[mysql-connector-java-5.1.29.jar:?]
	at com.mysql.jdbc.SQLError.createSQLException(SQLError.java:920) ~[mysql-connector-java-5.1.29.jar:?]
	at com.mysql.jdbc.NonRegisteringDriver.connect(NonRegisteringDriver.java:356) ~[mysql-connector-java-5.1.29.jar:?]
	at com.alibaba.druid.filter.FilterChainImpl.connection_connect(FilterChainImpl.java:149) ~[druid-1.1.9.jar:1.1.9]
	at com.alibaba.druid.filter.FilterAdapter.connection_connect(FilterAdapter.java:786) ~[druid-1.1.9.jar:1.1.9]
	at com.alibaba.druid.filter.FilterChainImpl.connection_connect(FilterChainImpl.java:143) ~[druid-1.1.9.jar:1.1.9]
	at com.alibaba.druid.pool.DruidAbstractDataSource.createPhysicalConnection(DruidAbstractDataSource.java:1515) ~[druid-1.1.9.jar:1.1.9]
	at com.alibaba.druid.pool.DruidAbstractDataSource.createPhysicalConnection(DruidAbstractDataSource.java:1578) ~[druid-1.1.9.jar:1.1.9]
	at com.alibaba.druid.pool.DruidDataSource$CreateConnectionThread.run(DruidDataSource.java:2466) ~[druid-1.1.9.jar:1.1.9]
Caused by: java.lang.NumberFormatException: For input string: "{tidb.port}"
	at java.lang.NumberFormatException.forInputString(NumberFormatException.java:65) ~[?:1.8.0_241]
	at java.lang.Integer.parseInt(Integer.java:580) ~[?:1.8.0_241]
	at java.lang.Integer.parseInt(Integer.java:615) ~[?:1.8.0_241]
	at com.mysql.jdbc.NonRegisteringDriver.port(NonRegisteringDriver.java:916) ~[mysql-connector-java-5.1.29.jar:?]
	at com.mysql.jdbc.NonRegisteringDriver.connect(NonRegisteringDriver.java:347) ~[mysql-connector-java-5.1.29.jar:?]
	... 6 more
2023-08-28 15:22:27.952 ERROR Druid-ConnectionPool-Create-884858691 com.alibaba.druid.pool.DruidDataSource TID:  - create connection SQLException, url: jdbc:mysql://{tidb.host}:{tidb.port}/template?useSSL=false&allowMultiQueries=true, errorCode 0, state 08001
com.mysql.jdbc.exceptions.jdbc4.MySQLNonTransientConnectionException: Cannot load connection class because of underlying exception: 'java.lang.NumberFormatException: For input string: "{tidb.port}"'.
	at sun.reflect.GeneratedConstructorAccessor97.newInstance(Unknown Source) ~[?:?]
	at sun.reflect.DelegatingConstructorAccessorImpl.newInstance(DelegatingConstructorAccessorImpl.java:45) ~[?:1.8.0_241]
	at java.lang.reflect.Constructor.newInstance(Constructor.java:423) ~[?:1.8.0_241]
	at com.mysql.jdbc.Util.handleNewInstance(Util.java:411) ~[mysql-connector-java-5.1.29.jar:?]
	at com.mysql.jdbc.Util.getInstance(Util.java:386) ~[mysql-connector-java-5.1.29.jar:?]
	at com.mysql.jdbc.SQLError.createSQLException(SQLError.java:1015) ~[mysql-connector-java-5.1.29.jar:?]
	at com.mysql.jdbc.SQLError.createSQLException(SQLError.java:989) ~[mysql-connector-java-5.1.29.jar:?]
	at com.mysql.jdbc.SQLError.createSQLException(SQLError.java:975) ~[mysql-connector-java-5.1.29.jar:?]
	at com.mysql.jdbc.SQLError.createSQLException(SQLError.java:920) ~[mysql-connector-java-5.1.29.jar:?]
	at com.mysql.jdbc.NonRegisteringDriver.connect(NonRegisteringDriver.java:356) ~[mysql-connector-java-5.1.29.jar:?]
	at com.alibaba.druid.filter.FilterChainImpl.connection_connect(FilterChainImpl.java:149) ~[druid-1.1.9.jar:1.1.9]
	at com.alibaba.druid.filter.FilterAdapter.connection_connect(FilterAdapter.java:786) ~[druid-1.1.9.jar:1.1.9]
	at com.alibaba.druid.filter.FilterChainImpl.connection_connect(FilterChainImpl.java:143) ~[druid-1.1.9.jar:1.1.9]
	at com.alibaba.druid.pool.DruidAbstractDataSource.createPhysicalConnection(DruidAbstractDataSource.java:1515) ~[druid-1.1.9.jar:1.1.9]
	at com.alibaba.druid.pool.DruidAbstractDataSource.createPhysicalConnection(DruidAbstractDataSource.java:1578) ~[druid-1.1.9.jar:1.1.9]
	at com.alibaba.druid.pool.DruidDataSource$CreateConnectionThread.run(DruidDataSource.java:2466) ~[druid-1.1.9.jar:1.1.9]
Caused by: java.lang.NumberFormatException: For input string: "{tidb.port}"
	at java.lang.NumberFormatException.forInputString(NumberFormatException.java:65) ~[?:1.8.0_241]
	at java.lang.Integer.parseInt(Integer.java:580) ~[?:1.8.0_241]
	at java.lang.Integer.parseInt(Integer.java:615) ~[?:1.8.0_241]
	at com.mysql.jdbc.NonRegisteringDriver.port(NonRegisteringDriver.java:916) ~[mysql-connector-java-5.1.29.jar:?]
	at com.mysql.jdbc.NonRegisteringDriver.connect(NonRegisteringDriver.java:347) ~[mysql-connector-java-5.1.29.jar:?]
	... 6 more
2023-08-28 15:22:28.453 ERROR Druid-ConnectionPool-Create-884858691 com.alibaba.druid.pool.DruidDataSource TID:  - create connection SQLException, url: jdbc:mysql://{tidb.host}:{tidb.port}/template?useSSL=false&allowMultiQueries=true, errorCode 0, state 08001
com.mysql.jdbc.exceptions.jdbc4.MySQLNonTransientConnectionException: Cannot load connection class because of underlying exception: 'java.lang.NumberFormatException: For input string: "{tidb.port}"'.
	at sun.reflect.GeneratedConstructorAccessor97.newInstance(Unknown Source) ~[?:?]
	at sun.reflect.DelegatingConstructorAccessorImpl.newInstance(DelegatingConstructorAccessorImpl.java:45) ~[?:1.8.0_241]
	at java.lang.reflect.Constructor.newInstance(Constructor.java:423) ~[?:1.8.0_241]
	at com.mysql.jdbc.Util.handleNewInstance(Util.java:411) ~[mysql-connector-java-5.1.29.jar:?]
	at com.mysql.jdbc.Util.getInstance(Util.java:386) ~[mysql-connector-java-5.1.29.jar:?]
	at com.mysql.jdbc.SQLError.createSQLException(SQLError.java:1015) ~[mysql-connector-java-5.1.29.jar:?]
	at com.mysql.jdbc.SQLError.createSQLException(SQLError.java:989) ~[mysql-connector-java-5.1.29.jar:?]
	at com.mysql.jdbc.SQLError.createSQLException(SQLError.java:975) ~[mysql-connector-java-5.1.29.jar:?]
	at com.mysql.jdbc.SQLError.createSQLException(SQLError.java:920) ~[mysql-connector-java-5.1.29.jar:?]
	at com.mysql.jdbc.NonRegisteringDriver.connect(NonRegisteringDriver.java:356) ~[mysql-connector-java-5.1.29.jar:?]
	at com.alibaba.druid.filter.FilterChainImpl.connection_connect(FilterChainImpl.java:149) ~[druid-1.1.9.jar:1.1.9]
	at com.alibaba.druid.filter.FilterAdapter.connection_connect(FilterAdapter.java:786) ~[druid-1.1.9.jar:1.1.9]
	at com.alibaba.druid.filter.FilterChainImpl.connection_connect(FilterChainImpl.java:143) ~[druid-1.1.9.jar:1.1.9]
	at com.alibaba.druid.pool.DruidAbstractDataSource.createPhysicalConnection(DruidAbstractDataSource.java:1515) ~[druid-1.1.9.jar:1.1.9]
	at com.alibaba.druid.pool.DruidAbstractDataSource.createPhysicalConnection(DruidAbstractDataSource.java:1578) ~[druid-1.1.9.jar:1.1.9]
	at com.alibaba.druid.pool.DruidDataSource$CreateConnectionThread.run(DruidDataSource.java:2466) ~[druid-1.1.9.jar:1.1.9]
Caused by: java.lang.NumberFormatException: For input string: "{tidb.port}"
	at java.lang.NumberFormatException.forInputString(NumberFormatException.java:65) ~[?:1.8.0_241]
	at java.lang.Integer.parseInt(Integer.java:580) ~[?:1.8.0_241]
	at java.lang.Integer.parseInt(Integer.java:615) ~[?:1.8.0_241]
	at com.mysql.jdbc.NonRegisteringDriver.port(NonRegisteringDriver.java:916) ~[mysql-connector-java-5.1.29.jar:?]
	at com.mysql.jdbc.NonRegisteringDriver.connect(NonRegisteringDriver.java:347) ~[mysql-connector-java-5.1.29.jar:?]
	... 6 more
2023-08-28 15:22:28.958 ERROR Druid-ConnectionPool-Create-884858691 com.alibaba.druid.pool.DruidDataSource TID:  - create connection SQLException, url: jdbc:mysql://{tidb.host}:{tidb.port}/template?useSSL=false&allowMultiQueries=true, errorCode 0, state 08001
com.mysql.jdbc.exceptions.jdbc4.MySQLNonTransientConnectionException: Cannot load connection class because of underlying exception: 'java.lang.NumberFormatException: For input string: "{tidb.port}"'.
	at sun.reflect.GeneratedConstructorAccessor97.newInstance(Unknown Source) ~[?:?]
	at sun.reflect.DelegatingConstructorAccessorImpl.newInstance(DelegatingConstructorAccessorImpl.java:45) ~[?:1.8.0_241]
	at java.lang.reflect.Constructor.newInstance(Constructor.java:423) ~[?:1.8.0_241]
	at com.mysql.jdbc.Util.handleNewInstance(Util.java:411) ~[mysql-connector-java-5.1.29.jar:?]
	at com.mysql.jdbc.Util.getInstance(Util.java:386) ~[mysql-connector-java-5.1.29.jar:?]
	at com.mysql.jdbc.SQLError.createSQLException(SQLError.java:1015) ~[mysql-connector-java-5.1.29.jar:?]
	at com.mysql.jdbc.SQLError.createSQLException(SQLError.java:989) ~[mysql-connector-java-5.1.29.jar:?]
	at com.mysql.jdbc.SQLError.createSQLException(SQLError.java:975) ~[mysql-connector-java-5.1.29.jar:?]
	at com.mysql.jdbc.SQLError.createSQLException(SQLError.java:920) ~[mysql-connector-java-5.1.29.jar:?]
	at com.mysql.jdbc.NonRegisteringDriver.connect(NonRegisteringDriver.java:356) ~[mysql-connector-java-5.1.29.jar:?]
	at com.alibaba.druid.filter.FilterChainImpl.connection_connect(FilterChainImpl.java:149) ~[druid-1.1.9.jar:1.1.9]
	at com.alibaba.druid.filter.FilterAdapter.connection_connect(FilterAdapter.java:786) ~[druid-1.1.9.jar:1.1.9]
	at com.alibaba.druid.filter.FilterChainImpl.connection_connect(FilterChainImpl.java:143) ~[druid-1.1.9.jar:1.1.9]
	at com.alibaba.druid.pool.DruidAbstractDataSource.createPhysicalConnection(DruidAbstractDataSource.java:1515) ~[druid-1.1.9.jar:1.1.9]
	at com.alibaba.druid.pool.DruidAbstractDataSource.createPhysicalConnection(DruidAbstractDataSource.java:1578) ~[druid-1.1.9.jar:1.1.9]
	at com.alibaba.druid.pool.DruidDataSource$CreateConnectionThread.run(DruidDataSource.java:2466) ~[druid-1.1.9.jar:1.1.9]
Caused by: java.lang.NumberFormatException: For input string: "{tidb.port}"
	at java.lang.NumberFormatException.forInputString(NumberFormatException.java:65) ~[?:1.8.0_241]
	at java.lang.Integer.parseInt(Integer.java:580) ~[?:1.8.0_241]
	at java.lang.Integer.parseInt(Integer.java:615) ~[?:1.8.0_241]
	at com.mysql.jdbc.NonRegisteringDriver.port(NonRegisteringDriver.java:916) ~[mysql-connector-java-5.1.29.jar:?]
	at com.mysql.jdbc.NonRegisteringDriver.connect(NonRegisteringDriver.java:347) ~[mysql-connector-java-5.1.29.jar:?]
	... 6 more
2023-08-28 15:22:29.461 ERROR Druid-ConnectionPool-Create-884858691 com.alibaba.druid.pool.DruidDataSource TID:  - create connection SQLException, url: jdbc:mysql://{tidb.host}:{tidb.port}/template?useSSL=false&allowMultiQueries=true, errorCode 0, state 08001
com.mysql.jdbc.exceptions.jdbc4.MySQLNonTransientConnectionException: Cannot load connection class because of underlying exception: 'java.lang.NumberFormatException: For input string: "{tidb.port}"'.
	at sun.reflect.GeneratedConstructorAccessor97.newInstance(Unknown Source) ~[?:?]
	at sun.reflect.DelegatingConstructorAccessorImpl.newInstance(DelegatingConstructorAccessorImpl.java:45) ~[?:1.8.0_241]
	at java.lang.reflect.Constructor.newInstance(Constructor.java:423) ~[?:1.8.0_241]
	at com.mysql.jdbc.Util.handleNewInstance(Util.java:411) ~[mysql-connector-java-5.1.29.jar:?]
	at com.mysql.jdbc.Util.getInstance(Util.java:386) ~[mysql-connector-java-5.1.29.jar:?]
	at com.mysql.jdbc.SQLError.createSQLException(SQLError.java:1015) ~[mysql-connector-java-5.1.29.jar:?]
	at com.mysql.jdbc.SQLError.createSQLException(SQLError.java:989) ~[mysql-connector-java-5.1.29.jar:?]
	at com.mysql.jdbc.SQLError.createSQLException(SQLError.java:975) ~[mysql-connector-java-5.1.29.jar:?]
	at com.mysql.jdbc.SQLError.createSQLException(SQLError.java:920) ~[mysql-connector-java-5.1.29.jar:?]
	at com.mysql.jdbc.NonRegisteringDriver.connect(NonRegisteringDriver.java:356) ~[mysql-connector-java-5.1.29.jar:?]
	at com.alibaba.druid.filter.FilterChainImpl.connection_connect(FilterChainImpl.java:149) ~[druid-1.1.9.jar:1.1.9]
	at com.alibaba.druid.filter.FilterAdapter.connection_connect(FilterAdapter.java:786) ~[druid-1.1.9.jar:1.1.9]
	at com.alibaba.druid.filter.FilterChainImpl.connection_connect(FilterChainImpl.java:143) ~[druid-1.1.9.jar:1.1.9]
	at com.alibaba.druid.pool.DruidAbstractDataSource.createPhysicalConnection(DruidAbstractDataSource.java:1515) ~[druid-1.1.9.jar:1.1.9]
	at com.alibaba.druid.pool.DruidAbstractDataSource.createPhysicalConnection(DruidAbstractDataSource.java:1578) ~[druid-1.1.9.jar:1.1.9]
	at com.alibaba.druid.pool.DruidDataSource$CreateConnectionThread.run(DruidDataSource.java:2466) ~[druid-1.1.9.jar:1.1.9]
Caused by: java.lang.NumberFormatException: For input string: "{tidb.port}"
	at java.lang.NumberFormatException.forInputString(NumberFormatException.java:65) ~[?:1.8.0_241]
	at java.lang.Integer.parseInt(Integer.java:580) ~[?:1.8.0_241]
	at java.lang.Integer.parseInt(Integer.java:615) ~[?:1.8.0_241]
	at com.mysql.jdbc.NonRegisteringDriver.port(NonRegisteringDriver.java:916) ~[mysql-connector-java-5.1.29.jar:?]
	at com.mysql.jdbc.NonRegisteringDriver.connect(NonRegisteringDriver.java:347) ~[mysql-connector-java-5.1.29.jar:?]
	... 6 more
2023-08-28 15:22:29.964 ERROR Druid-ConnectionPool-Create-884858691 com.alibaba.druid.pool.DruidDataSource TID:  - create connection SQLException, url: jdbc:mysql://{tidb.host}:{tidb.port}/template?useSSL=false&allowMultiQueries=true, errorCode 0, state 08001
com.mysql.jdbc.exceptions.jdbc4.MySQLNonTransientConnectionException: Cannot load connection class because of underlying exception: 'java.lang.NumberFormatException: For input string: "{tidb.port}"'.
	at sun.reflect.GeneratedConstructorAccessor97.newInstance(Unknown Source) ~[?:?]
	at sun.reflect.DelegatingConstructorAccessorImpl.newInstance(DelegatingConstructorAccessorImpl.java:45) ~[?:1.8.0_241]
	at java.lang.reflect.Constructor.newInstance(Constructor.java:423) ~[?:1.8.0_241]
	at com.mysql.jdbc.Util.handleNewInstance(Util.java:411) ~[mysql-connector-java-5.1.29.jar:?]
	at com.mysql.jdbc.Util.getInstance(Util.java:386) ~[mysql-connector-java-5.1.29.jar:?]
	at com.mysql.jdbc.SQLError.createSQLException(SQLError.java:1015) ~[mysql-connector-java-5.1.29.jar:?]
	at com.mysql.jdbc.SQLError.createSQLException(SQLError.java:989) ~[mysql-connector-java-5.1.29.jar:?]
	at com.mysql.jdbc.SQLError.createSQLException(SQLError.java:975) ~[mysql-connector-java-5.1.29.jar:?]
	at com.mysql.jdbc.SQLError.createSQLException(SQLError.java:920) ~[mysql-connector-java-5.1.29.jar:?]
	at com.mysql.jdbc.NonRegisteringDriver.connect(NonRegisteringDriver.java:356) ~[mysql-connector-java-5.1.29.jar:?]
	at com.alibaba.druid.filter.FilterChainImpl.connection_connect(FilterChainImpl.java:149) ~[druid-1.1.9.jar:1.1.9]
	at com.alibaba.druid.filter.FilterAdapter.connection_connect(FilterAdapter.java:786) ~[druid-1.1.9.jar:1.1.9]
	at com.alibaba.druid.filter.FilterChainImpl.connection_connect(FilterChainImpl.java:143) ~[druid-1.1.9.jar:1.1.9]
	at com.alibaba.druid.pool.DruidAbstractDataSource.createPhysicalConnection(DruidAbstractDataSource.java:1515) ~[druid-1.1.9.jar:1.1.9]
	at com.alibaba.druid.pool.DruidAbstractDataSource.createPhysicalConnection(DruidAbstractDataSource.java:1578) ~[druid-1.1.9.jar:1.1.9]
	at com.alibaba.druid.pool.DruidDataSource$CreateConnectionThread.run(DruidDataSource.java:2466) ~[druid-1.1.9.jar:1.1.9]
Caused by: java.lang.NumberFormatException: For input string: "{tidb.port}"
	at java.lang.NumberFormatException.forInputString(NumberFormatException.java:65) ~[?:1.8.0_241]
	at java.lang.Integer.parseInt(Integer.java:580) ~[?:1.8.0_241]
	at java.lang.Integer.parseInt(Integer.java:615) ~[?:1.8.0_241]
	at com.mysql.jdbc.NonRegisteringDriver.port(NonRegisteringDriver.java:916) ~[mysql-connector-java-5.1.29.jar:?]
	at com.mysql.jdbc.NonRegisteringDriver.connect(NonRegisteringDriver.java:347) ~[mysql-connector-java-5.1.29.jar:?]
	... 6 more
2023-08-28 15:22:30.468 ERROR Druid-ConnectionPool-Create-884858691 com.alibaba.druid.pool.DruidDataSource TID:  - create connection SQLException, url: jdbc:mysql://{tidb.host}:{tidb.port}/template?useSSL=false&allowMultiQueries=true, errorCode 0, state 08001
com.mysql.jdbc.exceptions.jdbc4.MySQLNonTransientConnectionException: Cannot load connection class because of underlying exception: 'java.lang.NumberFormatException: For input string: "{tidb.port}"'.
	at sun.reflect.GeneratedConstructorAccessor97.newInstance(Unknown Source) ~[?:?]
	at sun.reflect.DelegatingConstructorAccessorImpl.newInstance(DelegatingConstructorAccessorImpl.java:45) ~[?:1.8.0_241]
	at java.lang.reflect.Constructor.newInstance(Constructor.java:423) ~[?:1.8.0_241]
	at com.mysql.jdbc.Util.handleNewInstance(Util.java:411) ~[mysql-connector-java-5.1.29.jar:?]
	at com.mysql.jdbc.Util.getInstance(Util.java:386) ~[mysql-connector-java-5.1.29.jar:?]
	at com.mysql.jdbc.SQLError.createSQLException(SQLError.java:1015) ~[mysql-connector-java-5.1.29.jar:?]
	at com.mysql.jdbc.SQLError.createSQLException(SQLError.java:989) ~[mysql-connector-java-5.1.29.jar:?]
	at com.mysql.jdbc.SQLError.createSQLException(SQLError.java:975) ~[mysql-connector-java-5.1.29.jar:?]
	at com.mysql.jdbc.SQLError.createSQLException(SQLError.java:920) ~[mysql-connector-java-5.1.29.jar:?]
	at com.mysql.jdbc.NonRegisteringDriver.connect(NonRegisteringDriver.java:356) ~[mysql-connector-java-5.1.29.jar:?]
	at com.alibaba.druid.filter.FilterChainImpl.connection_connect(FilterChainImpl.java:149) ~[druid-1.1.9.jar:1.1.9]
	at com.alibaba.druid.filter.FilterAdapter.connection_connect(FilterAdapter.java:786) ~[druid-1.1.9.jar:1.1.9]
	at com.alibaba.druid.filter.FilterChainImpl.connection_connect(FilterChainImpl.java:143) ~[druid-1.1.9.jar:1.1.9]
	at com.alibaba.druid.pool.DruidAbstractDataSource.createPhysicalConnection(DruidAbstractDataSource.java:1515) ~[druid-1.1.9.jar:1.1.9]
	at com.alibaba.druid.pool.DruidAbstractDataSource.createPhysicalConnection(DruidAbstractDataSource.java:1578) ~[druid-1.1.9.jar:1.1.9]
	at com.alibaba.druid.pool.DruidDataSource$CreateConnectionThread.run(DruidDataSource.java:2466) ~[druid-1.1.9.jar:1.1.9]
Caused by: java.lang.NumberFormatException: For input string: "{tidb.port}"
	at java.lang.NumberFormatException.forInputString(NumberFormatException.java:65) ~[?:1.8.0_241]
	at java.lang.Integer.parseInt(Integer.java:580) ~[?:1.8.0_241]
	at java.lang.Integer.parseInt(Integer.java:615) ~[?:1.8.0_241]
	at com.mysql.jdbc.NonRegisteringDriver.port(NonRegisteringDriver.java:916) ~[mysql-connector-java-5.1.29.jar:?]
	at com.mysql.jdbc.NonRegisteringDriver.connect(NonRegisteringDriver.java:347) ~[mysql-connector-java-5.1.29.jar:?]
	... 6 more
2023-08-28 15:22:30.507 WARN  Thread-5 com.alibaba.nacos.common.http.HttpClientBeanHolder TID:  - [HttpClientBeanHolder] Start destroying common HttpClient
2023-08-28 15:22:30.508 WARN  Thread-5 com.alibaba.nacos.common.http.HttpClientBeanHolder TID:  - [HttpClientBeanHolder] Destruction of the end
2023-08-28 15:23:23.557 WARN  main com.alibaba.cloud.nacos.client.NacosPropertySourceBuilder TID:  - Ignore the empty nacos configuration and get it based on dataId[template-dev.yaml] & group[dev]
2023-08-28 15:23:23.569 WARN  main com.alibaba.cloud.nacos.client.NacosPropertySourceBuilder TID:  - Ignore the empty nacos configuration and get it based on dataId[template] & group[DEFAULT_GROUP]
2023-08-28 15:23:23.575 WARN  main com.alibaba.cloud.nacos.client.NacosPropertySourceBuilder TID:  - Ignore the empty nacos configuration and get it based on dataId[template.yaml] & group[DEFAULT_GROUP]
2023-08-28 15:23:25.491 WARN  main org.springframework.boot.actuate.endpoint.EndpointId - Endpoint ID 'service-registry' contains invalid characters, please migrate to a valid format.
2023-08-28 15:23:29.150 WARN  main com.netflix.config.sources.URLConfigurationSource TID:  - No URLs will be polled as dynamic configuration sources.
2023-08-28 15:23:29.159 WARN  main com.netflix.config.sources.URLConfigurationSource TID:  - No URLs will be polled as dynamic configuration sources.
2023-08-28 15:23:33.179 WARN  main org.springframework.cloud.loadbalancer.config.BlockingLoadBalancerClientAutoConfiguration$BlockingLoadBalancerClientRibbonWarnLogger - You already have RibbonLoadBalancerClient on your classpath. It will be used by default. As Spring Cloud Ribbon is in maintenance mode. We recommend switching to BlockingLoadBalancerClient instead. In order to use it, set the value of `spring.cloud.loadbalancer.ribbon.enabled` to `false` or remove spring-cloud-starter-netflix-ribbon from your project.
2023-08-28 15:23:37.081 WARN  main com.alibaba.cloud.nacos.client.NacosPropertySourceBuilder TID:  - Ignore the empty nacos configuration and get it based on dataId[template-dev.yaml] & group[dev]
2023-08-28 15:23:37.086 WARN  main com.alibaba.cloud.nacos.client.NacosPropertySourceBuilder TID:  - Ignore the empty nacos configuration and get it based on dataId[template] & group[DEFAULT_GROUP]
2023-08-28 15:23:37.093 WARN  main com.alibaba.cloud.nacos.client.NacosPropertySourceBuilder TID:  - Ignore the empty nacos configuration and get it based on dataId[template.yaml] & group[DEFAULT_GROUP]
2023-08-28 15:23:38.112 WARN  main io.undertow.websockets.jsr - UT026010: Buffer pool was not set on WebSocketDeploymentInfo, the default pool will be used
2023-08-28 15:23:38.837 WARN  main org.springframework.cloud.netflix.archaius.ArchaiusAutoConfiguration - Netflix ConfigurationManager has already been installed, unable to re-install
2023-08-28 15:23:39.995 WARN  main org.springframework.cloud.loadbalancer.config.BlockingLoadBalancerClientAutoConfiguration$BlockingLoadBalancerClientRibbonWarnLogger - You already have RibbonLoadBalancerClient on your classpath. It will be used by default. As Spring Cloud Ribbon is in maintenance mode. We recommend switching to BlockingLoadBalancerClient instead. In order to use it, set the value of `spring.cloud.loadbalancer.ribbon.enabled` to `false` or remove spring-cloud-starter-netflix-ribbon from your project.
2023-08-28 15:23:41.111 WARN  XNIO-1 task-1 TID:  com.youneng.troy.template.web.handler.GlobalRequestExceptionHandler - paramsException
org.springframework.web.bind.MethodArgumentNotValidException: Validation failed for argument [0] in public com.youneng.seal.api.resp.ObjectResults<java.lang.Void> com.youneng.troy.template.web.controller.DemoController.hello(com.youneng.troy.template.web.param.DemoParam): [Field error in object 'demoParam' on field 'age': rejected value [111]; codes [Max.demoParam.age,Max.age,Max.int,Max]; arguments [org.springframework.context.support.DefaultMessageSourceResolvable: codes [demoParam.age,age]; arguments []; default message [age],100]; default message [最大不能超过100]] 
	at org.springframework.web.servlet.mvc.method.annotation.RequestResponseBodyMethodProcessor.resolveArgument(RequestResponseBodyMethodProcessor.java:139) ~[spring-webmvc-5.2.15.RELEASE.jar:5.2.15.RELEASE]
	at org.springframework.web.method.support.HandlerMethodArgumentResolverComposite.resolveArgument(HandlerMethodArgumentResolverComposite.java:121) ~[spring-web-5.2.15.RELEASE.jar:5.2.15.RELEASE]
	at org.springframework.web.method.support.InvocableHandlerMethod.getMethodArgumentValues(InvocableHandlerMethod.java:167) ~[spring-web-5.2.15.RELEASE.jar:5.2.15.RELEASE]
	at org.springframework.web.method.support.InvocableHandlerMethod.invokeForRequest(InvocableHandlerMethod.java:134) ~[spring-web-5.2.15.RELEASE.jar:5.2.15.RELEASE]
	at org.springframework.web.servlet.mvc.method.annotation.ServletInvocableHandlerMethod.invokeAndHandle(ServletInvocableHandlerMethod.java:105) ~[spring-webmvc-5.2.15.RELEASE.jar:5.2.15.RELEASE]
	at org.springframework.web.servlet.mvc.method.annotation.RequestMappingHandlerAdapter.invokeHandlerMethod(RequestMappingHandlerAdapter.java:878) ~[spring-webmvc-5.2.15.RELEASE.jar:5.2.15.RELEASE]
	at org.springframework.web.servlet.mvc.method.annotation.RequestMappingHandlerAdapter.handleInternal(RequestMappingHandlerAdapter.java:792) ~[spring-webmvc-5.2.15.RELEASE.jar:5.2.15.RELEASE]
	at org.springframework.web.servlet.mvc.method.AbstractHandlerMethodAdapter.handle(AbstractHandlerMethodAdapter.java:87) ~[spring-webmvc-5.2.15.RELEASE.jar:5.2.15.RELEASE]
	at org.springframework.web.servlet.DispatcherServlet.doDispatch(DispatcherServlet.java:1040) ~[spring-webmvc-5.2.15.RELEASE.jar:5.2.15.RELEASE]
	at org.springframework.web.servlet.DispatcherServlet.doService(DispatcherServlet.java:943) ~[spring-webmvc-5.2.15.RELEASE.jar:5.2.15.RELEASE]
	at org.springframework.web.servlet.FrameworkServlet.processRequest(FrameworkServlet.java:1006) ~[spring-webmvc-5.2.15.RELEASE.jar:5.2.15.RELEASE]
	at org.springframework.web.servlet.FrameworkServlet.doPost(FrameworkServlet.java:909) ~[spring-webmvc-5.2.15.RELEASE.jar:5.2.15.RELEASE]
	at javax.servlet.http.HttpServlet.service(HttpServlet.java:517) ~[jakarta.servlet-api-4.0.4.jar:4.0.4]
	at org.springframework.web.servlet.FrameworkServlet.service(FrameworkServlet.java:883) ~[spring-webmvc-5.2.15.RELEASE.jar:5.2.15.RELEASE]
	at javax.servlet.http.HttpServlet.service(HttpServlet.java:584) ~[jakarta.servlet-api-4.0.4.jar:4.0.4]
	at io.undertow.servlet.handlers.ServletHandler.handleRequest(ServletHandler.java:74) ~[undertow-servlet-2.1.7.Final.jar:2.1.7.Final]
	at io.undertow.servlet.handlers.FilterHandler$FilterChainImpl.doFilter(FilterHandler.java:129) ~[undertow-servlet-2.1.7.Final.jar:2.1.7.Final]
	at com.youneng.troy.template.web.filter.TraceIdInjectFilter.doFilter(TraceIdInjectFilter.java:30) ~[classes/:?]
	at io.undertow.servlet.core.ManagedFilter.doFilter(ManagedFilter.java:61) ~[undertow-servlet-2.1.7.Final.jar:2.1.7.Final]
	at io.undertow.servlet.handlers.FilterHandler$FilterChainImpl.doFilter(FilterHandler.java:131) ~[undertow-servlet-2.1.7.Final.jar:2.1.7.Final]
	at com.alibaba.druid.support.http.WebStatFilter.doFilter(WebStatFilter.java:123) ~[druid-1.1.9.jar:1.1.9]
	at io.undertow.servlet.core.ManagedFilter.doFilter(ManagedFilter.java:61) ~[undertow-servlet-2.1.7.Final.jar:2.1.7.Final]
	at io.undertow.servlet.handlers.FilterHandler$FilterChainImpl.doFilter(FilterHandler.java:131) ~[undertow-servlet-2.1.7.Final.jar:2.1.7.Final]
	at org.springframework.web.filter.RequestContextFilter.doFilterInternal(RequestContextFilter.java:100) ~[spring-web-5.2.15.RELEASE.jar:5.2.15.RELEASE]
	at org.springframework.web.filter.OncePerRequestFilter.doFilter(OncePerRequestFilter.java:119) ~[spring-web-5.2.15.RELEASE.jar:5.2.15.RELEASE]
	at io.undertow.servlet.core.ManagedFilter.doFilter(ManagedFilter.java:61) ~[undertow-servlet-2.1.7.Final.jar:2.1.7.Final]
	at io.undertow.servlet.handlers.FilterHandler$FilterChainImpl.doFilter(FilterHandler.java:131) ~[undertow-servlet-2.1.7.Final.jar:2.1.7.Final]
	at org.springframework.web.filter.FormContentFilter.doFilterInternal(FormContentFilter.java:93) ~[spring-web-5.2.15.RELEASE.jar:5.2.15.RELEASE]
	at org.springframework.web.filter.OncePerRequestFilter.doFilter(OncePerRequestFilter.java:119) ~[spring-web-5.2.15.RELEASE.jar:5.2.15.RELEASE]
	at io.undertow.servlet.core.ManagedFilter.doFilter(ManagedFilter.java:61) ~[undertow-servlet-2.1.7.Final.jar:2.1.7.Final]
	at io.undertow.servlet.handlers.FilterHandler$FilterChainImpl.doFilter(FilterHandler.java:131) ~[undertow-servlet-2.1.7.Final.jar:2.1.7.Final]
	at com.xdf.pscommon.filter.RepeatableFilter.doFilter(RepeatableFilter.java:48) ~[base-filter-starter-1.3.3-20210820.103829-1.jar:1.3.3-SNAPSHOT]
	at io.undertow.servlet.core.ManagedFilter.doFilter(ManagedFilter.java:61) ~[undertow-servlet-2.1.7.Final.jar:2.1.7.Final]
	at io.undertow.servlet.handlers.FilterHandler$FilterChainImpl.doFilter(FilterHandler.java:131) ~[undertow-servlet-2.1.7.Final.jar:2.1.7.Final]
	at org.springframework.boot.actuate.metrics.web.servlet.WebMvcMetricsFilter.doFilterInternal(WebMvcMetricsFilter.java:97) ~[spring-boot-actuator-2.3.12.RELEASE.jar:2.3.12.RELEASE]
	at org.springframework.web.filter.OncePerRequestFilter.doFilter(OncePerRequestFilter.java:119) ~[spring-web-5.2.15.RELEASE.jar:5.2.15.RELEASE]
	at io.undertow.servlet.core.ManagedFilter.doFilter(ManagedFilter.java:61) ~[undertow-servlet-2.1.7.Final.jar:2.1.7.Final]
	at io.undertow.servlet.handlers.FilterHandler$FilterChainImpl.doFilter(FilterHandler.java:131) ~[undertow-servlet-2.1.7.Final.jar:2.1.7.Final]
	at org.springframework.web.filter.CharacterEncodingFilter.doFilterInternal(CharacterEncodingFilter.java:201) ~[spring-web-5.2.15.RELEASE.jar:5.2.15.RELEASE]
	at org.springframework.web.filter.OncePerRequestFilter.doFilter(OncePerRequestFilter.java:119) ~[spring-web-5.2.15.RELEASE.jar:5.2.15.RELEASE]
	at io.undertow.servlet.core.ManagedFilter.doFilter(ManagedFilter.java:61) ~[undertow-servlet-2.1.7.Final.jar:2.1.7.Final]
	at io.undertow.servlet.handlers.FilterHandler$FilterChainImpl.doFilter(FilterHandler.java:131) ~[undertow-servlet-2.1.7.Final.jar:2.1.7.Final]
	at com.xdf.pscommon.filter.EnvFilter.doFilter(EnvFilter.java:51) ~[base-filter-starter-1.3.3-20210820.103829-1.jar:1.3.3-SNAPSHOT]
	at io.undertow.servlet.core.ManagedFilter.doFilter(ManagedFilter.java:61) ~[undertow-servlet-2.1.7.Final.jar:2.1.7.Final]
	at io.undertow.servlet.handlers.FilterHandler$FilterChainImpl.doFilter(FilterHandler.java:131) ~[undertow-servlet-2.1.7.Final.jar:2.1.7.Final]
	at com.youneng.troy.template.web.filter.ContextInjectFilter.doFilter(ContextInjectFilter.java:60) ~[classes/:?]
	at io.undertow.servlet.core.ManagedFilter.doFilter(ManagedFilter.java:61) ~[undertow-servlet-2.1.7.Final.jar:2.1.7.Final]
	at io.undertow.servlet.handlers.FilterHandler$FilterChainImpl.doFilter(FilterHandler.java:131) ~[undertow-servlet-2.1.7.Final.jar:2.1.7.Final]
	at io.undertow.servlet.handlers.FilterHandler.handleRequest(FilterHandler.java:84) ~[undertow-servlet-2.1.7.Final.jar:2.1.7.Final]
	at io.undertow.servlet.handlers.security.ServletSecurityRoleHandler.handleRequest(ServletSecurityRoleHandler.java:62) ~[undertow-servlet-2.1.7.Final.jar:2.1.7.Final]
	at io.undertow.servlet.handlers.ServletChain$1.handleRequest(ServletChain.java:68) ~[undertow-servlet-2.1.7.Final.jar:2.1.7.Final]
	at io.undertow.servlet.handlers.ServletDispatchingHandler.handleRequest(ServletDispatchingHandler.java:36) ~[undertow-servlet-2.1.7.Final.jar:2.1.7.Final]
	at io.undertow.servlet.handlers.RedirectDirHandler.handleRequest(RedirectDirHandler.java:68) ~[undertow-servlet-2.1.7.Final.jar:2.1.7.Final]
	at io.undertow.servlet.handlers.security.SSLInformationAssociationHandler.handleRequest(SSLInformationAssociationHandler.java:111) ~[undertow-servlet-2.1.7.Final.jar:2.1.7.Final]
	at io.undertow.servlet.handlers.security.ServletAuthenticationCallHandler.handleRequest(ServletAuthenticationCallHandler.java:57) ~[undertow-servlet-2.1.7.Final.jar:2.1.7.Final]
	at io.undertow.server.handlers.PredicateHandler.handleRequest(PredicateHandler.java:43) ~[undertow-core-2.1.7.Final.jar:2.1.7.Final]
	at io.undertow.security.handlers.AbstractConfidentialityHandler.handleRequest(AbstractConfidentialityHandler.java:46) ~[undertow-core-2.1.7.Final.jar:2.1.7.Final]
	at io.undertow.servlet.handlers.security.ServletConfidentialityConstraintHandler.handleRequest(ServletConfidentialityConstraintHandler.java:64) ~[undertow-servlet-2.1.7.Final.jar:2.1.7.Final]
	at io.undertow.security.handlers.AuthenticationMechanismsHandler.handleRequest(AuthenticationMechanismsHandler.java:60) ~[undertow-core-2.1.7.Final.jar:2.1.7.Final]
	at io.undertow.servlet.handlers.security.CachedAuthenticatedSessionHandler.handleRequest(CachedAuthenticatedSessionHandler.java:77) ~[undertow-servlet-2.1.7.Final.jar:2.1.7.Final]
	at io.undertow.security.handlers.AbstractSecurityContextAssociationHandler.handleRequest(AbstractSecurityContextAssociationHandler.java:43) ~[undertow-core-2.1.7.Final.jar:2.1.7.Final]
	at io.undertow.server.handlers.PredicateHandler.handleRequest(PredicateHandler.java:43) ~[undertow-core-2.1.7.Final.jar:2.1.7.Final]
	at io.undertow.server.handlers.PredicateHandler.handleRequest(PredicateHandler.java:43) ~[undertow-core-2.1.7.Final.jar:2.1.7.Final]
	at io.undertow.servlet.handlers.ServletInitialHandler.handleFirstRequest(ServletInitialHandler.java:269) ~[undertow-servlet-2.1.7.Final.jar:2.1.7.Final]
	at io.undertow.servlet.handlers.ServletInitialHandler.access$100(ServletInitialHandler.java:78) ~[undertow-servlet-2.1.7.Final.jar:2.1.7.Final]
	at io.undertow.servlet.handlers.ServletInitialHandler$2.call(ServletInitialHandler.java:133) ~[undertow-servlet-2.1.7.Final.jar:2.1.7.Final]
	at io.undertow.servlet.handlers.ServletInitialHandler$2.call(ServletInitialHandler.java:130) ~[undertow-servlet-2.1.7.Final.jar:2.1.7.Final]
	at io.undertow.servlet.core.ServletRequestContextThreadSetupAction$1.call(ServletRequestContextThreadSetupAction.java:48) ~[undertow-servlet-2.1.7.Final.jar:2.1.7.Final]
	at io.undertow.servlet.core.ContextClassLoaderSetupAction$1.call(ContextClassLoaderSetupAction.java:43) ~[undertow-servlet-2.1.7.Final.jar:2.1.7.Final]
	at io.undertow.servlet.handlers.ServletInitialHandler.dispatchRequest(ServletInitialHandler.java:249) ~[undertow-servlet-2.1.7.Final.jar:2.1.7.Final]
	at io.undertow.servlet.handlers.ServletInitialHandler.access$000(ServletInitialHandler.java:78) ~[undertow-servlet-2.1.7.Final.jar:2.1.7.Final]
	at io.undertow.servlet.handlers.ServletInitialHandler$1.handleRequest(ServletInitialHandler.java:99) ~[undertow-servlet-2.1.7.Final.jar:2.1.7.Final]
	at io.undertow.server.Connectors.executeRootHandler(Connectors.java:390) ~[undertow-core-2.1.7.Final.jar:2.1.7.Final]
	at io.undertow.server.HttpServerExchange$1.run(HttpServerExchange.java:836) ~[undertow-core-2.1.7.Final.jar:2.1.7.Final]
	at org.jboss.threads.ContextClassLoaderSavingRunnable.run(ContextClassLoaderSavingRunnable.java:35) ~[jboss-threads-3.1.0.Final.jar:3.1.0.Final]
	at org.jboss.threads.EnhancedQueueExecutor.safeRun(EnhancedQueueExecutor.java:2019) ~[jboss-threads-3.1.0.Final.jar:3.1.0.Final]
	at org.jboss.threads.EnhancedQueueExecutor$ThreadBody.doRunTask(EnhancedQueueExecutor.java:1558) ~[jboss-threads-3.1.0.Final.jar:3.1.0.Final]
	at org.jboss.threads.EnhancedQueueExecutor$ThreadBody.run(EnhancedQueueExecutor.java:1423) ~[jboss-threads-3.1.0.Final.jar:3.1.0.Final]
	at java.lang.Thread.run(Thread.java:748) [?:1.8.0_241]
2023-08-28 15:23:41.173 WARN  XNIO-1 task-1 TID:  com.youneng.troy.template.web.handler.GlobalRequestExceptionHandler - paramsException
org.springframework.web.bind.MethodArgumentNotValidException: Validation failed for argument [0] in public com.youneng.seal.api.resp.ObjectResults<java.lang.Void> com.youneng.troy.template.web.controller.DemoController.hello(com.youneng.troy.template.web.param.DemoParam): [Field error in object 'demoParam' on field 'name': rejected value [123456789101111]; codes [Length.demoParam.name,Length.name,Length.java.lang.String,Length]; arguments [org.springframework.context.support.DefaultMessageSourceResolvable: codes [demoParam.name,name]; arguments []; default message [name],10,1]; default message [长度需要在1和10之间]] 
	at org.springframework.web.servlet.mvc.method.annotation.RequestResponseBodyMethodProcessor.resolveArgument(RequestResponseBodyMethodProcessor.java:139) ~[spring-webmvc-5.2.15.RELEASE.jar:5.2.15.RELEASE]
	at org.springframework.web.method.support.HandlerMethodArgumentResolverComposite.resolveArgument(HandlerMethodArgumentResolverComposite.java:121) ~[spring-web-5.2.15.RELEASE.jar:5.2.15.RELEASE]
	at org.springframework.web.method.support.InvocableHandlerMethod.getMethodArgumentValues(InvocableHandlerMethod.java:167) ~[spring-web-5.2.15.RELEASE.jar:5.2.15.RELEASE]
	at org.springframework.web.method.support.InvocableHandlerMethod.invokeForRequest(InvocableHandlerMethod.java:134) ~[spring-web-5.2.15.RELEASE.jar:5.2.15.RELEASE]
	at org.springframework.web.servlet.mvc.method.annotation.ServletInvocableHandlerMethod.invokeAndHandle(ServletInvocableHandlerMethod.java:105) ~[spring-webmvc-5.2.15.RELEASE.jar:5.2.15.RELEASE]
	at org.springframework.web.servlet.mvc.method.annotation.RequestMappingHandlerAdapter.invokeHandlerMethod(RequestMappingHandlerAdapter.java:878) ~[spring-webmvc-5.2.15.RELEASE.jar:5.2.15.RELEASE]
	at org.springframework.web.servlet.mvc.method.annotation.RequestMappingHandlerAdapter.handleInternal(RequestMappingHandlerAdapter.java:792) ~[spring-webmvc-5.2.15.RELEASE.jar:5.2.15.RELEASE]
	at org.springframework.web.servlet.mvc.method.AbstractHandlerMethodAdapter.handle(AbstractHandlerMethodAdapter.java:87) ~[spring-webmvc-5.2.15.RELEASE.jar:5.2.15.RELEASE]
	at org.springframework.web.servlet.DispatcherServlet.doDispatch(DispatcherServlet.java:1040) ~[spring-webmvc-5.2.15.RELEASE.jar:5.2.15.RELEASE]
	at org.springframework.web.servlet.DispatcherServlet.doService(DispatcherServlet.java:943) ~[spring-webmvc-5.2.15.RELEASE.jar:5.2.15.RELEASE]
	at org.springframework.web.servlet.FrameworkServlet.processRequest(FrameworkServlet.java:1006) ~[spring-webmvc-5.2.15.RELEASE.jar:5.2.15.RELEASE]
	at org.springframework.web.servlet.FrameworkServlet.doPost(FrameworkServlet.java:909) ~[spring-webmvc-5.2.15.RELEASE.jar:5.2.15.RELEASE]
	at javax.servlet.http.HttpServlet.service(HttpServlet.java:517) ~[jakarta.servlet-api-4.0.4.jar:4.0.4]
	at org.springframework.web.servlet.FrameworkServlet.service(FrameworkServlet.java:883) ~[spring-webmvc-5.2.15.RELEASE.jar:5.2.15.RELEASE]
	at javax.servlet.http.HttpServlet.service(HttpServlet.java:584) ~[jakarta.servlet-api-4.0.4.jar:4.0.4]
	at io.undertow.servlet.handlers.ServletHandler.handleRequest(ServletHandler.java:74) ~[undertow-servlet-2.1.7.Final.jar:2.1.7.Final]
	at io.undertow.servlet.handlers.FilterHandler$FilterChainImpl.doFilter(FilterHandler.java:129) ~[undertow-servlet-2.1.7.Final.jar:2.1.7.Final]
	at com.youneng.troy.template.web.filter.TraceIdInjectFilter.doFilter(TraceIdInjectFilter.java:30) ~[classes/:?]
	at io.undertow.servlet.core.ManagedFilter.doFilter(ManagedFilter.java:61) ~[undertow-servlet-2.1.7.Final.jar:2.1.7.Final]
	at io.undertow.servlet.handlers.FilterHandler$FilterChainImpl.doFilter(FilterHandler.java:131) ~[undertow-servlet-2.1.7.Final.jar:2.1.7.Final]
	at com.alibaba.druid.support.http.WebStatFilter.doFilter(WebStatFilter.java:123) ~[druid-1.1.9.jar:1.1.9]
	at io.undertow.servlet.core.ManagedFilter.doFilter(ManagedFilter.java:61) ~[undertow-servlet-2.1.7.Final.jar:2.1.7.Final]
	at io.undertow.servlet.handlers.FilterHandler$FilterChainImpl.doFilter(FilterHandler.java:131) ~[undertow-servlet-2.1.7.Final.jar:2.1.7.Final]
	at org.springframework.web.filter.RequestContextFilter.doFilterInternal(RequestContextFilter.java:100) ~[spring-web-5.2.15.RELEASE.jar:5.2.15.RELEASE]
	at org.springframework.web.filter.OncePerRequestFilter.doFilter(OncePerRequestFilter.java:119) ~[spring-web-5.2.15.RELEASE.jar:5.2.15.RELEASE]
	at io.undertow.servlet.core.ManagedFilter.doFilter(ManagedFilter.java:61) ~[undertow-servlet-2.1.7.Final.jar:2.1.7.Final]
	at io.undertow.servlet.handlers.FilterHandler$FilterChainImpl.doFilter(FilterHandler.java:131) ~[undertow-servlet-2.1.7.Final.jar:2.1.7.Final]
	at org.springframework.web.filter.FormContentFilter.doFilterInternal(FormContentFilter.java:93) ~[spring-web-5.2.15.RELEASE.jar:5.2.15.RELEASE]
	at org.springframework.web.filter.OncePerRequestFilter.doFilter(OncePerRequestFilter.java:119) ~[spring-web-5.2.15.RELEASE.jar:5.2.15.RELEASE]
	at io.undertow.servlet.core.ManagedFilter.doFilter(ManagedFilter.java:61) ~[undertow-servlet-2.1.7.Final.jar:2.1.7.Final]
	at io.undertow.servlet.handlers.FilterHandler$FilterChainImpl.doFilter(FilterHandler.java:131) ~[undertow-servlet-2.1.7.Final.jar:2.1.7.Final]
	at com.xdf.pscommon.filter.RepeatableFilter.doFilter(RepeatableFilter.java:48) ~[base-filter-starter-1.3.3-20210820.103829-1.jar:1.3.3-SNAPSHOT]
	at io.undertow.servlet.core.ManagedFilter.doFilter(ManagedFilter.java:61) ~[undertow-servlet-2.1.7.Final.jar:2.1.7.Final]
	at io.undertow.servlet.handlers.FilterHandler$FilterChainImpl.doFilter(FilterHandler.java:131) ~[undertow-servlet-2.1.7.Final.jar:2.1.7.Final]
	at org.springframework.boot.actuate.metrics.web.servlet.WebMvcMetricsFilter.doFilterInternal(WebMvcMetricsFilter.java:97) ~[spring-boot-actuator-2.3.12.RELEASE.jar:2.3.12.RELEASE]
	at org.springframework.web.filter.OncePerRequestFilter.doFilter(OncePerRequestFilter.java:119) ~[spring-web-5.2.15.RELEASE.jar:5.2.15.RELEASE]
	at io.undertow.servlet.core.ManagedFilter.doFilter(ManagedFilter.java:61) ~[undertow-servlet-2.1.7.Final.jar:2.1.7.Final]
	at io.undertow.servlet.handlers.FilterHandler$FilterChainImpl.doFilter(FilterHandler.java:131) ~[undertow-servlet-2.1.7.Final.jar:2.1.7.Final]
	at org.springframework.web.filter.CharacterEncodingFilter.doFilterInternal(CharacterEncodingFilter.java:201) ~[spring-web-5.2.15.RELEASE.jar:5.2.15.RELEASE]
	at org.springframework.web.filter.OncePerRequestFilter.doFilter(OncePerRequestFilter.java:119) ~[spring-web-5.2.15.RELEASE.jar:5.2.15.RELEASE]
	at io.undertow.servlet.core.ManagedFilter.doFilter(ManagedFilter.java:61) ~[undertow-servlet-2.1.7.Final.jar:2.1.7.Final]
	at io.undertow.servlet.handlers.FilterHandler$FilterChainImpl.doFilter(FilterHandler.java:131) ~[undertow-servlet-2.1.7.Final.jar:2.1.7.Final]
	at com.xdf.pscommon.filter.EnvFilter.doFilter(EnvFilter.java:51) ~[base-filter-starter-1.3.3-20210820.103829-1.jar:1.3.3-SNAPSHOT]
	at io.undertow.servlet.core.ManagedFilter.doFilter(ManagedFilter.java:61) ~[undertow-servlet-2.1.7.Final.jar:2.1.7.Final]
	at io.undertow.servlet.handlers.FilterHandler$FilterChainImpl.doFilter(FilterHandler.java:131) ~[undertow-servlet-2.1.7.Final.jar:2.1.7.Final]
	at com.youneng.troy.template.web.filter.ContextInjectFilter.doFilter(ContextInjectFilter.java:60) ~[classes/:?]
	at io.undertow.servlet.core.ManagedFilter.doFilter(ManagedFilter.java:61) ~[undertow-servlet-2.1.7.Final.jar:2.1.7.Final]
	at io.undertow.servlet.handlers.FilterHandler$FilterChainImpl.doFilter(FilterHandler.java:131) ~[undertow-servlet-2.1.7.Final.jar:2.1.7.Final]
	at io.undertow.servlet.handlers.FilterHandler.handleRequest(FilterHandler.java:84) ~[undertow-servlet-2.1.7.Final.jar:2.1.7.Final]
	at io.undertow.servlet.handlers.security.ServletSecurityRoleHandler.handleRequest(ServletSecurityRoleHandler.java:62) ~[undertow-servlet-2.1.7.Final.jar:2.1.7.Final]
	at io.undertow.servlet.handlers.ServletChain$1.handleRequest(ServletChain.java:68) ~[undertow-servlet-2.1.7.Final.jar:2.1.7.Final]
	at io.undertow.servlet.handlers.ServletDispatchingHandler.handleRequest(ServletDispatchingHandler.java:36) ~[undertow-servlet-2.1.7.Final.jar:2.1.7.Final]
	at io.undertow.servlet.handlers.RedirectDirHandler.handleRequest(RedirectDirHandler.java:68) ~[undertow-servlet-2.1.7.Final.jar:2.1.7.Final]
	at io.undertow.servlet.handlers.security.SSLInformationAssociationHandler.handleRequest(SSLInformationAssociationHandler.java:111) ~[undertow-servlet-2.1.7.Final.jar:2.1.7.Final]
	at io.undertow.servlet.handlers.security.ServletAuthenticationCallHandler.handleRequest(ServletAuthenticationCallHandler.java:57) ~[undertow-servlet-2.1.7.Final.jar:2.1.7.Final]
	at io.undertow.server.handlers.PredicateHandler.handleRequest(PredicateHandler.java:43) ~[undertow-core-2.1.7.Final.jar:2.1.7.Final]
	at io.undertow.security.handlers.AbstractConfidentialityHandler.handleRequest(AbstractConfidentialityHandler.java:46) ~[undertow-core-2.1.7.Final.jar:2.1.7.Final]
	at io.undertow.servlet.handlers.security.ServletConfidentialityConstraintHandler.handleRequest(ServletConfidentialityConstraintHandler.java:64) ~[undertow-servlet-2.1.7.Final.jar:2.1.7.Final]
	at io.undertow.security.handlers.AuthenticationMechanismsHandler.handleRequest(AuthenticationMechanismsHandler.java:60) ~[undertow-core-2.1.7.Final.jar:2.1.7.Final]
	at io.undertow.servlet.handlers.security.CachedAuthenticatedSessionHandler.handleRequest(CachedAuthenticatedSessionHandler.java:77) ~[undertow-servlet-2.1.7.Final.jar:2.1.7.Final]
	at io.undertow.security.handlers.AbstractSecurityContextAssociationHandler.handleRequest(AbstractSecurityContextAssociationHandler.java:43) ~[undertow-core-2.1.7.Final.jar:2.1.7.Final]
	at io.undertow.server.handlers.PredicateHandler.handleRequest(PredicateHandler.java:43) ~[undertow-core-2.1.7.Final.jar:2.1.7.Final]
	at io.undertow.server.handlers.PredicateHandler.handleRequest(PredicateHandler.java:43) ~[undertow-core-2.1.7.Final.jar:2.1.7.Final]
	at io.undertow.servlet.handlers.ServletInitialHandler.handleFirstRequest(ServletInitialHandler.java:269) ~[undertow-servlet-2.1.7.Final.jar:2.1.7.Final]
	at io.undertow.servlet.handlers.ServletInitialHandler.access$100(ServletInitialHandler.java:78) ~[undertow-servlet-2.1.7.Final.jar:2.1.7.Final]
	at io.undertow.servlet.handlers.ServletInitialHandler$2.call(ServletInitialHandler.java:133) ~[undertow-servlet-2.1.7.Final.jar:2.1.7.Final]
	at io.undertow.servlet.handlers.ServletInitialHandler$2.call(ServletInitialHandler.java:130) ~[undertow-servlet-2.1.7.Final.jar:2.1.7.Final]
	at io.undertow.servlet.core.ServletRequestContextThreadSetupAction$1.call(ServletRequestContextThreadSetupAction.java:48) ~[undertow-servlet-2.1.7.Final.jar:2.1.7.Final]
	at io.undertow.servlet.core.ContextClassLoaderSetupAction$1.call(ContextClassLoaderSetupAction.java:43) ~[undertow-servlet-2.1.7.Final.jar:2.1.7.Final]
	at io.undertow.servlet.handlers.ServletInitialHandler.dispatchRequest(ServletInitialHandler.java:249) ~[undertow-servlet-2.1.7.Final.jar:2.1.7.Final]
	at io.undertow.servlet.handlers.ServletInitialHandler.access$000(ServletInitialHandler.java:78) ~[undertow-servlet-2.1.7.Final.jar:2.1.7.Final]
	at io.undertow.servlet.handlers.ServletInitialHandler$1.handleRequest(ServletInitialHandler.java:99) ~[undertow-servlet-2.1.7.Final.jar:2.1.7.Final]
	at io.undertow.server.Connectors.executeRootHandler(Connectors.java:390) ~[undertow-core-2.1.7.Final.jar:2.1.7.Final]
	at io.undertow.server.HttpServerExchange$1.run(HttpServerExchange.java:836) ~[undertow-core-2.1.7.Final.jar:2.1.7.Final]
	at org.jboss.threads.ContextClassLoaderSavingRunnable.run(ContextClassLoaderSavingRunnable.java:35) ~[jboss-threads-3.1.0.Final.jar:3.1.0.Final]
	at org.jboss.threads.EnhancedQueueExecutor.safeRun(EnhancedQueueExecutor.java:2019) ~[jboss-threads-3.1.0.Final.jar:3.1.0.Final]
	at org.jboss.threads.EnhancedQueueExecutor$ThreadBody.doRunTask(EnhancedQueueExecutor.java:1558) ~[jboss-threads-3.1.0.Final.jar:3.1.0.Final]
	at org.jboss.threads.EnhancedQueueExecutor$ThreadBody.run(EnhancedQueueExecutor.java:1449) ~[jboss-threads-3.1.0.Final.jar:3.1.0.Final]
	at java.lang.Thread.run(Thread.java:748) [?:1.8.0_241]
2023-08-28 15:23:41.287 WARN  XNIO-1 task-1 TID:  com.youneng.troy.template.web.handler.GlobalRequestExceptionHandler - paramsException
org.springframework.web.bind.MethodArgumentNotValidException: Validation failed for argument [0] in public com.youneng.seal.api.resp.ObjectResults<java.lang.Void> com.youneng.troy.template.web.controller.DemoController.hello(com.youneng.troy.template.web.param.DemoParam): [Field error in object 'demoParam' on field 'id': rejected value [null]; codes [NotNull.demoParam.id,NotNull.id,NotNull.java.lang.Long,NotNull]; arguments [org.springframework.context.support.DefaultMessageSourceResolvable: codes [demoParam.id,id]; arguments []; default message [id]]; default message [不能为null]] 
	at org.springframework.web.servlet.mvc.method.annotation.RequestResponseBodyMethodProcessor.resolveArgument(RequestResponseBodyMethodProcessor.java:139) ~[spring-webmvc-5.2.15.RELEASE.jar:5.2.15.RELEASE]
	at org.springframework.web.method.support.HandlerMethodArgumentResolverComposite.resolveArgument(HandlerMethodArgumentResolverComposite.java:121) ~[spring-web-5.2.15.RELEASE.jar:5.2.15.RELEASE]
	at org.springframework.web.method.support.InvocableHandlerMethod.getMethodArgumentValues(InvocableHandlerMethod.java:167) ~[spring-web-5.2.15.RELEASE.jar:5.2.15.RELEASE]
	at org.springframework.web.method.support.InvocableHandlerMethod.invokeForRequest(InvocableHandlerMethod.java:134) ~[spring-web-5.2.15.RELEASE.jar:5.2.15.RELEASE]
	at org.springframework.web.servlet.mvc.method.annotation.ServletInvocableHandlerMethod.invokeAndHandle(ServletInvocableHandlerMethod.java:105) ~[spring-webmvc-5.2.15.RELEASE.jar:5.2.15.RELEASE]
	at org.springframework.web.servlet.mvc.method.annotation.RequestMappingHandlerAdapter.invokeHandlerMethod(RequestMappingHandlerAdapter.java:878) ~[spring-webmvc-5.2.15.RELEASE.jar:5.2.15.RELEASE]
	at org.springframework.web.servlet.mvc.method.annotation.RequestMappingHandlerAdapter.handleInternal(RequestMappingHandlerAdapter.java:792) ~[spring-webmvc-5.2.15.RELEASE.jar:5.2.15.RELEASE]
	at org.springframework.web.servlet.mvc.method.AbstractHandlerMethodAdapter.handle(AbstractHandlerMethodAdapter.java:87) ~[spring-webmvc-5.2.15.RELEASE.jar:5.2.15.RELEASE]
	at org.springframework.web.servlet.DispatcherServlet.doDispatch(DispatcherServlet.java:1040) ~[spring-webmvc-5.2.15.RELEASE.jar:5.2.15.RELEASE]
	at org.springframework.web.servlet.DispatcherServlet.doService(DispatcherServlet.java:943) ~[spring-webmvc-5.2.15.RELEASE.jar:5.2.15.RELEASE]
	at org.springframework.web.servlet.FrameworkServlet.processRequest(FrameworkServlet.java:1006) ~[spring-webmvc-5.2.15.RELEASE.jar:5.2.15.RELEASE]
	at org.springframework.web.servlet.FrameworkServlet.doPost(FrameworkServlet.java:909) ~[spring-webmvc-5.2.15.RELEASE.jar:5.2.15.RELEASE]
	at javax.servlet.http.HttpServlet.service(HttpServlet.java:517) ~[jakarta.servlet-api-4.0.4.jar:4.0.4]
	at org.springframework.web.servlet.FrameworkServlet.service(FrameworkServlet.java:883) ~[spring-webmvc-5.2.15.RELEASE.jar:5.2.15.RELEASE]
	at javax.servlet.http.HttpServlet.service(HttpServlet.java:584) ~[jakarta.servlet-api-4.0.4.jar:4.0.4]
	at io.undertow.servlet.handlers.ServletHandler.handleRequest(ServletHandler.java:74) ~[undertow-servlet-2.1.7.Final.jar:2.1.7.Final]
	at io.undertow.servlet.handlers.FilterHandler$FilterChainImpl.doFilter(FilterHandler.java:129) ~[undertow-servlet-2.1.7.Final.jar:2.1.7.Final]
	at com.youneng.troy.template.web.filter.TraceIdInjectFilter.doFilter(TraceIdInjectFilter.java:30) ~[classes/:?]
	at io.undertow.servlet.core.ManagedFilter.doFilter(ManagedFilter.java:61) ~[undertow-servlet-2.1.7.Final.jar:2.1.7.Final]
	at io.undertow.servlet.handlers.FilterHandler$FilterChainImpl.doFilter(FilterHandler.java:131) ~[undertow-servlet-2.1.7.Final.jar:2.1.7.Final]
	at com.alibaba.druid.support.http.WebStatFilter.doFilter(WebStatFilter.java:123) ~[druid-1.1.9.jar:1.1.9]
	at io.undertow.servlet.core.ManagedFilter.doFilter(ManagedFilter.java:61) ~[undertow-servlet-2.1.7.Final.jar:2.1.7.Final]
	at io.undertow.servlet.handlers.FilterHandler$FilterChainImpl.doFilter(FilterHandler.java:131) ~[undertow-servlet-2.1.7.Final.jar:2.1.7.Final]
	at org.springframework.web.filter.RequestContextFilter.doFilterInternal(RequestContextFilter.java:100) ~[spring-web-5.2.15.RELEASE.jar:5.2.15.RELEASE]
	at org.springframework.web.filter.OncePerRequestFilter.doFilter(OncePerRequestFilter.java:119) ~[spring-web-5.2.15.RELEASE.jar:5.2.15.RELEASE]
	at io.undertow.servlet.core.ManagedFilter.doFilter(ManagedFilter.java:61) ~[undertow-servlet-2.1.7.Final.jar:2.1.7.Final]
	at io.undertow.servlet.handlers.FilterHandler$FilterChainImpl.doFilter(FilterHandler.java:131) ~[undertow-servlet-2.1.7.Final.jar:2.1.7.Final]
	at org.springframework.web.filter.FormContentFilter.doFilterInternal(FormContentFilter.java:93) ~[spring-web-5.2.15.RELEASE.jar:5.2.15.RELEASE]
	at org.springframework.web.filter.OncePerRequestFilter.doFilter(OncePerRequestFilter.java:119) ~[spring-web-5.2.15.RELEASE.jar:5.2.15.RELEASE]
	at io.undertow.servlet.core.ManagedFilter.doFilter(ManagedFilter.java:61) ~[undertow-servlet-2.1.7.Final.jar:2.1.7.Final]
	at io.undertow.servlet.handlers.FilterHandler$FilterChainImpl.doFilter(FilterHandler.java:131) ~[undertow-servlet-2.1.7.Final.jar:2.1.7.Final]
	at com.xdf.pscommon.filter.RepeatableFilter.doFilter(RepeatableFilter.java:48) ~[base-filter-starter-1.3.3-20210820.103829-1.jar:1.3.3-SNAPSHOT]
	at io.undertow.servlet.core.ManagedFilter.doFilter(ManagedFilter.java:61) ~[undertow-servlet-2.1.7.Final.jar:2.1.7.Final]
	at io.undertow.servlet.handlers.FilterHandler$FilterChainImpl.doFilter(FilterHandler.java:131) ~[undertow-servlet-2.1.7.Final.jar:2.1.7.Final]
	at org.springframework.boot.actuate.metrics.web.servlet.WebMvcMetricsFilter.doFilterInternal(WebMvcMetricsFilter.java:97) ~[spring-boot-actuator-2.3.12.RELEASE.jar:2.3.12.RELEASE]
	at org.springframework.web.filter.OncePerRequestFilter.doFilter(OncePerRequestFilter.java:119) ~[spring-web-5.2.15.RELEASE.jar:5.2.15.RELEASE]
	at io.undertow.servlet.core.ManagedFilter.doFilter(ManagedFilter.java:61) ~[undertow-servlet-2.1.7.Final.jar:2.1.7.Final]
	at io.undertow.servlet.handlers.FilterHandler$FilterChainImpl.doFilter(FilterHandler.java:131) ~[undertow-servlet-2.1.7.Final.jar:2.1.7.Final]
	at org.springframework.web.filter.CharacterEncodingFilter.doFilterInternal(CharacterEncodingFilter.java:201) ~[spring-web-5.2.15.RELEASE.jar:5.2.15.RELEASE]
	at org.springframework.web.filter.OncePerRequestFilter.doFilter(OncePerRequestFilter.java:119) ~[spring-web-5.2.15.RELEASE.jar:5.2.15.RELEASE]
	at io.undertow.servlet.core.ManagedFilter.doFilter(ManagedFilter.java:61) ~[undertow-servlet-2.1.7.Final.jar:2.1.7.Final]
	at io.undertow.servlet.handlers.FilterHandler$FilterChainImpl.doFilter(FilterHandler.java:131) ~[undertow-servlet-2.1.7.Final.jar:2.1.7.Final]
	at com.xdf.pscommon.filter.EnvFilter.doFilter(EnvFilter.java:51) ~[base-filter-starter-1.3.3-20210820.103829-1.jar:1.3.3-SNAPSHOT]
	at io.undertow.servlet.core.ManagedFilter.doFilter(ManagedFilter.java:61) ~[undertow-servlet-2.1.7.Final.jar:2.1.7.Final]
	at io.undertow.servlet.handlers.FilterHandler$FilterChainImpl.doFilter(FilterHandler.java:131) ~[undertow-servlet-2.1.7.Final.jar:2.1.7.Final]
	at com.youneng.troy.template.web.filter.ContextInjectFilter.doFilter(ContextInjectFilter.java:60) ~[classes/:?]
	at io.undertow.servlet.core.ManagedFilter.doFilter(ManagedFilter.java:61) ~[undertow-servlet-2.1.7.Final.jar:2.1.7.Final]
	at io.undertow.servlet.handlers.FilterHandler$FilterChainImpl.doFilter(FilterHandler.java:131) ~[undertow-servlet-2.1.7.Final.jar:2.1.7.Final]
	at io.undertow.servlet.handlers.FilterHandler.handleRequest(FilterHandler.java:84) ~[undertow-servlet-2.1.7.Final.jar:2.1.7.Final]
	at io.undertow.servlet.handlers.security.ServletSecurityRoleHandler.handleRequest(ServletSecurityRoleHandler.java:62) ~[undertow-servlet-2.1.7.Final.jar:2.1.7.Final]
	at io.undertow.servlet.handlers.ServletChain$1.handleRequest(ServletChain.java:68) ~[undertow-servlet-2.1.7.Final.jar:2.1.7.Final]
	at io.undertow.servlet.handlers.ServletDispatchingHandler.handleRequest(ServletDispatchingHandler.java:36) ~[undertow-servlet-2.1.7.Final.jar:2.1.7.Final]
	at io.undertow.servlet.handlers.RedirectDirHandler.handleRequest(RedirectDirHandler.java:68) ~[undertow-servlet-2.1.7.Final.jar:2.1.7.Final]
	at io.undertow.servlet.handlers.security.SSLInformationAssociationHandler.handleRequest(SSLInformationAssociationHandler.java:111) ~[undertow-servlet-2.1.7.Final.jar:2.1.7.Final]
	at io.undertow.servlet.handlers.security.ServletAuthenticationCallHandler.handleRequest(ServletAuthenticationCallHandler.java:57) ~[undertow-servlet-2.1.7.Final.jar:2.1.7.Final]
	at io.undertow.server.handlers.PredicateHandler.handleRequest(PredicateHandler.java:43) ~[undertow-core-2.1.7.Final.jar:2.1.7.Final]
	at io.undertow.security.handlers.AbstractConfidentialityHandler.handleRequest(AbstractConfidentialityHandler.java:46) ~[undertow-core-2.1.7.Final.jar:2.1.7.Final]
	at io.undertow.servlet.handlers.security.ServletConfidentialityConstraintHandler.handleRequest(ServletConfidentialityConstraintHandler.java:64) ~[undertow-servlet-2.1.7.Final.jar:2.1.7.Final]
	at io.undertow.security.handlers.AuthenticationMechanismsHandler.handleRequest(AuthenticationMechanismsHandler.java:60) ~[undertow-core-2.1.7.Final.jar:2.1.7.Final]
	at io.undertow.servlet.handlers.security.CachedAuthenticatedSessionHandler.handleRequest(CachedAuthenticatedSessionHandler.java:77) ~[undertow-servlet-2.1.7.Final.jar:2.1.7.Final]
	at io.undertow.security.handlers.AbstractSecurityContextAssociationHandler.handleRequest(AbstractSecurityContextAssociationHandler.java:43) ~[undertow-core-2.1.7.Final.jar:2.1.7.Final]
	at io.undertow.server.handlers.PredicateHandler.handleRequest(PredicateHandler.java:43) ~[undertow-core-2.1.7.Final.jar:2.1.7.Final]
	at io.undertow.server.handlers.PredicateHandler.handleRequest(PredicateHandler.java:43) ~[undertow-core-2.1.7.Final.jar:2.1.7.Final]
	at io.undertow.servlet.handlers.ServletInitialHandler.handleFirstRequest(ServletInitialHandler.java:269) ~[undertow-servlet-2.1.7.Final.jar:2.1.7.Final]
	at io.undertow.servlet.handlers.ServletInitialHandler.access$100(ServletInitialHandler.java:78) ~[undertow-servlet-2.1.7.Final.jar:2.1.7.Final]
	at io.undertow.servlet.handlers.ServletInitialHandler$2.call(ServletInitialHandler.java:133) ~[undertow-servlet-2.1.7.Final.jar:2.1.7.Final]
	at io.undertow.servlet.handlers.ServletInitialHandler$2.call(ServletInitialHandler.java:130) ~[undertow-servlet-2.1.7.Final.jar:2.1.7.Final]
	at io.undertow.servlet.core.ServletRequestContextThreadSetupAction$1.call(ServletRequestContextThreadSetupAction.java:48) ~[undertow-servlet-2.1.7.Final.jar:2.1.7.Final]
	at io.undertow.servlet.core.ContextClassLoaderSetupAction$1.call(ContextClassLoaderSetupAction.java:43) ~[undertow-servlet-2.1.7.Final.jar:2.1.7.Final]
	at io.undertow.servlet.handlers.ServletInitialHandler.dispatchRequest(ServletInitialHandler.java:249) ~[undertow-servlet-2.1.7.Final.jar:2.1.7.Final]
	at io.undertow.servlet.handlers.ServletInitialHandler.access$000(ServletInitialHandler.java:78) ~[undertow-servlet-2.1.7.Final.jar:2.1.7.Final]
	at io.undertow.servlet.handlers.ServletInitialHandler$1.handleRequest(ServletInitialHandler.java:99) ~[undertow-servlet-2.1.7.Final.jar:2.1.7.Final]
	at io.undertow.server.Connectors.executeRootHandler(Connectors.java:390) ~[undertow-core-2.1.7.Final.jar:2.1.7.Final]
	at io.undertow.server.HttpServerExchange$1.run(HttpServerExchange.java:836) ~[undertow-core-2.1.7.Final.jar:2.1.7.Final]
	at org.jboss.threads.ContextClassLoaderSavingRunnable.run(ContextClassLoaderSavingRunnable.java:35) ~[jboss-threads-3.1.0.Final.jar:3.1.0.Final]
	at org.jboss.threads.EnhancedQueueExecutor.safeRun(EnhancedQueueExecutor.java:2019) ~[jboss-threads-3.1.0.Final.jar:3.1.0.Final]
	at org.jboss.threads.EnhancedQueueExecutor$ThreadBody.doRunTask(EnhancedQueueExecutor.java:1558) ~[jboss-threads-3.1.0.Final.jar:3.1.0.Final]
	at org.jboss.threads.EnhancedQueueExecutor$ThreadBody.run(EnhancedQueueExecutor.java:1449) ~[jboss-threads-3.1.0.Final.jar:3.1.0.Final]
	at java.lang.Thread.run(Thread.java:748) [?:1.8.0_241]
2023-08-28 15:23:41.303 WARN  Thread-5 com.alibaba.nacos.common.http.HttpClientBeanHolder TID:  - [HttpClientBeanHolder] Start destroying common HttpClient
2023-08-28 15:23:41.304 WARN  Thread-5 com.alibaba.nacos.common.http.HttpClientBeanHolder TID:  - [HttpClientBeanHolder] Destruction of the end
